cluster,cluster_size,uncertainty,centroid_uncertainty,host_entropy,short_entropy,time_span,true_attack_alerts,true_attack_ratio
58,1,0.65,1.0,-0.0,-0.0,0.0,0,0.0
7,1,0.65,1.0,-0.0,-0.0,0.0,0,0.0
6,1,0.65,1.0,-0.0,-0.0,0.0,0,0.0
2,1,0.65,1.0,-0.0,-0.0,0.0,0,0.0
1,1,0.65,1.0,-0.0,-0.0,0.0,0,0.0
9403,1,0.65,1.0,-0.0,-0.0,0.0,0,0.0
9404,1,0.65,1.0,-0.0,-0.0,0.0,0,0.0
15,1,0.65,1.0,-0.0,-0.0,0.0,0,0.0
14,1,0.65,1.0,-0.0,-0.0,0.0,0,0.0
13,1,0.65,1.0,-0.0,-0.0,0.0,0,0.0
9396,1,0.65,1.0,-0.0,-0.0,0.0,0,0.0
9,1,0.65,1.0,-0.0,-0.0,0.0,0,0.0
8,1,0.65,1.0,-0.0,-0.0,0.0,0,0.0
9399,1,0.65,1.0,-0.0,-0.0,0.0,0,0.0
2754,1,0.65,1.0,-0.0,-0.0,0.0,0,0.0
2713,1,0.65,1.0,-0.0,-0.0,0.0,0,0.0
2706,1,0.65,1.0,-0.0,-0.0,0.0,0,0.0
2768,1,0.65,1.0,-0.0,-0.0,0.0,0,0.0
2760,1,0.65,1.0,-0.0,-0.0,0.0,0,0.0
8294,1,0.65,1.0,-0.0,-0.0,0.0,1,1.0
8295,1,0.65,1.0,-0.0,-0.0,0.0,0,0.0
8296,1,0.65,1.0,-0.0,-0.0,0.0,0,0.0
8301,1,0.65,1.0,-0.0,-0.0,0.0,0,0.0
8303,1,0.65,1.0,-0.0,-0.0,0.0,0,0.0
8328,1,0.65,1.0,-0.0,-0.0,0.0,0,0.0
8329,1,0.65,1.0,-0.0,-0.0,0.0,0,0.0
8304,1,0.65,1.0,-0.0,-0.0,0.0,0,0.0
8258,1,0.65,1.0,-0.0,-0.0,0.0,0,0.0
8265,1,0.65,1.0,-0.0,-0.0,0.0,0,0.0
8266,1,0.65,1.0,-0.0,-0.0,0.0,0,0.0
8280,1,0.65,1.0,-0.0,-0.0,0.0,1,1.0
8283,1,0.65,1.0,-0.0,-0.0,0.0,1,1.0
8285,1,0.65,1.0,-0.0,-0.0,0.0,1,1.0
8289,1,0.65,1.0,-0.0,-0.0,0.0,1,1.0
8224,1,0.65,1.0,-0.0,-0.0,0.0,0,0.0
8228,1,0.65,1.0,-0.0,-0.0,0.0,0,0.0
8229,1,0.65,1.0,-0.0,-0.0,0.0,0,0.0
8251,1,0.65,1.0,-0.0,-0.0,0.0,0,0.0
8252,1,0.65,1.0,-0.0,-0.0,0.0,0,0.0
8240,1,0.65,1.0,-0.0,-0.0,0.0,0,0.0
8246,1,0.65,1.0,-0.0,-0.0,0.0,0,0.0
8257,1,0.65,1.0,-0.0,-0.0,0.0,0,0.0
8219,1,0.65,1.0,-0.0,-0.0,0.0,0,0.0
528,1,0.65,1.0,-0.0,-0.0,0.0,0,0.0
8363,1,0.65,1.0,-0.0,-0.0,0.0,0,0.0
8364,1,0.65,1.0,-0.0,-0.0,0.0,0,0.0
8431,1,0.65,1.0,-0.0,-0.0,0.0,0,0.0
8421,1,0.65,1.0,-0.0,-0.0,0.0,0,0.0
8247,1,0.65,1.0,-0.0,-0.0,0.0,0,0.0
8239,1,0.65,1.0,-0.0,-0.0,0.0,0,0.0
2602,1,0.65,1.0,-0.0,-0.0,0.0,0,0.0
2849,1,0.65,1.0,-0.0,-0.0,0.0,0,0.0
2855,1,0.65,1.0,-0.0,-0.0,0.0,0,0.0
2619,1,0.65,1.0,-0.0,-0.0,0.0,0,0.0
2870,1,0.65,1.0,-0.0,-0.0,0.0,0,0.0
2856,1,0.65,1.0,-0.0,-0.0,0.0,0,0.0
2836,1,0.65,1.0,-0.0,-0.0,0.0,0,0.0
2837,1,0.65,1.0,-0.0,-0.0,0.0,0,0.0
2839,1,0.65,1.0,-0.0,-0.0,0.0,0,0.0
2825,1,0.65,1.0,-0.0,-0.0,0.0,0,0.0
2844,1,0.65,1.0,-0.0,-0.0,0.0,0,0.0
2845,1,0.65,1.0,-0.0,-0.0,0.0,0,0.0
2847,1,0.65,1.0,-0.0,-0.0,0.0,0,0.0
2649,1,0.65,1.0,-0.0,-0.0,0.0,0,0.0
2827,1,0.65,1.0,-0.0,-0.0,0.0,0,0.0
2830,1,0.65,1.0,-0.0,-0.0,0.0,0,0.0
2817,1,0.65,1.0,-0.0,-0.0,0.0,0,0.0
2818,1,0.65,1.0,-0.0,-0.0,0.0,0,0.0
2835,1,0.65,1.0,-0.0,-0.0,0.0,0,0.0
2805,1,0.65,1.0,-0.0,-0.0,0.0,0,0.0
2647,1,0.65,1.0,-0.0,-0.0,0.0,0,0.0
9213,1,0.65,1.0,-0.0,-0.0,0.0,0,0.0
9220,1,0.65,1.0,-0.0,-0.0,0.0,0,0.0
151,1,0.65,1.0,-0.0,-0.0,0.0,0,0.0
9272,1,0.65,1.0,-0.0,-0.0,0.0,0,0.0
2819,1,0.65,1.0,-0.0,-0.0,0.0,0,0.0
2821,1,0.65,1.0,-0.0,-0.0,0.0,0,0.0
3369,1,0.65,1.0,-0.0,-0.0,0.0,0,0.0
3361,1,0.65,1.0,-0.0,-0.0,0.0,0,0.0
3469,1,0.65,1.0,-0.0,-0.0,0.0,1,1.0
9084,1,0.65,1.0,-0.0,-0.0,0.0,0,0.0
9117,1,0.65,1.0,-0.0,-0.0,0.0,0,0.0
9116,1,0.65,1.0,-0.0,-0.0,0.0,0,0.0
2377,1,0.65,1.0,-0.0,-0.0,0.0,0,0.0
3210,1,0.65,1.0,-0.0,-0.0,0.0,0,0.0
3191,1,0.65,1.0,-0.0,-0.0,0.0,0,0.0
3219,1,0.65,1.0,-0.0,-0.0,0.0,0,0.0
3296,1,0.65,1.0,-0.0,-0.0,0.0,0,0.0
3341,1,0.65,1.0,-0.0,-0.0,0.0,0,0.0
2431,1,0.65,1.0,-0.0,-0.0,0.0,0,0.0
9189,1,0.65,1.0,-0.0,-0.0,0.0,0,0.0
2958,1,0.65,1.0,-0.0,-0.0,0.0,0,0.0
2924,1,0.65,1.0,-0.0,-0.0,0.0,0,0.0
3014,1,0.65,1.0,-0.0,-0.0,0.0,0,0.0
2990,1,0.65,1.0,-0.0,-0.0,0.0,0,0.0
2526,1,0.65,1.0,-0.0,-0.0,0.0,0,0.0
3124,1,0.65,1.0,-0.0,-0.0,0.0,0,0.0
2857,1,0.65,1.0,-0.0,-0.0,0.0,0,0.0
2858,1,0.65,1.0,-0.0,-0.0,0.0,0,0.0
2859,1,0.65,1.0,-0.0,-0.0,0.0,0,0.0
2861,1,0.65,1.0,-0.0,-0.0,0.0,0,0.0
2872,1,0.65,1.0,-0.0,-0.0,0.0,0,0.0
2867,1,0.65,1.0,-0.0,-0.0,0.0,0,0.0
2868,1,0.65,1.0,-0.0,-0.0,0.0,0,0.0
9129,1,0.65,1.0,-0.0,-0.0,0.0,0,0.0
3742,1,0.65,1.0,-0.0,-0.0,0.0,1,1.0
3810,1,0.65,1.0,-0.0,-0.0,0.0,1,1.0
3800,1,0.65,1.0,-0.0,-0.0,0.0,1,1.0
3792,1,0.65,1.0,-0.0,-0.0,0.0,1,1.0
3831,1,0.65,1.0,-0.0,-0.0,0.0,0,0.0
9004,1,0.65,1.0,-0.0,-0.0,0.0,0,0.0
9005,1,0.65,1.0,-0.0,-0.0,0.0,0,0.0
3733,1,0.65,1.0,-0.0,-0.0,0.0,1,1.0
3714,1,0.65,1.0,-0.0,-0.0,0.0,1,1.0
3707,1,0.65,1.0,-0.0,-0.0,0.0,1,1.0
3678,1,0.65,1.0,-0.0,-0.0,0.0,1,1.0
3671,1,0.65,1.0,-0.0,-0.0,0.0,1,1.0
3654,1,0.65,1.0,-0.0,-0.0,0.0,1,1.0
3762,1,0.65,1.0,-0.0,-0.0,0.0,1,1.0
3754,1,0.65,1.0,-0.0,-0.0,0.0,1,1.0
3525,1,0.65,1.0,-0.0,-0.0,0.0,1,1.0
3646,1,0.65,1.0,-0.0,-0.0,0.0,1,1.0
3635,1,0.65,1.0,-0.0,-0.0,0.0,1,1.0
3628,1,0.65,1.0,-0.0,-0.0,0.0,1,1.0
3609,1,0.65,1.0,-0.0,-0.0,0.0,1,1.0
3595,1,0.65,1.0,-0.0,-0.0,0.0,1,1.0
3587,1,0.65,1.0,-0.0,-0.0,0.0,1,1.0
3573,1,0.65,1.0,-0.0,-0.0,0.0,1,1.0
3514,1,0.65,1.0,-0.0,-0.0,0.0,1,1.0
3507,1,0.65,1.0,-0.0,-0.0,0.0,1,1.0
3500,1,0.65,1.0,-0.0,-0.0,0.0,1,1.0
3493,1,0.65,1.0,-0.0,-0.0,0.0,1,1.0
3482,1,0.65,1.0,-0.0,-0.0,0.0,1,1.0
3561,1,0.65,1.0,-0.0,-0.0,0.0,1,1.0
3552,1,0.65,1.0,-0.0,-0.0,0.0,1,1.0
3532,1,0.65,1.0,-0.0,-0.0,0.0,1,1.0
4430,1,0.65,1.0,-0.0,-0.0,0.0,0,0.0
4462,1,0.65,1.0,-0.0,-0.0,0.0,0,0.0
4455,1,0.65,1.0,-0.0,-0.0,0.0,0,0.0
4440,1,0.65,1.0,-0.0,-0.0,0.0,0,0.0
4441,1,0.65,1.0,-0.0,-0.0,0.0,0,0.0
4435,1,0.65,1.0,-0.0,-0.0,0.0,0,0.0
4436,1,0.65,1.0,-0.0,-0.0,0.0,0,0.0
4509,1,0.65,1.0,-0.0,-0.0,0.0,0,0.0
4314,1,0.65,1.0,-0.0,-0.0,0.0,0,0.0
2193,1,0.65,1.0,-0.0,-0.0,0.0,0,0.0
4410,1,0.65,1.0,-0.0,-0.0,0.0,0,0.0
4381,1,0.65,1.0,-0.0,-0.0,0.0,0,0.0
2163,1,0.65,1.0,-0.0,-0.0,0.0,0,0.0
4437,1,0.65,1.0,-0.0,-0.0,0.0,0,0.0
4438,1,0.65,1.0,-0.0,-0.0,0.0,0,0.0
4060,1,0.65,1.0,-0.0,-0.0,0.0,0,0.0
4117,1,0.65,1.0,-0.0,-0.0,0.0,0,0.0
4088,1,0.65,1.0,-0.0,-0.0,0.0,0,0.0
4209,1,0.65,1.0,-0.0,-0.0,0.0,0,0.0
4181,1,0.65,1.0,-0.0,-0.0,0.0,0,0.0
4174,1,0.65,1.0,-0.0,-0.0,0.0,0,0.0
4255,1,0.65,1.0,-0.0,-0.0,0.0,0,0.0
4313,1,0.65,1.0,-0.0,-0.0,0.0,0,0.0
3859,1,0.65,1.0,-0.0,-0.0,0.0,0,0.0
3862,1,0.65,1.0,-0.0,-0.0,0.0,0,0.0
3863,1,0.65,1.0,-0.0,-0.0,0.0,0,0.0
3866,1,0.65,1.0,-0.0,-0.0,0.0,0,0.0
2293,1,0.65,1.0,-0.0,-0.0,0.0,0,0.0
3949,1,0.65,1.0,-0.0,-0.0,0.0,0,0.0
3988,1,0.65,1.0,-0.0,-0.0,0.0,0,0.0
3973,1,0.65,1.0,-0.0,-0.0,0.0,0,0.0
4561,1,0.65,1.0,-0.0,-0.0,0.0,0,0.0
4568,1,0.65,1.0,-0.0,-0.0,0.0,0,0.0
4591,1,0.65,1.0,-0.0,-0.0,0.0,0,0.0
4579,1,0.65,1.0,-0.0,-0.0,0.0,0,0.0
4580,1,0.65,1.0,-0.0,-0.0,0.0,0,0.0
4581,1,0.65,1.0,-0.0,-0.0,0.0,0,0.0
4551,1,0.65,1.0,-0.0,-0.0,0.0,0,0.0
4567,1,0.65,1.0,-0.0,-0.0,0.0,0,0.0
4552,1,0.65,1.0,-0.0,-0.0,0.0,0,0.0
4557,1,0.65,1.0,-0.0,-0.0,0.0,0,0.0
4558,1,0.65,1.0,-0.0,-0.0,0.0,0,0.0
4559,1,0.65,1.0,-0.0,-0.0,0.0,0,0.0
4569,1,0.65,1.0,-0.0,-0.0,0.0,0,0.0
4571,1,0.65,1.0,-0.0,-0.0,0.0,0,0.0
234,1,0.65,1.0,-0.0,-0.0,0.0,0,0.0
2126,1,0.65,1.0,-0.0,-0.0,0.0,0,0.0
2127,1,0.65,1.0,-0.0,-0.0,0.0,0,0.0
4521,1,0.65,1.0,-0.0,-0.0,0.0,0,0.0
4523,1,0.65,1.0,-0.0,-0.0,0.0,0,0.0
4547,1,0.65,1.0,-0.0,-0.0,0.0,0,0.0
4548,1,0.65,1.0,-0.0,-0.0,0.0,0,0.0
4549,1,0.65,1.0,-0.0,-0.0,0.0,0,0.0
4497,1,0.65,1.0,-0.0,-0.0,0.0,0,0.0
4489,1,0.65,1.0,-0.0,-0.0,0.0,0,0.0
4479,1,0.65,1.0,-0.0,-0.0,0.0,0,0.0
4465,1,0.65,1.0,-0.0,-0.0,0.0,0,0.0
273,1,0.65,1.0,-0.0,-0.0,0.0,0,0.0
264,1,0.65,1.0,-0.0,-0.0,0.0,0,0.0
267,1,0.65,1.0,-0.0,-0.0,0.0,0,0.0
8908,1,0.65,1.0,-0.0,-0.0,0.0,0,0.0
4754,1,0.65,1.0,-0.0,-0.0,0.0,0,0.0
4755,1,0.65,1.0,-0.0,-0.0,0.0,0,0.0
4745,1,0.65,1.0,-0.0,-0.0,0.0,0,0.0
8820,1,0.65,1.0,-0.0,-0.0,0.0,0,0.0
8821,1,0.65,1.0,-0.0,-0.0,0.0,0,0.0
4778,1,0.65,1.0,-0.0,-0.0,0.0,0,0.0
4783,1,0.65,1.0,-0.0,-0.0,0.0,0,0.0
4608,1,0.65,1.0,-0.0,-0.0,0.0,0,0.0
4610,1,0.65,1.0,-0.0,-0.0,0.0,0,0.0
4611,1,0.65,1.0,-0.0,-0.0,0.0,0,0.0
4671,1,0.65,1.0,-0.0,-0.0,0.0,0,0.0
4711,1,0.65,1.0,-0.0,-0.0,0.0,0,0.0
4739,1,0.65,1.0,-0.0,-0.0,0.0,0,0.0
4721,1,0.65,1.0,-0.0,-0.0,0.0,0,0.0
4764,1,0.65,1.0,-0.0,-0.0,0.0,0,0.0
4605,1,0.65,1.0,-0.0,-0.0,0.0,0,0.0
4606,1,0.65,1.0,-0.0,-0.0,0.0,0,0.0
4607,1,0.65,1.0,-0.0,-0.0,0.0,0,0.0
8843,1,0.65,1.0,-0.0,-0.0,0.0,0,0.0
318,1,0.65,1.0,-0.0,-0.0,0.0,0,0.0
2050,1,0.65,1.0,-0.0,-0.0,0.0,0,0.0
4630,1,0.65,1.0,-0.0,-0.0,0.0,0,0.0
4594,1,0.65,1.0,-0.0,-0.0,0.0,0,0.0
4595,1,0.65,1.0,-0.0,-0.0,0.0,0,0.0
4584,1,0.65,1.0,-0.0,-0.0,0.0,0,0.0
4603,1,0.65,1.0,-0.0,-0.0,0.0,0,0.0
4604,1,0.65,1.0,-0.0,-0.0,0.0,0,0.0
5761,1,0.65,1.0,-0.0,-0.0,0.0,0,0.0
5746,1,0.65,1.0,-0.0,-0.0,0.0,0,0.0
5846,1,0.65,1.0,-0.0,-0.0,0.0,0,0.0
5847,1,0.65,1.0,-0.0,-0.0,0.0,0,0.0
5807,1,0.65,1.0,-0.0,-0.0,0.0,0,0.0
5844,1,0.65,1.0,-0.0,-0.0,0.0,0,0.0
5919,1,0.65,1.0,-0.0,-0.0,0.0,0,0.0
5866,1,0.65,1.0,-0.0,-0.0,0.0,0,0.0
5472,1,0.65,1.0,-0.0,-0.0,0.0,0,0.0
5539,1,0.65,1.0,-0.0,-0.0,0.0,0,0.0
5533,1,0.65,1.0,-0.0,-0.0,0.0,0,0.0
1683,1,0.65,1.0,-0.0,-0.0,0.0,0,0.0
5592,1,0.65,1.0,-0.0,-0.0,0.0,0,0.0
5622,1,0.65,1.0,-0.0,-0.0,0.0,0,0.0
5704,1,0.65,1.0,-0.0,-0.0,0.0,0,0.0
1846,1,0.65,1.0,-0.0,-0.0,0.0,0,0.0
5167,1,0.65,1.0,-0.0,-0.0,0.0,0,0.0
5265,1,0.65,1.0,-0.0,-0.0,0.0,0,0.0
5282,1,0.65,1.0,-0.0,-0.0,0.0,0,0.0
1774,1,0.65,1.0,-0.0,-0.0,0.0,0,0.0
1775,1,0.65,1.0,-0.0,-0.0,0.0,0,0.0
5350,1,0.65,1.0,-0.0,-0.0,0.0,0,0.0
1696,1,0.65,1.0,-0.0,-0.0,0.0,0,0.0
4826,1,0.65,1.0,-0.0,-0.0,0.0,0,0.0
4901,1,0.65,1.0,-0.0,-0.0,0.0,0,0.0
4895,1,0.65,1.0,-0.0,-0.0,0.0,0,0.0
1933,1,0.65,1.0,-0.0,-0.0,0.0,0,0.0
1895,1,0.65,1.0,-0.0,-0.0,0.0,0,0.0
1890,1,0.65,1.0,-0.0,-0.0,0.0,0,0.0
5051,1,0.65,1.0,-0.0,-0.0,0.0,0,0.0
1843,1,0.65,1.0,-0.0,-0.0,0.0,0,0.0
6028,1,0.65,1.0,-0.0,-0.0,0.0,0,0.0
6029,1,0.65,1.0,-0.0,-0.0,0.0,0,0.0
6016,1,0.65,1.0,-0.0,-0.0,0.0,0,0.0
6042,1,0.65,1.0,-0.0,-0.0,0.0,0,0.0
6043,1,0.65,1.0,-0.0,-0.0,0.0,0,0.0
6047,1,0.65,1.0,-0.0,-0.0,0.0,0,0.0
6004,1,0.65,1.0,-0.0,-0.0,0.0,0,0.0
6005,1,0.65,1.0,-0.0,-0.0,0.0,0,0.0
6019,1,0.65,1.0,-0.0,-0.0,0.0,0,0.0
6020,1,0.65,1.0,-0.0,-0.0,0.0,0,0.0
6022,1,0.65,1.0,-0.0,-0.0,0.0,0,0.0
6023,1,0.65,1.0,-0.0,-0.0,0.0,0,0.0
6038,1,0.65,1.0,-0.0,-0.0,0.0,0,0.0
6024,1,0.65,1.0,-0.0,-0.0,0.0,0,0.0
5994,1,0.65,1.0,-0.0,-0.0,0.0,0,0.0
5996,1,0.65,1.0,-0.0,-0.0,0.0,0,0.0
5998,1,0.65,1.0,-0.0,-0.0,0.0,0,0.0
6009,1,0.65,1.0,-0.0,-0.0,0.0,0,0.0
6010,1,0.65,1.0,-0.0,-0.0,0.0,0,0.0
6011,1,0.65,1.0,-0.0,-0.0,0.0,0,0.0
6015,1,0.65,1.0,-0.0,-0.0,0.0,0,0.0
6003,1,0.65,1.0,-0.0,-0.0,0.0,0,0.0
370,1,0.65,1.0,-0.0,-0.0,0.0,0,0.0
8748,1,0.65,1.0,-0.0,-0.0,0.0,0,0.0
5986,1,0.65,1.0,-0.0,-0.0,0.0,0,0.0
5965,1,0.65,1.0,-0.0,-0.0,0.0,0,0.0
6006,1,0.65,1.0,-0.0,-0.0,0.0,0,0.0
6007,1,0.65,1.0,-0.0,-0.0,0.0,0,0.0
5993,1,0.65,1.0,-0.0,-0.0,0.0,0,0.0
1446,1,0.65,1.0,-0.0,-0.0,0.0,0,0.0
1457,1,0.65,1.0,-0.0,-0.0,0.0,0,0.0
1452,1,0.65,1.0,-0.0,-0.0,0.0,0,0.0
1464,1,0.65,1.0,-0.0,-0.0,0.0,0,0.0
1470,1,0.65,1.0,-0.0,-0.0,0.0,0,0.0
6285,1,0.65,1.0,-0.0,-0.0,0.0,0,0.0
8622,1,0.65,1.0,-0.0,-0.0,0.0,0,0.0
1422,1,0.65,1.0,-0.0,-0.0,0.0,0,0.0
6097,1,0.65,1.0,-0.0,-0.0,0.0,0,0.0
6100,1,0.65,1.0,-0.0,-0.0,0.0,0,0.0
6101,1,0.65,1.0,-0.0,-0.0,0.0,0,0.0
6161,1,0.65,1.0,-0.0,-0.0,0.0,0,0.0
6144,1,0.65,1.0,-0.0,-0.0,0.0,0,0.0
1475,1,0.65,1.0,-0.0,-0.0,0.0,0,0.0
6171,1,0.65,1.0,-0.0,-0.0,0.0,0,0.0
1440,1,0.65,1.0,-0.0,-0.0,0.0,0,0.0
6048,1,0.65,1.0,-0.0,-0.0,0.0,0,0.0
6052,1,0.65,1.0,-0.0,-0.0,0.0,0,0.0
6053,1,0.65,1.0,-0.0,-0.0,0.0,0,0.0
6064,1,0.65,1.0,-0.0,-0.0,0.0,0,0.0
6068,1,0.65,1.0,-0.0,-0.0,0.0,0,0.0
6057,1,0.65,1.0,-0.0,-0.0,0.0,0,0.0
6058,1,0.65,1.0,-0.0,-0.0,0.0,0,0.0
6074,1,0.65,1.0,-0.0,-0.0,0.0,0,0.0
6032,1,0.65,1.0,-0.0,-0.0,0.0,0,0.0
6033,1,0.65,1.0,-0.0,-0.0,0.0,0,0.0
6034,1,0.65,1.0,-0.0,-0.0,0.0,0,0.0
8653,1,0.65,1.0,-0.0,-0.0,0.0,0,0.0
8654,1,0.65,1.0,-0.0,-0.0,0.0,0,0.0
359,1,0.65,1.0,-0.0,-0.0,0.0,0,0.0
6062,1,0.65,1.0,-0.0,-0.0,0.0,0,0.0
6882,1,0.65,1.0,-0.0,-0.0,0.0,0,0.0
6908,1,0.65,1.0,-0.0,-0.0,0.0,0,0.0
1167,1,0.65,1.0,-0.0,-0.0,0.0,0,0.0
7005,1,0.65,1.0,-0.0,-0.0,0.0,0,0.0
7010,1,0.65,1.0,-0.0,-0.0,0.0,0,0.0
429,1,0.65,1.0,-0.0,-0.0,0.0,0,0.0
419,1,0.65,1.0,-0.0,-0.0,0.0,0,0.0
7026,1,0.65,1.0,-0.0,-0.0,0.0,0,0.0
6581,1,0.65,1.0,-0.0,-0.0,0.0,0,0.0
6612,1,0.65,1.0,-0.0,-0.0,0.0,0,0.0
1285,1,0.65,1.0,-0.0,-0.0,0.0,0,0.0
6740,1,0.65,1.0,-0.0,-0.0,0.0,0,0.0
6778,1,0.65,1.0,-0.0,-0.0,0.0,0,0.0
1223,1,0.65,1.0,-0.0,-0.0,0.0,0,0.0
6857,1,0.65,1.0,-0.0,-0.0,0.0,0,0.0
6477,1,0.65,1.0,-0.0,-0.0,0.0,0,0.0
6479,1,0.65,1.0,-0.0,-0.0,0.0,0,0.0
6517,1,0.65,1.0,-0.0,-0.0,0.0,0,0.0
6506,1,0.65,1.0,-0.0,-0.0,0.0,0,0.0
6544,1,0.65,1.0,-0.0,-0.0,0.0,0,0.0
6538,1,0.65,1.0,-0.0,-0.0,0.0,0,0.0
6541,1,0.65,1.0,-0.0,-0.0,0.0,0,0.0
6520,1,0.65,1.0,-0.0,-0.0,0.0,0,0.0
1410,1,0.65,1.0,-0.0,-0.0,0.0,0,0.0
1435,1,0.65,1.0,-0.0,-0.0,0.0,0,0.0
6328,1,0.65,1.0,-0.0,-0.0,0.0,0,0.0
6352,1,0.65,1.0,-0.0,-0.0,0.0,0,0.0
6351,1,0.65,1.0,-0.0,-0.0,0.0,0,0.0
6340,1,0.65,1.0,-0.0,-0.0,0.0,0,0.0
6361,1,0.65,1.0,-0.0,-0.0,0.0,0,0.0
6404,1,0.65,1.0,-0.0,-0.0,0.0,0,0.0
7089,1,0.65,1.0,-0.0,-0.0,0.0,0,0.0
7083,1,0.65,1.0,-0.0,-0.0,0.0,0,0.0
1079,1,0.65,1.0,-0.0,-0.0,0.0,0,0.0
7134,1,0.65,1.0,-0.0,-0.0,0.0,0,0.0
7126,1,0.65,1.0,-0.0,-0.0,0.0,0,0.0
7131,1,0.65,1.0,-0.0,-0.0,0.0,0,0.0
8539,1,0.65,1.0,-0.0,-0.0,0.0,0,0.0
7066,1,0.65,1.0,-0.0,-0.0,0.0,0,0.0
7071,1,0.65,1.0,-0.0,-0.0,0.0,0,0.0
7059,1,0.65,1.0,-0.0,-0.0,0.0,0,0.0
7060,1,0.65,1.0,-0.0,-0.0,0.0,0,0.0
7085,1,0.65,1.0,-0.0,-0.0,0.0,0,0.0
7073,1,0.65,1.0,-0.0,-0.0,0.0,0,0.0
7077,1,0.65,1.0,-0.0,-0.0,0.0,0,0.0
7079,1,0.65,1.0,-0.0,-0.0,0.0,0,0.0
7048,1,0.65,1.0,-0.0,-0.0,0.0,0,0.0
7049,1,0.65,1.0,-0.0,-0.0,0.0,0,0.0
7053,1,0.65,1.0,-0.0,-0.0,0.0,0,0.0
7054,1,0.65,1.0,-0.0,-0.0,0.0,0,0.0
7055,1,0.65,1.0,-0.0,-0.0,0.0,0,0.0
7042,1,0.65,1.0,-0.0,-0.0,0.0,0,0.0
7043,1,0.65,1.0,-0.0,-0.0,0.0,0,0.0
7064,1,0.65,1.0,-0.0,-0.0,0.0,0,0.0
7030,1,0.65,1.0,-0.0,-0.0,0.0,0,0.0
7031,1,0.65,1.0,-0.0,-0.0,0.0,0,0.0
7017,1,0.65,1.0,-0.0,-0.0,0.0,0,0.0
7022,1,0.65,1.0,-0.0,-0.0,0.0,0,0.0
7047,1,0.65,1.0,-0.0,-0.0,0.0,0,0.0
7032,1,0.65,1.0,-0.0,-0.0,0.0,0,0.0
7036,1,0.65,1.0,-0.0,-0.0,0.0,0,0.0
7038,1,0.65,1.0,-0.0,-0.0,0.0,0,0.0
663,1,0.65,1.0,-0.0,-0.0,0.0,0,0.0
8204,1,0.65,1.0,-0.0,-0.0,0.0,0,0.0
8205,1,0.65,1.0,-0.0,-0.0,0.0,0,0.0
8223,1,0.65,1.0,-0.0,-0.0,0.0,0,0.0
8215,1,0.65,1.0,-0.0,-0.0,0.0,0,0.0
8200,1,0.65,1.0,-0.0,-0.0,0.0,0,0.0
8217,1,0.65,1.0,-0.0,-0.0,0.0,0,0.0
8218,1,0.65,1.0,-0.0,-0.0,0.0,0,0.0
8043,1,0.65,1.0,-0.0,-0.0,0.0,0,0.0
8038,1,0.65,1.0,-0.0,-0.0,0.0,0,0.0
8094,1,0.65,1.0,-0.0,-0.0,0.0,0,0.0
8095,1,0.65,1.0,-0.0,-0.0,0.0,0,0.0
8147,1,0.65,1.0,-0.0,-0.0,0.0,0,0.0
8178,1,0.65,1.0,-0.0,-0.0,0.0,0,0.0
8179,1,0.65,1.0,-0.0,-0.0,0.0,0,0.0
8146,1,0.65,1.0,-0.0,-0.0,0.0,0,0.0
7813,1,0.65,1.0,-0.0,-0.0,0.0,0,0.0
7814,1,0.65,1.0,-0.0,-0.0,0.0,0,0.0
7876,1,0.65,1.0,-0.0,-0.0,0.0,0,0.0
7877,1,0.65,1.0,-0.0,-0.0,0.0,0,0.0
7953,1,0.65,1.0,-0.0,-0.0,0.0,0,0.0
7954,1,0.65,1.0,-0.0,-0.0,0.0,0,0.0
738,1,0.65,1.0,-0.0,-0.0,0.0,0,0.0
8042,1,0.65,1.0,-0.0,-0.0,0.0,0,0.0
8540,1,0.65,1.0,-0.0,-0.0,0.0,0,0.0
975,1,0.65,1.0,-0.0,-0.0,0.0,0,0.0
7479,1,0.65,1.0,-0.0,-0.0,0.0,0,0.0
7583,1,0.65,1.0,-0.0,-0.0,0.0,0,0.0
889,1,0.65,1.0,-0.0,-0.0,0.0,0,0.0
7672,1,0.65,1.0,-0.0,-0.0,0.0,0,0.0
7671,1,0.65,1.0,-0.0,-0.0,0.0,0,0.0
840,1,0.65,1.0,-0.0,-0.0,0.0,0,0.0
48,1,0.65,1.0,-0.0,-0.0,0.0,0,0.0
52,1,0.65,1.0,-0.0,-0.0,0.0,0,0.0
41,1,0.65,1.0,-0.0,-0.0,0.0,0,0.0
42,1,0.65,1.0,-0.0,-0.0,0.0,0,0.0
9385,1,0.65,1.0,-0.0,-0.0,0.0,0,0.0
9386,1,0.65,1.0,-0.0,-0.0,0.0,0,0.0
9388,1,0.65,1.0,-0.0,-0.0,0.0,0,0.0
9366,1,0.65,1.0,-0.0,-0.0,0.0,0,0.0
46,1,0.65,1.0,-0.0,-0.0,0.0,0,0.0
47,1,0.65,1.0,-0.0,-0.0,0.0,0,0.0
32,1,0.65,1.0,-0.0,-0.0,0.0,0,0.0
33,1,0.65,1.0,-0.0,-0.0,0.0,0,0.0
34,1,0.65,1.0,-0.0,-0.0,0.0,0,0.0
38,1,0.65,1.0,-0.0,-0.0,0.0,0,0.0
39,1,0.65,1.0,-0.0,-0.0,0.0,0,0.0
23,1,0.65,1.0,-0.0,-0.0,0.0,0,0.0
9435,1,0.65,1.0,-0.0,-0.0,0.0,0,0.0
9436,1,0.65,1.0,-0.0,-0.0,0.0,0,0.0
9429,1,0.65,1.0,-0.0,-0.0,0.0,0,0.0
9430,1,0.65,1.0,-0.0,-0.0,0.0,0,0.0
24,1,0.65,1.0,-0.0,-0.0,0.0,0,0.0
9434,1,0.65,1.0,-0.0,-0.0,0.0,0,0.0
2738,1,0.65,1.0,-0.0,-0.0,0.0,0,0.0
8305,1,0.65,1.0,-0.0,-0.0,0.0,0,0.0
8337,1,0.65,1.0,-0.0,-0.0,0.0,0,0.0
26,1,0.65,1.0,-0.0,-0.0,0.0,0,0.0
27,1,0.65,1.0,-0.0,-0.0,0.0,0,0.0
31,1,0.65,1.0,-0.0,-0.0,0.0,0,0.0
16,1,0.65,1.0,-0.0,-0.0,0.0,0,0.0
18,1,0.65,1.0,-0.0,-0.0,0.0,0,0.0
19,1,0.65,1.0,-0.0,-0.0,0.0,0,0.0
2794,1,0.65,1.0,-0.0,-0.0,0.0,0,0.0
2796,1,0.65,1.0,-0.0,-0.0,0.0,0,0.0
2797,1,0.65,1.0,-0.0,-0.0,0.0,0,0.0
2808,1,0.65,1.0,-0.0,-0.0,0.0,0,0.0
2809,1,0.65,1.0,-0.0,-0.0,0.0,0,0.0
2811,1,0.65,1.0,-0.0,-0.0,0.0,0,0.0
2815,1,0.65,1.0,-0.0,-0.0,0.0,0,0.0
2801,1,0.65,1.0,-0.0,-0.0,0.0,0,0.0
9330,1,0.65,1.0,-0.0,-0.0,0.0,0,0.0
9334,1,0.65,1.0,-0.0,-0.0,0.0,0,0.0
2798,1,0.65,1.0,-0.0,-0.0,0.0,0,0.0
2799,1,0.65,1.0,-0.0,-0.0,0.0,0,0.0
2784,1,0.65,1.0,-0.0,-0.0,0.0,0,0.0
2807,1,0.65,1.0,-0.0,-0.0,0.0,0,0.0
2792,1,0.65,1.0,-0.0,-0.0,0.0,0,0.0
2793,1,0.65,1.0,-0.0,-0.0,0.0,0,0.0
109,1,0.65,1.0,-0.0,-0.0,0.0,0,0.0
99,1,0.65,1.0,-0.0,-0.0,0.0,0,0.0
9281,1,0.65,1.0,-0.0,-0.0,0.0,0,0.0
9282,1,0.65,1.0,-0.0,-0.0,0.0,0,0.0
112,1,0.65,1.0,-0.0,-0.0,0.0,0,0.0
9339,1,0.65,1.0,-0.0,-0.0,0.0,0,0.0
9340,1,0.65,1.0,-0.0,-0.0,0.0,0,0.0
9329,1,0.65,1.0,-0.0,-0.0,0.0,0,0.0
2763,1,0.65,1.0,-0.0,-0.0,0.0,0,0.0
2764,1,0.65,1.0,-0.0,-0.0,0.0,0,0.0
2778,1,0.65,1.0,-0.0,-0.0,0.0,0,0.0
2779,1,0.65,1.0,-0.0,-0.0,0.0,0,0.0
2780,1,0.65,1.0,-0.0,-0.0,0.0,0,0.0
2781,1,0.65,1.0,-0.0,-0.0,0.0,0,0.0
2782,1,0.65,1.0,-0.0,-0.0,0.0,0,0.0
2665,1,0.65,1.0,-0.0,-0.0,0.0,0,0.0
4582,2,0.4485304696650574,0.015798029839439787,1.0,1.0,0.0,0,0.0
6030,2,0.44850156435026317,0.015641203213971222,1.0,1.0,3.0,0,0.0
2761,2,0.44733215049182273,0.013135098343362794,1.0,1.0,0.0,0,0.0
2828,2,0.44673487881206286,0.011807827943896232,1.0,1.0,0.0,0,0.0
4592,2,0.4460439396053214,0.01027240748447078,1.0,1.0,0.0,0,0.0
2304,4,0.4049358587745292,0.010968575054509322,1.0,1.0,0.0,0,0.0
2424,4,0.4021789754852724,0.004842162498369329,1.0,1.0,0.00016999244689941406,0,0.0
2429,4,0.40210014515672804,0.004666987294503544,1.0,1.0,6.29425048828125e-05,0,0.0
4578,4,0.4020454466707215,0.004545420996945326,1.0,1.0,0.0005199909210205078,0,0.0
4573,4,0.40132432029537474,0.002942925593561241,1.0,1.0,0.0002720355987548828,0,0.0
4602,4,0.4012447324566016,0.002766064723031536,1.0,1.0,0.00023984909057617188,0,0.0
4597,4,0.40109024537027016,0.0024227565619711067,1.0,1.0,0.0003540515899658203,0,0.0
3206,4,0.4007447850590179,0.001641512539334422,1.0,1.0,0.4395179748535156,0,0.0
5499,4,0.40066821703154953,0.0014849238669234488,1.0,1.0,9.298324584960938e-05,0,0.0
2862,3,0.39470322118552115,0.008166605970677199,0.9182958340544896,0.9182958340544896,5.0,0,0.0
2831,3,0.3945748936779323,0.007881433731590781,0.9182958340544896,0.9182958340544896,5.0,0,0.0
2840,3,0.394237692820984,0.007132098493927708,0.9182958340544896,0.9182958340544896,5.0,0,0.0
6025,3,0.3923853852839311,0.003015859522699227,0.9182958340544896,0.9182958340544896,5.0,0,0.0
5999,3,0.3922884965635316,0.0028005512551447787,0.9182958340544896,0.9182958340544896,5.0,0,0.0
6035,3,0.39173556446624325,0.0015718132611706181,0.9182958340544896,0.9182958340544896,5.0,0,0.0
2850,3,0.3914794347949959,0.0010026362139544664,0.9182958340544896,0.9182958340544896,5.0,0,0.0
8264,4,0.3894938054653906,0.012185904748474141,0.9463946303571862,0.9463946303571862,6.606663942337036,0,0.0
9143,5,0.3884080449518213,0.016881809293546324,0.9709505944546686,0.9709505944546686,6.0,0,0.0
4388,5,0.3881751554385031,0.016333412844197204,0.9709505944546686,0.9709505944546686,7.0,0,0.0
8770,5,0.3878554021801872,0.015684578443001307,0.9709505944546686,0.9709505944546686,5.0,0,0.0
6658,5,0.3873915263298326,0.014653743219991133,0.9709505944546686,0.9709505944546686,5.0,0,0.0
7133,5,0.38577952745683347,0.011133251897276986,0.9709505944546686,0.9709505944546686,3.0,0,0.0
9299,5,0.38575395001438645,0.011014684741221914,0.9709505944546686,0.9709505944546686,5.0,0,0.0
7222,5,0.38484985930503474,0.009005594275995898,0.9709505944546686,0.9709505944546686,5.0,0,0.0
7589,5,0.3839739775249754,0.0071517829129010835,0.9709505944546686,0.9709505944546686,2.0,0,0.0
6758,5,0.3835380322411551,0.006152151417991858,0.9709505944546686,0.9709505944546686,3.0,0,0.0
8272,5,0.38221584608468295,0.010246738616359607,0.9602297178607612,0.9602297178607612,6.708905935287476,2,0.4
1515,5,0.3735614213281397,0.019215003597611968,0.8649735207179273,0.9709505944546686,6.0,0,0.0
4928,8,0.37244518441338603,0.0038512732782569614,1.0,1.0,0.10319900512695312,0,0.0
1354,6,0.37009728902354766,0.008760206020638317,0.8962406251802889,1.0,5.0,0,0.0
3125,6,0.36955436925444424,0.007584581842383975,0.8962406251802889,1.0,4.0,0,0.0
268,5,0.36943575557635955,0.010077721680075924,0.8649735207179273,0.9709505944546686,5.0,0,0.0
8263,8,0.3685201177689527,0.04612476294656731,0.985056822321508,0.8613531161467861,6.609999895095825,0,0.0
2461,6,0.3682798661696083,0.004690624369908858,0.8962406251802889,1.0,6.0,0,0.0
5351,6,0.36797203731127365,0.003944831845214547,0.8962406251802889,1.0,8.0,0,0.0
6964,8,0.3660834925103308,0.007585740969371146,1.0,0.9463946303571862,0.0026209354400634766,0,0.0
8288,5,0.3656708648717977,0.03970205551468453,0.7219280948873623,1.0,5.256472110748291,1,0.2
49,7,0.36436066700727127,0.006020443852366442,0.9211854965885544,0.9852281360342515,6.950000047683716,0,0.0
5283,8,0.3639570551991275,0.005161673985559556,0.954434002924965,0.985056822321508,0.0,0,0.0
5052,6,0.3532999419061529,0.006949615661130504,0.7896900821428475,1.0,5.0,0,0.0
8608,9,0.3521141822095354,0.012990620558819055,0.9182958340544896,0.9455305560363263,2.0,0,0.0
8562,20,0.34933640778117847,0.010251078447070072,1.0,1.0,0.1485309600830078,0,0.0
8410,16,0.34912339700636075,0.015803835946286204,1.0,0.9463946303571862,3.778291940689087,0,0.0
7678,4,0.3489394125452096,0.012130562189438976,0.8112781244591328,0.8112781244591328,7.0,0,0.0
8606,9,0.34893013107788906,0.014869735247871607,0.9182958340544896,0.9182958340544896,6.0,0,0.0
6183,4,0.34862474469353594,0.011431300296830815,0.8112781244591328,0.8112781244591328,7.0,0,0.0
5564,4,0.34861875272864246,0.011396997162908318,0.8112781244591328,0.8112781244591328,7.680000066757202,0,0.0
666,4,0.34797023829772433,0.010192891022187789,0.8112781244591328,0.8112781244591328,0.0,0,0.0
4904,9,0.34765804444034903,0.0030572279853186,0.9182958340544896,0.9455305560363263,3.0,0,0.0
4827,4,0.3475342429727003,0.00922401252213434,0.8112781244591328,0.8112781244591328,0.0,0,0.0
7403,4,0.3471888954992175,0.008302252704518231,0.8112781244591328,0.8112781244591328,5.0,0,0.0
6079,4,0.3471885012725982,0.008301376645364233,0.8112781244591328,0.8112781244591328,5.0,0,0.0
3898,9,0.34712429924762006,0.00177853496443936,0.9182958340544896,0.9455305560363263,6.0,0,0.0
5663,4,0.3462622771855804,0.006397421884090093,0.8112781244591328,0.8112781244591328,0.0,0,0.0
4160,4,0.3462529260019228,0.006191456290776998,0.8112781244591328,0.8112781244591328,6.0,0,0.0
8909,4,0.3462476389056976,0.00636489237323945,0.8112781244591328,0.8112781244591328,0.0,0,0.0
6678,4,0.34619389232672837,0.006245455531085575,0.8112781244591328,0.8112781244591328,0.0,0,0.0
2956,4,0.34616785717260484,0.0061875996330333916,0.8112781244591328,0.8112781244591328,0.0,0,0.0
5706,4,0.3461468065986132,0.005955635394533365,0.8112781244591328,0.8112781244591328,6.0,0,0.0
4498,4,0.34609923536453985,0.0060042425286914725,0.8112781244591328,0.8112781244591328,1.0,0,0.0
458,4,0.34602550199317766,0.005840390592330991,0.8112781244591328,0.8112781244591328,1.0,0,0.0
8883,16,0.3457962454520265,0.008526693016458253,1.0,0.9463946303571862,0.002810955047607422,0,0.0
1978,4,0.34571667560830455,0.0051232455395264775,0.8112781244591328,0.8112781244591328,2.0,0,0.0
7571,16,0.345689169793189,0.008169576546681712,1.0,0.9463946303571862,3.8639371395111084,0,0.0
2586,4,0.34567164228076513,0.005084899873389559,0.8112781244591328,0.8112781244591328,0.0,0,0.0
8475,16,0.345590223723688,0.007963238898664793,1.0,0.9463946303571862,3.4251599311828613,0,0.0
6626,4,0.3455450457751222,0.004772710107763256,0.8112781244591328,0.8112781244591328,1.0,0,0.0
6481,16,0.3455049437937826,0.007879347197255138,1.0,0.9463946303571862,0.0030961036682128906,0,0.0
6856,16,0.34546787195986184,0.007796970038883577,1.0,0.9463946303571862,0.0029439926147460938,0,0.0
8643,16,0.34543927549532466,0.007732924685279752,1.0,0.9463946303571862,0.019068002700805664,0,0.0
8216,16,0.3454124933418233,0.007672782616061524,1.0,0.9463946303571862,0.03935599327087402,0,0.0
7602,16,0.3454068120750929,0.007661285541595952,1.0,0.9463946303571862,0.0028100013732910156,0,0.0
6130,4,0.345362643283043,0.0042130502488219035,0.8112781244591328,0.8112781244591328,6.0,0,0.0
1543,4,0.34535010332006966,0.004277776257029187,0.8112781244591328,0.8112781244591328,3.0,0,0.0
8079,16,0.34533314611636806,0.007497580291050632,1.0,0.9463946303571862,0.002911090850830078,0,0.0
9209,16,0.3452615077934104,0.007337808214866959,1.0,0.9463946303571862,0.021567106246948242,0,0.0
6306,16,0.3452533503918896,0.0073202942967878215,1.0,0.9463946303571862,0.0016851425170898438,0,0.0
6977,16,0.345235112498069,0.007279383423549501,1.0,0.9463946303571862,0.014069080352783203,0,0.0
6853,16,0.3452200882191617,0.007246321328257199,1.0,0.9463946303571862,0.003532886505126953,0,0.0
8579,16,0.34517969092476564,0.007156583081346812,1.0,0.9463946303571862,0.002446889877319336,0,0.0
6855,16,0.3450321316048044,0.006828681347774368,1.0,0.9463946303571862,0.0021920204162597656,0,0.0
6294,16,0.34502603771056695,0.006815149669976095,1.0,0.9463946303571862,0.0018579959869384766,0,0.0
6301,16,0.3450188393762231,0.006799070565129517,1.0,0.9463946303571862,0.004540920257568359,0,0.0
8197,16,0.3449598166090246,0.0066668600024608615,1.0,0.9463946303571862,0.03852391242980957,0,0.0
2460,4,0.3449593213352696,0.003440236043893208,0.8112781244591328,0.8112781244591328,2.0,0,0.0
6237,4,0.3449486768646961,0.003385717467310201,0.8112781244591328,0.8112781244591328,3.0,0,0.0
4706,4,0.3449398067790944,0.003396870363504001,0.8112781244591328,0.8112781244591328,2.0,0,0.0
6141,16,0.34493304892494564,0.0066084815067837255,1.0,0.9463946303571862,0.002713918685913086,0,0.0
8580,16,0.34490695328430776,0.006550500414578497,1.0,0.9463946303571862,0.002415180206298828,0,0.0
2651,4,0.34490543227722464,0.0032587541865094494,0.8112781244591328,0.8112781244591328,4.0,0,0.0
353,4,0.34488150524456496,0.003205583002821255,0.8112781244591328,0.8112781244591328,4.0,0,0.0
6486,16,0.3448793682401622,0.006489172324370074,1.0,0.9463946303571862,0.003322124481201172,0,0.0
6523,16,0.3448480363148497,0.006418649995298953,1.0,0.9463946303571862,0.03234696388244629,0,0.0
8635,16,0.34484727740856885,0.006417861101902789,1.0,0.9463946303571862,0.003265857696533203,0,0.0
135,8,0.3448439003474957,0.010221437507581088,0.985056822321508,0.8112781244591328,6.0,0,0.0
8116,16,0.34482429278679555,0.006366863512392351,1.0,0.9463946303571862,0.0006949901580810547,0,0.0
8051,16,0.34482409828033783,0.006366391215611333,1.0,0.9463946303571862,0.001992940902709961,0,0.0
2751,4,0.34480291855004763,0.003154402694017344,0.8112781244591328,0.8112781244591328,0.0,0,0.0
1845,4,0.3448012942966941,0.003150793242120531,0.8112781244591328,0.8112781244591328,0.0,0,0.0
8269,97,0.34475745486596016,0.20865793801098842,0.722224090659124,0.8142989526715088,5.47221302986145,30,0.30927835051546393
7762,16,0.34472134669558213,0.006138046486898752,1.0,0.9463946303571862,0.002248048782348633,0,0.0
2264,4,0.3440343946761896,0.001446571863221724,0.8112781244591328,0.8112781244591328,0.0,0,0.0
5578,4,0.343992636065493,0.00123031816043917,0.8112781244591328,0.8112781244591328,4.0,0,0.0
5969,4,0.34392134223020343,0.00116448000794378,0.8112781244591328,0.8112781244591328,1.0,0,0.0
3854,16,0.3433364956742297,0.0030594883816323915,1.0,0.9463946303571862,0.03825712203979492,0,0.0
943,16,0.34331755412235515,0.0030185238891087263,1.0,0.9463946303571862,0.001714944839477539,0,0.0
879,16,0.34323394184852546,0.0028326707477150936,1.0,0.9463946303571862,0.00327301025390625,0,0.0
3122,16,0.34315792630890657,0.0026637336540644707,1.0,0.9463946303571862,0.003715991973876953,0,0.0
2121,16,0.34314437131163644,0.002633658716901577,1.0,0.9463946303571862,0.002184152603149414,0,0.0
1762,16,0.3431366623882558,0.0026164982460014086,1.0,0.9463946303571862,0.0031409263610839844,0,0.0
3849,16,0.3431364452907351,0.0026159103362797254,1.0,0.9463946303571862,0.00655817985534668,0,0.0
1392,16,0.3431161055799472,0.002570734497052918,1.0,0.9463946303571862,0.005796194076538086,0,0.0
1885,16,0.34310551876598955,0.0025473184682549554,1.0,0.9463946303571862,0.0022249221801757812,0,0.0
4738,16,0.34310413374171633,0.002544107239869864,1.0,0.9463946303571862,0.006546974182128906,0,0.0
5588,16,0.34310079951289174,0.0025368419164744083,1.0,0.9463946303571862,0.001878976821899414,0,0.0
4956,16,0.3430633769409008,0.002453598420408043,1.0,0.9463946303571862,0.0045430660247802734,0,0.0
1749,16,0.3430470266365005,0.0024173458629522804,1.0,0.9463946303571862,0.0019040107727050781,0,0.0
3421,16,0.3430450211256667,0.002412254485763987,1.0,0.9463946303571862,0.022467851638793945,0,0.0
5451,16,0.34301411560136014,0.002343286217499685,1.0,0.9463946303571862,0.03184199333190918,0,0.0
5096,16,0.3430086540060296,0.0023320586262399745,1.0,0.9463946303571862,0.0023810863494873047,0,0.0
2592,16,0.3429944739878925,0.002300548372573097,1.0,0.9463946303571862,0.002351999282836914,0,0.0
1059,16,0.34298709824227563,0.00228384343801169,1.0,0.9463946303571862,0.01253819465637207,0,0.0
3120,16,0.3429846661428698,0.0022784723573072707,1.0,0.9463946303571862,0.011450052261352539,0,0.0
5275,16,0.3429677027048447,0.0022410143426034868,1.0,0.9463946303571862,0.0037221908569335938,0,0.0
4109,16,0.34296709226714356,0.0022396816488781113,1.0,0.9463946303571862,0.002949953079223633,0,0.0
4947,16,0.3429610541229769,0.002226214255480974,1.0,0.9463946303571862,0.004547119140625,0,0.0
2734,16,0.34295690427432907,0.002217041657487151,1.0,0.9463946303571862,0.0029501914978027344,0,0.0
1088,16,0.3429545303843368,0.0022117814168023386,1.0,0.9463946303571862,0.0024619102478027344,0,0.0
2955,16,0.34295233208311615,0.00220560898982336,1.0,0.9463946303571862,0.04417085647583008,0,0.0
5404,16,0.34294431512883733,0.0021890657565408755,1.0,0.9463946303571862,0.002950906753540039,0,0.0
5274,16,0.3429419726053297,0.0021838735413947097,1.0,0.9463946303571862,0.0025169849395751953,0,0.0
5397,16,0.3429416820214625,0.0021826803271260964,1.0,0.9463946303571862,0.020255088806152344,0,0.0
2599,16,0.34293326610814867,0.0021644804335583245,1.0,0.9463946303571862,0.003985881805419922,0,0.0
1209,16,0.3429217736744752,0.002138162306141722,1.0,0.9463946303571862,0.029237985610961914,0,0.0
2436,16,0.342913568370638,0.002120805236469847,1.0,0.9463946303571862,0.0008251667022705078,0,0.0
5381,16,0.3429134212390257,0.002120434824809614,1.0,0.9463946303571862,0.0022330284118652344,0,0.0
5443,16,0.3429049766181886,0.0021003652337464596,1.0,0.9463946303571862,0.04447507858276367,0,0.0
1072,16,0.342902955346649,0.0020971658067816534,1.0,0.9463946303571862,0.002604961395263672,0,0.0
5442,16,0.34290065896495814,0.0020908409735942435,1.0,0.9463946303571862,0.0421900749206543,0,0.0
3409,16,0.3428856930496825,0.002058602616159977,1.0,0.9463946303571862,0.009166955947875977,0,0.0
2676,16,0.3428761859825622,0.002037612405352607,1.0,0.9463946303571862,0.00474095344543457,0,0.0
4715,16,0.34287471188754515,0.0020343846019905687,1.0,0.9463946303571862,0.003186941146850586,0,0.0
5211,16,0.34287281827814525,0.0020301620699463285,1.0,0.9463946303571862,0.003657102584838867,0,0.0
3165,16,0.3428587852998715,0.0019982169713432807,1.0,0.9463946303571862,0.028303861618041992,0,0.0
3846,16,0.34283912739439276,0.00195401087988456,1.0,0.9463946303571862,0.0452120304107666,0,0.0
8278,79,0.3406058815405026,0.18068550746883139,0.7244096026643507,0.8538743749779858,3.819493055343628,18,0.22784810126582278
8274,7,0.3395684668625641,0.008742016687000587,0.863120568566631,0.8699155297736259,6.210000038146973,0,0.0
1766,12,0.3383863722377056,0.005527652719435672,0.9182958340544896,0.9355245321275765,6.540960073471069,0,0.0
8536,16,0.33667021382073886,0.008413395690788583,1.0,0.885891110799899,0.03737807273864746,0,0.0
8650,16,0.336142702253357,0.007242185664103951,1.0,0.885891110799899,0.0037500858306884766,0,0.0
8198,16,0.3360401950486481,0.007014073947630095,1.0,0.885891110799899,0.014050960540771484,0,0.0
6427,16,0.33593114368377913,0.006772034861260101,1.0,0.885891110799899,0.004419088363647461,0,0.0
8632,16,0.33588166272660996,0.006662106657205902,1.0,0.885891110799899,0.0034639835357666016,0,0.0
8519,16,0.33579943184291944,0.006479398336736608,1.0,0.885891110799899,0.0025899410247802734,0,0.0
3837,16,0.3355340337576943,0.005889657868836884,1.0,0.885891110799899,0.0015189647674560547,0,0.0
3115,16,0.33472648791264215,0.004095064502980916,1.0,0.885891110799899,0.0030431747436523438,0,0.0
5402,16,0.33453829840157284,0.003676868989165971,1.0,0.885891110799899,0.002933025360107422,0,0.0
1489,16,0.3341723211442799,0.0028636049301724587,1.0,0.885891110799899,0.0023260116577148438,0,0.0
281,16,0.3340682147115524,0.00263097097478604,1.0,0.885891110799899,0.04400300979614258,0,0.0
2440,16,0.33388937927398255,0.0022348280581496738,1.0,0.885891110799899,0.0028820037841796875,0,0.0
3127,16,0.33381628189288354,0.002072335046086393,1.0,0.885891110799899,0.004644155502319336,0,0.0
5270,16,0.333814344784094,0.0020681047773903893,1.0,0.885891110799899,0.0022330284118652344,0,0.0
8214,32,0.3316071184137323,0.009531290856645835,1.0,0.9463946303571862,0.25228190422058105,0,0.0
6970,32,0.33098745987070005,0.008066276092762559,1.0,0.9463946303571862,3.1033451557159424,0,0.0
2025,8,0.330912126081625,0.005857982626416902,0.9056390622295665,0.8112781244591328,2.0,0,0.0
6999,20,0.33069764037054494,0.00866970882142315,1.0,0.8804820237218406,0.18779706954956055,0,0.0
6996,32,0.3306879890424522,0.007488781017593871,1.0,0.9463946303571862,0.2522859573364258,0,0.0
6167,32,0.33057079723819827,0.0072198670992196234,1.0,0.9463946303571862,0.5272870063781738,0,0.0
6847,32,0.3305346526770344,0.0071429121827124575,1.0,0.9463946303571862,0.41821789741516113,0,0.0
7018,32,0.3304217496434339,0.0068256043287791,1.0,0.9463946303571862,2.569973945617676,0,0.0
8572,32,0.33036241626227253,0.006694602928923654,1.0,0.9463946303571862,2.5424158573150635,0,0.0
4161,10,0.32910742263175985,0.006480454264722213,0.8173454221465103,0.9349775297671233,7.0,0,0.0
5267,32,0.3287386450882983,0.0031476775728144224,1.0,0.9463946303571862,0.5512728691101074,0,0.0
4105,32,0.32858288801128127,0.0028152898043016794,1.0,0.9463946303571862,0.10612702369689941,0,0.0
4740,32,0.3284746237788722,0.002557213117239221,1.0,0.9463946303571862,0.6727869510650635,0,0.0
938,32,0.3284475768798159,0.0024163578783545914,1.0,0.9463946303571862,3.2891199588775635,0,0.0
5291,32,0.32843375158543114,0.0024747972883608638,1.0,0.9463946303571862,0.40026187896728516,0,0.0
2727,32,0.32842712314806505,0.002471056625525714,1.0,0.9463946303571862,0.04421186447143555,0,0.0
2671,32,0.3283916601486329,0.002385694862046428,1.0,0.9463946303571862,0.25659704208374023,0,0.0
2975,32,0.32839066732541594,0.0023769077571388353,1.0,0.9463946303571862,0.4698159694671631,0,0.0
3091,32,0.32838039231360566,0.002360308381130216,1.0,0.9463946303571862,0.2678349018096924,0,0.0
1350,32,0.3283695531622629,0.0023423264096424923,1.0,0.9463946303571862,0.07003188133239746,0,0.0
934,32,0.32835135032801,0.0023039173319825412,1.0,0.9463946303571862,0.0038819313049316406,0,0.0
5398,32,0.32833366496726024,0.002158151655719198,1.0,0.9463946303571862,3.4533438682556152,0,0.0
5299,32,0.32832155576648586,0.0022086286425099244,1.0,0.9463946303571862,0.9460270404815674,0,0.0
5316,32,0.3283140352131824,0.0022085169754169076,1.0,0.9463946303571862,0.40816521644592285,0,0.0
5107,32,0.32831203006837567,0.002216076040473358,1.0,0.9463946303571862,0.01888108253479004,0,0.0
2737,32,0.3283105586415955,0.0021728770737247105,1.0,0.9463946303571862,1.3125848770141602,0,0.0
2984,20,0.32830784667374746,0.0033508761675962173,1.0,0.8804820237218406,0.45282888412475586,0,0.0
4725,32,0.3283040899945661,0.002197000729209364,1.0,0.9463946303571862,0.06523585319519043,0,0.0
278,32,0.32828721498019614,0.002133664828523063,1.0,0.9463946303571862,0.902318000793457,0,0.0
5312,32,0.32824538246549567,0.002067041983859874,1.0,0.9463946303571862,0.048957109451293945,0,0.0
8589,12,0.3267780909156471,0.011797372090896263,0.8112781244591328,0.9463946303571862,6.0,0,0.0
7278,20,0.32549670255005664,0.004383868750964082,1.0,0.8586727110732552,0.12206888198852539,0,0.0
8678,24,0.32474812500919825,0.009367740110467704,0.9182958340544896,0.9463946303571862,0.3055140972137451,0,0.0
6410,48,0.32403805792909957,0.007065234408509924,1.0,0.9463946303571862,2.3035991191864014,0,0.0
6536,24,0.32397289270591056,0.007648630617607566,0.9182958340544896,0.9463946303571862,0.18793582916259766,0,0.0
8195,48,0.323645963573895,0.006261110968502792,1.0,0.9463946303571862,0.1264050006866455,0,0.0
3915,8,0.32253070624957714,0.018531930157689502,0.8112781244591328,0.8112781244591328,7.0,0,0.0
713,24,0.32204974975150935,0.003362578927709081,0.9182958340544896,0.9463946303571862,0.5897178649902344,0,0.0
1757,48,0.32200937221483406,0.002550532978519926,1.0,0.9463946303571862,2.514554023742676,0,0.0
5298,48,0.3219771313967277,0.0023429260120467754,1.0,0.9463946303571862,6.919680833816528,0,0.0
5002,24,0.32186150802963137,0.002791627569622812,0.9182958340544896,0.9463946303571862,5.535137891769409,0,0.0
3159,24,0.3216475667778104,0.002485043951123145,0.9182958340544896,0.9463946303571862,0.06467700004577637,0,0.0
3826,24,0.3216369265884042,0.0024230260054755037,0.9182958340544896,0.9463946303571862,1.30796480178833,0,0.0
6460,26,0.3214875251618305,0.010526556430274003,0.9957274520849255,0.8544331739801853,0.23427581787109375,0,0.0
4041,24,0.3214853585505032,0.0021218495576210694,0.9182958340544896,0.9463946303571862,0.1531829833984375,0,0.0
5411,24,0.32144979227827347,0.0020360572547767353,0.9182958340544896,0.9463946303571862,0.372081995010376,0,0.0
1102,24,0.3214304580214794,0.0019817225506676417,0.9182958340544896,0.9463946303571862,0.7404599189758301,0,0.0
5216,8,0.32100215342263166,0.015196874492872547,0.8112781244591328,0.8112781244591328,5.0,0,0.0
939,40,0.32052479559249586,0.0028047676312275005,0.9709505944546686,0.9463946303571862,2.7424681186676025,0,0.0
8515,64,0.32027894409059865,0.00722821181109623,1.0,0.9463946303571862,4.827903985977173,0,0.0
7318,8,0.31868853638617745,0.010055503300752,0.8112781244591328,0.8112781244591328,5.0,0,0.0
6264,8,0.31840382669504674,0.009422815098239279,0.8112781244591328,0.8112781244591328,5.0,0,0.0
8514,72,0.3181701386132124,0.008670342473487191,0.9910760598382222,0.9463946303571862,5.591155052185059,0,0.0
7408,8,0.31806533237962664,0.008670605508416918,0.8112781244591328,0.8112781244591328,5.0,0,0.0
2435,64,0.31797460011512174,0.0022505301737874017,1.0,0.9463946303571862,0.19202280044555664,0,0.0
8921,8,0.3170258968933158,0.006329884674639685,0.8112781244591328,0.8112781244591328,6.0,0,0.0
933,24,0.3168081577318797,0.0030249509942880115,0.9182958340544896,0.9125056054120886,0.13570690155029297,0,0.0
597,9,0.3166214244814121,0.00813017128644633,0.7233083338141041,0.9182958340544896,4.0,0,0.0
4364,9,0.3163807873775147,0.00750282957408166,0.7233083338141041,0.9182958340544896,7.0,0,0.0
4714,80,0.3156104171118692,0.0027168869573832577,1.0,0.9463946303571862,4.891942977905273,0,0.0
5309,72,0.3155395480421605,0.0029064462706975824,0.9910760598382222,0.9463946303571862,2.938870906829834,0,0.0
8674,88,0.31550660114972473,0.006791290717392928,0.9940302114769565,0.9463946303571862,4.804013967514038,0,0.0
7067,20,0.3154925719035415,0.008749205456275555,1.0,0.7788813907161498,0.13401293754577637,0,0.0
1451,20,0.31431191029108196,0.0061257384442310325,1.0,0.7788813907161498,0.1267080307006836,0,0.0
8568,32,0.31427909798490744,0.008318119434887361,1.0,0.8343225166542535,2.3203930854797363,0,0.0
5168,9,0.31427015885329457,0.0028742723597654507,0.7233083338141041,0.9182958340544896,5.0,0,0.0
8302,20,0.31423984286168605,0.005963781535471391,1.0,0.7788813907161498,0.1852569580078125,0,0.0
8196,32,0.3142147825154663,0.008204242498913716,1.0,0.8343225166542535,1.3792920112609863,0,0.0
800,20,0.3141061469645409,0.005667996296721767,1.0,0.7788813907161498,0.1425940990447998,0,0.0
7013,32,0.313846672915334,0.007407600085688415,1.0,0.8343225166542535,0.686614990234375,0,0.0
2288,20,0.3138326031860297,0.005060867498233201,1.0,0.7788813907161498,0.11841511726379395,0,0.0
6168,32,0.3136150545693477,0.006896101911410102,1.0,0.8343225166542535,0.5826349258422852,0,0.0
3420,96,0.31358261093698553,0.002469382802159359,1.0,0.9463946303571862,7.184131145477295,0,0.0
1205,96,0.3134132959219985,0.002274815703036559,1.0,0.9463946303571862,1.297424077987671,0,0.0
2846,20,0.3133905621219476,0.0040784837478833325,1.0,0.7788813907161498,0.12069201469421387,0,0.0
8655,32,0.31336973291745795,0.006353182156588755,1.0,0.8343225166542535,0.5100760459899902,0,0.0
0,20,0.31327834102173974,0.003828823714505547,1.0,0.7788813907161498,0.12975788116455078,0,0.0
6421,32,0.31315483876178757,0.005890790176668048,1.0,0.8343225166542535,0.01919698715209961,0,0.0
8192,64,0.31305201693906615,0.0064545987402376825,0.954434002924965,0.9463946303571862,1.6669809818267822,0,0.0
9274,20,0.3129462503123936,0.003090765903029924,1.0,0.7788813907161498,0.13229990005493164,0,0.0
7065,20,0.3127981707211921,0.0027615095276786183,1.0,0.7788813907161498,0.13847589492797852,0,0.0
905,20,0.31271163131844665,0.0025688806013993704,1.0,0.7788813907161498,0.14881610870361328,0,0.0
1462,20,0.3124686044622374,0.0020296295646404783,1.0,0.7788813907161498,0.12261605262756348,0,0.0
2959,20,0.3121752761937576,0.0013773947752758753,1.0,0.7788813907161498,0.13538789749145508,0,0.0
3827,32,0.3121435633016659,0.0036275399880518755,1.0,0.8343225166542535,0.5366699695587158,0,0.0
1601,32,0.31178090364164035,0.0028269843886299384,1.0,0.8343225166542535,0.3631758689880371,0,0.0
3169,32,0.3117666656400901,0.0027946655250739028,1.0,0.8343225166542535,0.38517093658447266,0,0.0
2978,36,0.3117412025072856,0.0026526726424462854,1.0,0.8480368059161336,0.6224830150604248,0,0.0
5488,32,0.31172656466856996,0.0027064122249571554,1.0,0.8343225166542535,0.35730791091918945,0,0.0
5313,32,0.31139517086484964,0.001973627779543352,1.0,0.8343225166542535,0.23917007446289062,0,0.0
5289,120,0.3108353631943074,0.0023272595233410076,0.9967916319816366,0.9463946303571862,3.7971701622009277,0,0.0
3889,10,0.3107234457357817,0.0046406032758057325,0.7219280948873623,0.9138646883853215,1.490656852722168,0,0.0
1201,128,0.31069734345795624,0.0023478143788884243,1.0,0.9463946303571862,0.28532910346984863,0,0.0
4993,112,0.3101120319438964,0.0030464724071810334,0.9852281360342515,0.9463946303571862,7.162614107131958,0,0.0
1193,128,0.3091961869529192,0.002712917442405205,0.9886994082884974,0.9463946303571862,2.419111967086792,0,0.0
2644,11,0.30860401083871786,0.00854873530491751,0.9456603046006401,0.6840384356390417,0.0,0,0.0
2437,144,0.30853003429949716,0.0026324848292212932,0.9910760598382222,0.9463946303571862,4.186506986618042,0,0.0
6983,26,0.3084014717571211,0.014800824241456012,0.9957274520849255,0.75435335616497,0.4141860008239746,0,0.0
4577,24,0.30751178385683425,0.005463076279608736,1.0,0.7614744352643517,0.5331740379333496,0,0.0
40,24,0.3073767935461097,0.005155936695909191,1.0,0.7614744352643517,0.7651941776275635,0,0.0
6261,24,0.3072370061779278,0.00483029958450254,1.0,0.7614744352643517,1.2511460781097412,0,0.0
1071,200,0.30709711762442893,0.002513188557521473,0.9988455359952018,0.9463946303571862,2.737598180770874,0,0.0
4218,24,0.30698967452498727,0.004273226441927069,1.0,0.7614744352643517,1.4924368858337402,0,0.0
1058,120,0.3069708317335876,0.0024337426788350047,0.9709505944546686,0.9463946303571862,1.184056043624878,0,0.0
9302,28,0.30656743468957076,0.014575723070699098,1.0,0.7480405137541007,0.42011594772338867,0,0.0
2111,224,0.3064176633256427,0.0034179090232725473,0.996316519558962,0.9463946303571862,7.910617113113403,0,0.0
4713,168,0.3063697194827066,0.002501143737679845,0.9852281360342515,0.9463946303571862,5.072748899459839,0,0.0
936,32,0.3062323777083306,0.005201089304732287,1.0,0.7899823537338179,2.822068929672241,0,0.0
3437,18,0.30580578245496554,0.026816143971896134,0.9206198357143051,0.723290859226812,0.8252170085906982,0,0.0
5498,24,0.3056503302457061,0.0012973491547633165,1.0,0.7614744352643517,1.4780728816986084,0,0.0
1463,24,0.30556207475649977,0.0011141389267969037,1.0,0.7614744352643517,1.0596890449523926,0,0.0
25,24,0.3053907456620449,0.0007617485032284099,1.0,0.7614744352643517,0.14144396781921387,0,0.0
6849,40,0.30469177111694823,0.009166226595937799,0.9709505944546686,0.821599239278989,4.443659067153931,0,0.0
3832,11,0.3046711777892213,0.012940319168568193,0.9056185178648963,0.6840384356390417,7.0,0,0.0
8190,48,0.30426949795779396,0.007837176026038173,1.0,0.8124705732082964,0.33618998527526855,0,0.0
8628,48,0.3041978162383369,0.007682312169356997,1.0,0.8124705732082964,0.19269514083862305,0,0.0
7894,40,0.3039512392373365,0.007609696712067682,0.9709505944546686,0.821599239278989,1.556931972503662,0,0.0
6846,48,0.30388376131511624,0.006861619626541526,1.0,0.8124705732082964,4.1711790561676025,0,0.0
8189,48,0.3036230451900989,0.006408704348105587,1.0,0.8124705732082964,0.07407307624816895,0,0.0
6072,28,0.3031167840994349,0.0068899658631061955,1.0,0.7480405137541007,0.9918069839477539,0,0.0
4601,28,0.3026806709702754,0.0059079049521409965,1.0,0.7480405137541007,1.4104351997375488,0,0.0
914,48,0.30241745957924454,0.003677811851788171,1.0,0.8124705732082964,1.7528259754180908,0,0.0
2600,48,0.30216519382439644,0.003034230883402156,1.0,0.8124705732082964,4.4417150020599365,0,0.0
5676,48,0.30205244289872907,0.00285165586350844,1.0,0.8124705732082964,2.239078998565674,0,0.0
1872,40,0.3019896701158521,0.0032266069687791887,0.9709505944546686,0.821599239278989,2.3360629081726074,0,0.0
5260,48,0.3019553894431803,0.0026549612409153545,1.0,0.8124705732082964,1.624135971069336,0,0.0
7333,24,0.30186385062076665,0.012025628886188855,1.0,0.7041722720787553,0.11863899230957031,0,0.0
2736,48,0.30178288252490637,0.002257954018910824,1.0,0.8124705732082964,2.066671848297119,0,0.0
1469,28,0.30177523726768574,0.0038858358670811333,1.0,0.7480405137541007,1.7342469692230225,0,0.0
2884,8,0.301445202794389,0.019089167305796906,0.8112781244591328,0.6695919455357793,1.0,0,0.0
6063,28,0.3012719697604015,0.0027921803871052697,1.0,0.7480405137541007,0.9334239959716797,0,0.0
6409,312,0.3008606624116993,0.00730110262634176,0.9612366047228759,0.9463946303571862,7.755165100097656,0,0.0
5008,40,0.29970440154395694,0.0030397895487798143,0.9709505944546686,0.8069984354977132,1.5382909774780273,0,0.0
3814,2,0.2988802613223841,0.016575340777593595,1.0,-0.0,0.00012493133544921875,0,0.0
8571,56,0.2984752737624959,0.00691235811398061,0.9852281360342515,0.805571207671422,1.345454216003418,0,0.0
8188,64,0.2981749932784281,0.006813888135494661,1.0,0.8001555810781786,6.149264812469482,0,0.0
6480,64,0.2980269620126615,0.0066226724807700865,1.0,0.8001555810781786,1.6864008903503418,0,0.0
3048,2,0.29773335951693924,0.014026673954732782,-0.0,1.0,0.0,0,0.0
4596,32,0.29685231059998063,0.001948334560807452,1.0,0.737332922877844,1.4603440761566162,0,0.0
274,80,0.2968368371675645,0.0026152235787554323,1.0,0.821599239278989,4.278304100036621,0,0.0
3858,56,0.2968023894990699,0.003173184787392813,0.9852281360342515,0.805571207671422,2.0470030307769775,0,0.0
5672,80,0.29679411606432793,0.0025112768371741145,1.0,0.821599239278989,4.570259094238281,0,0.0
1756,80,0.2967835940528606,0.0025905542225992395,1.0,0.821599239278989,1.2440869808197021,0,0.0
2854,32,0.2964591400925314,0.0010952235269152677,1.0,0.737332922877844,0.7928650379180908,0,0.0
5685,64,0.2962338034583963,0.002507467912737149,1.0,0.8001555810781786,5.9116129875183105,0,0.0
5379,64,0.29622495517392783,0.0024749268788126777,1.0,0.8001555810781786,6.328866004943848,0,0.0
1613,64,0.296142786433483,0.0024469012551788794,1.0,0.8001555810781786,1.320746898651123,0,0.0
3089,64,0.2960879120423518,0.0022792981581007954,1.0,0.8001555810781786,2.80013108253479,0,0.0
7950,40,0.29595495174886277,0.007564567009715639,0.9709505944546686,0.768541369013069,0.3114340305328369,0,0.0
2756,2,0.29527232119618674,0.008557699908616101,-0.0,1.0,0.0,0,0.0
2723,2,0.29505765623272473,0.00808066665647833,-0.0,1.0,0.0,0,0.0
8115,80,0.2943411958928796,0.006949403224511763,1.0,0.7921652328741675,2.051980972290039,0,0.0
1371,48,0.29371488671023477,0.004190454461132531,1.0,0.7530703020772518,0.0808870792388916,0,0.0
2441,2,0.2937092573337598,0.005084224658778447,-0.0,1.0,0.0,0,0.0
4028,2,0.2936100903739014,0.004863853636870807,-0.0,1.0,0.0,0,0.0
680,2,0.2935371626234639,0.004701791969232039,-0.0,1.0,0.0,0,0.0
7314,2,0.2933963822425134,0.004265489888107488,1.0,-0.0,4.0,0,0.0
3847,48,0.29324803009976086,0.0031391989118879637,1.0,0.7530703020772518,0.5278909206390381,0,0.0
5845,2,0.29315860248235415,0.0038296830136794746,1.0,-0.0,1.0,0,0.0
2447,2,0.2931322171057005,0.003801913040868854,-0.0,1.0,0.0,0,0.0
4938,48,0.2929896031465128,0.0025756470351107064,1.0,0.7530703020772518,0.18023109436035156,0,0.0
3978,28,0.29292197241102,0.005710582559371291,1.0,0.6836324803598676,0.7841451168060303,0,0.0
2439,2,0.2929147209822145,0.003318588322011151,-0.0,1.0,0.0,0,0.0
1561,2,0.2928422499583324,0.003157541602273106,1.0,-0.0,0.0,0,0.0
5363,2,0.29276760690898923,0.0029916681592883076,1.0,-0.0,0.0,0,0.0
3095,72,0.2927623269189898,0.0025128904532327745,0.9910760598382222,0.7957805170753431,2.362581968307495,0,0.0
1500,2,0.2927606839011194,0.002976283697355475,1.0,-0.0,0.0,0,0.0
9428,2,0.2926082714122672,0.0026375892776837606,-0.0,1.0,0.0,0,0.0
8293,2,0.29254950101286314,0.0025069883901192025,-0.0,1.0,0.0,0,0.0
1768,2,0.2925128877492306,0.002425625582046953,-0.0,1.0,0.0,0,0.0
7219,2,0.29243382844634475,0.002126481452177087,1.0,-0.0,4.0,0,0.0
4036,80,0.2924215798878732,0.002530576787552974,1.0,0.7921652328741675,7.009605169296265,0,0.0
2735,80,0.29235933656289087,0.00238190331982735,1.0,0.7921652328741675,7.34510612487793,0,0.0
5347,2,0.2923582062895184,0.002081889004908688,1.0,-0.0,0.0,0,0.0
3835,80,0.29234636004003034,0.002546479686295511,1.0,0.7921652328741675,1.0785222053527832,0,0.0
2653,2,0.292309053363942,0.001972660281405414,1.0,-0.0,0.0,0,0.0
2655,2,0.292266161528971,0.0018773450925810842,1.0,-0.0,0.0,0,0.0
2645,2,0.29224379296230485,0.0018276371666563485,1.0,-0.0,0.0,0,0.0
71,2,0.29220225222588603,0.0017353244190589923,1.0,-0.0,0.0,0,0.0
8559,88,0.292079397106966,0.0071487161788510445,0.9940302114769565,0.7891227657264254,5.000875949859619,0,0.0
2650,2,0.29204799347347604,0.0013925271914811965,1.0,-0.0,0.0,0,0.0
5368,2,0.29204612639204863,0.0013883781216426083,1.0,-0.0,0.0,0,0.0
5872,2,0.2920255700093456,0.0013426972711914065,1.0,-0.0,0.0,0,0.0
5428,2,0.2920169036526103,0.0013234387006684223,1.0,-0.0,0.0,0,0.0
355,2,0.2920158795369746,0.0013211628881446558,1.0,-0.0,0.0,0,0.0
8193,64,0.2919936606048381,0.008232726270061108,0.954434002924965,0.8001555810781786,7.235725164413452,0,0.0
2658,2,0.2919125131407323,0.0010914597853839414,1.0,-0.0,0.0,0,0.0
4820,2,0.29187741866120415,0.001013472053099207,1.0,-0.0,0.0,0,0.0
5330,2,0.2918585241437628,0.0009714842365627918,1.0,-0.0,0.0,0,0.0
5869,2,0.2917876628689606,0.0008140147370023776,1.0,-0.0,0.0,0,0.0
2662,2,0.2917590916272121,0.0007505230886724057,1.0,-0.0,0.0,0,0.0
6490,88,0.29174931058910325,0.00654442678725331,0.9940302114769565,0.7891227657264254,0.8136229515075684,0,0.0
8787,2,0.2917214723908054,0.0006669247855465299,-0.0,1.0,0.0,0,0.0
5266,2,0.29168944030849775,0.0005031497878257296,1.0,-0.0,3.0,0,0.0
5995,2,0.2916814091393208,0.0005778953378028362,1.0,-0.0,0.0,0,0.0
2795,2,0.29167653992753184,0.0005670748671606773,-0.0,1.0,0.0,0,0.0
491,2,0.2916207637599936,0.00044312782818678453,1.0,-0.0,0.0,0,0.0
61,2,0.29160038306472386,0.00018178801153800883,1.0,-0.0,7.0,0,0.0
4846,2,0.2915854141453472,0.00036457312897275607,1.0,-0.0,0.0,0,0.0
5863,2,0.29158411191815814,0.00036167929077479677,1.0,-0.0,0.0,0,0.0
2843,2,0.2915803817605318,0.00035339005160506254,-0.0,1.0,0.0,0,0.0
4556,2,0.2915786098838582,0.0003494525478859867,-0.0,1.0,0.0,0,0.0
5272,2,0.291557570491049,0.0003026983416434259,-0.0,1.0,0.0,0,0.0
1216,2,0.2915513169934907,0.0002888016804025728,-0.0,1.0,0.0,0,0.0
6021,2,0.2915389429743855,0.000168711267576227,1.0,-0.0,3.0,0,0.0
6008,2,0.29152538189781263,0.00013857554185880971,1.0,-0.0,3.0,0,0.0
9322,2,0.29151486830184653,0.00020780458786007205,-0.0,1.0,0.0,0,0.0
6031,2,0.29150703186521515,9.779769164219854e-05,1.0,-0.0,3.0,0,0.0
1222,2,0.2915050858200021,0.00018606573931689852,-0.0,1.0,0.0,0,0.0
1232,2,0.29150390096504775,0.00018343272830723123,-0.0,1.0,0.0,0,0.0
7482,2,0.29149268493951264,3.505143699467084e-05,1.0,-0.0,4.0,0,0.0
5705,2,0.29149099661239114,6.216379647772108e-05,1.0,-0.0,3.0,0,0.0
62,2,0.29147840442235884,9.590954702320964e-05,1.0,-0.0,1.0,0,0.0
1234,2,0.2914770533795255,0.00012377142714670164,-0.0,1.0,0.0,0,0.0
1212,2,0.2914752055188032,0.0001196650699859525,-0.0,1.0,0.0,0,0.0
1227,2,0.29147069001837433,0.00010963062458846373,-0.0,1.0,0.0,0,0.0
8271,2,0.29146330816870114,9.322651420373695e-05,1.0,-0.0,0.0,0,0.0
4586,2,0.29146266554167577,9.179845414730714e-05,-0.0,1.0,0.0,0,0.0
1224,2,0.29145236660853524,6.891193605729207e-05,-0.0,1.0,0.0,0,0.0
3582,2,0.29144924404640715,2.4451404412317856e-07,1.0,-0.0,2.0,0,0.0
4667,2,0.2914363220809084,3.325743021975747e-05,-0.0,1.0,0.0,0,0.0
8300,2,0.2914259970780433,1.0312979408455547e-05,-0.0,1.0,0.0,0,0.0
6454,52,0.2908727731810561,0.008927593649575183,0.9957274520849255,0.731632881754236,1.1733229160308838,0,0.0
4724,96,0.290529539374149,0.0027045444962762177,0.9798687566511528,0.8124705732082964,3.540985107421875,0,0.0
1611,96,0.28963403298126156,0.0027223642200593368,1.0,0.7865235625300341,1.2974529266357422,0,0.0
5388,64,0.28946351217398636,0.0026704432246669185,0.954434002924965,0.8001555810781786,5.283008813858032,0,0.0
1737,64,0.2894376848131078,0.002693160594454014,0.954434002924965,0.8001555810781786,2.6873960494995117,0,0.0
5294,112,0.28871983502524345,0.002444979140990289,0.9852281360342515,0.805571207671422,7.305782794952393,0,0.0
4992,112,0.28767110721382844,0.003009598814823433,1.0,0.7823084437114712,5.205422878265381,0,0.0
2673,132,0.287432909870546,0.002676430839142374,1.0,0.7914015601426437,7.957179069519043,0,0.0
1628,60,0.28700772906121425,0.003157880231143939,0.9871377743721863,0.7442115396792217,4.636574983596802,0,0.0
9019,32,0.2863546710332369,0.00914711129880108,0.8112781244591328,0.8343225166542535,3.098572015762329,0,0.0
5003,64,0.2859915821657114,0.002377382781191262,1.0,0.7321049420313637,7.633339881896973,0,0.0
4991,48,0.2839509195859794,0.04020741987131149,0.7971804688852169,0.782314397537415,4.740279912948608,0,0.0
7003,80,0.2836289142090452,0.007764924221748126,1.0,0.718453978928621,0.4263620376586914,0,0.0
6963,64,0.28349143839785895,0.008911956805122356,0.8960382325345574,0.8001555810781786,3.7429771423339844,0,0.0
8673,80,0.2833337234774168,0.007033278804070342,1.0,0.718453978928621,2.8779408931732178,0,0.0
319,9,0.2819675753221233,0.004411593730933472,0.5032583347756457,0.9182958340544894,5.944762945175171,0,0.0
4106,48,0.28189085114334056,0.004980123734196429,0.9182958340544896,0.7530703020772518,5.570034027099609,0,0.0
3418,80,0.28160130955078944,0.003186694829327541,1.0,0.718453978928621,2.773458957672119,0,0.0
5587,80,0.28152054318622555,0.0029073289528351864,1.0,0.718453978928621,6.009735107421875,0,0.0
5394,48,0.2807650720381121,0.002543380694783437,0.9182958340544896,0.7530703020772518,3.4644129276275635,0,0.0
467,200,0.28027095334409285,0.002744475398094748,0.9953784388202257,0.7701982839739778,4.125266790390015,0,0.0
2110,88,0.27907336665238586,0.003576203157456659,0.9940302114769565,0.7132476540834156,3.767310857772827,0,0.0
8582,120,0.2789709981860356,0.007725548003423843,0.9967916319816366,0.7175742772043793,5.918156862258911,0,0.0
6474,121,0.2785815075345367,0.007552113757566925,0.9975844702713691,0.7154431666307722,3.390669107437134,0,0.0
1192,256,0.27830549479417,0.0025536838795874317,0.9971803988942642,0.7664786030858104,7.739046096801758,0,0.0
4712,96,0.278078576953653,0.002826518093501984,1.0,0.7087964883037274,5.382435083389282,0,0.0
5106,96,0.2780717802983833,0.002971994449734061,1.0,0.7087964883037274,0.1796419620513916,0,0.0
1728,96,0.27803907522740895,0.002822686236837235,1.0,0.7087964883037274,2.6624629497528076,0,0.0
6408,112,0.27739388226189193,0.007193748934084421,1.0,0.7015719228286483,1.633188009262085,0,0.0
1748,104,0.27617732352491264,0.003056568676370608,0.9957274520849255,0.704943216693277,6.45507287979126,0,0.0
2590,104,0.2758149940821456,0.0023882397285827084,0.9957274520849255,0.704943216693277,2.0212109088897705,0,0.0
5308,112,0.2756112983589991,0.003042925813475761,1.0,0.7015719228286483,7.773816108703613,0,0.0
4735,112,0.2754148205549446,0.002761653849230994,1.0,0.7015719228286483,2.7406258583068848,0,0.0
8078,128,0.2752620000271251,0.0069939334121923435,1.0,0.6959458243838283,3.2534499168395996,0,0.0
7946,128,0.27430926784254317,0.008637776629424554,0.9886994082884974,0.6959458243838283,3.4426028728485107,0,0.0
1609,120,0.2741271510555995,0.0034287437282077837,0.9967916319816366,0.6985951978433772,1.3516790866851807,0,0.0
2806,3,0.27359951689978196,0.018065473470792903,-0.0,1.0,0.0,0,0.0
2816,3,0.27340879885479247,0.01764165559303843,-0.0,1.0,0.0,0,0.0
1165,128,0.27307777883704165,0.0022299417887340356,1.0,0.6959458243838283,0.3428528308868408,0,0.0
2866,3,0.2730668560819194,0.01688178276443153,-0.0,1.0,0.0,0,0.0
4566,3,0.27277413874374845,0.016231299790718356,-0.0,1.0,0.0,0,0.0
2834,3,0.2726729060540827,0.016006338258127806,-0.0,1.0,0.0,0,0.0
4546,3,0.2725085573930094,0.015641119011298277,-0.0,1.0,0.0,0,0.0
4615,3,0.2724879013929234,0.01559521678888498,-0.0,1.0,0.0,0,0.0
4590,3,0.2721152182339259,0.014767031991112844,-0.0,1.0,0.0,0,0.0
4720,128,0.2719615983419747,0.003312799651404519,0.9886994082884974,0.6959458243838283,6.939652919769287,0,0.0
2826,3,0.27189620970396633,0.014280346368980346,-0.0,1.0,0.0,0,0.0
4445,3,0.27179448648635335,0.014054294774284881,-0.0,1.0,0.0,0,0.0
8513,160,0.2710123525265112,0.006713726639325124,0.9927744539878083,0.6877174488152262,7.632130861282349,0,0.0
1057,152,0.2706603906960701,0.002836047901776273,0.9980008838722996,0.6894875044540327,2.7913520336151123,0,0.0
1204,176,0.27030680939584006,0.0026682947738394525,0.9940302114769565,0.6989482966012661,6.0287981033325195,0,0.0
2433,160,0.2700176893462974,0.0022695149397261583,1.0,0.6877174488152262,1.9729440212249756,0,0.0
3133,120,0.2700141490493338,0.0029126846832843167,0.9709505944546686,0.6985951978433772,1.0190529823303223,0,0.0
4572,40,0.26987812823573504,0.003700657052548295,0.9709505944546686,0.6061947970359738,1.3138010501861572,0,0.0
3110,74,0.2696313528110169,0.016625058062314957,0.802571088923638,0.789773337959534,3.5197129249572754,0,0.0
1860,136,0.2692237632111073,0.003077161927148797,0.9774178175281716,0.6935712235473683,2.939448118209839,0,0.0
1070,176,0.2691344427956826,0.0028025560198071675,1.0,0.6846074050771154,7.67625093460083,0,0.0
6420,208,0.26908804275159937,0.007043934069333457,1.0,0.6796787237039099,7.12504506111145,0,0.0
5288,160,0.2690645378694124,0.0023848848357654884,0.9927744539878083,0.6877174488152262,7.64394998550415,0,0.0
8144,208,0.2685496874924405,0.006038990189169868,1.0,0.6796787237039099,0.9236481189727783,0,0.0
7948,176,0.26769611455031256,0.007600365351857374,0.9760206482366149,0.6846074050771154,7.644593954086304,0,0.0
7601,224,0.26763897390696517,0.005819033786698569,1.0,0.6776891421901879,0.28622007369995117,0,0.0
2672,168,0.26759313315961775,0.0030131707267171404,0.9852281360342515,0.6860969792734856,7.783490896224976,0,0.0
1086,224,0.2662370720175256,0.0025421854235666563,1.0,0.6776891421901879,5.5191709995269775,0,0.0
3989,3,0.26611674403165786,0.001251904134220827,1.0,-0.0,6.0,0,0.0
7739,256,0.266056521324607,0.006163517302773647,0.9971803988942642,0.6743835182063835,3.4812700748443604,0,0.0
4609,3,0.2660192820233907,0.001066186091157939,1.0,-0.0,5.0,0,0.0
1168,3,0.26598331300598116,0.001078847533951599,1.0,-0.0,2.0,0,0.0
1436,3,0.26589130271123446,0.0008743802122922473,1.0,-0.0,2.0,0,0.0
4707,3,0.26586731764603905,0.0007284874748209047,1.0,-0.0,5.0,0,0.0
739,3,0.26584234901654136,0.0007655942240852864,1.0,-0.0,2.0,0,0.0
2954,99,0.26583083603069535,0.026516880204117688,0.7658576462631073,0.7924558612896193,3.6329400539398193,0,0.0
1476,3,0.26582544623108423,0.0007280324786250736,1.0,-0.0,2.0,0,0.0
4583,3,0.26581537809562383,0.0006130662516760088,1.0,-0.0,5.0,0,0.0
4524,3,0.2657710169023129,0.0005144858220962334,1.0,-0.0,5.0,0,0.0
4431,3,0.265769843271447,0.00048101355597440776,1.0,-0.0,6.0,0,0.0
4550,3,0.26576160754078604,0.000493576129814266,1.0,-0.0,5.0,0,0.0
1891,3,0.2657497759681251,0.0005598763387159034,1.0,-0.0,2.0,0,0.0
1453,3,0.2657336058794152,0.0005239428082494113,1.0,-0.0,2.0,0,0.0
4061,3,0.2657323861787398,0.0003977755721806808,1.0,-0.0,6.0,0,0.0
4631,3,0.2657241699299554,0.0004103814390794547,1.0,-0.0,5.0,0,0.0
265,3,0.26571601740797984,0.0005157215137018278,1.0,-0.0,1.0,0,0.0
2378,3,0.26570595053898377,0.0004007581011179484,1.0,-0.0,4.0,0,0.0
2848,3,0.26568572128739526,0.00038666840622980647,1.0,-0.0,3.0,0,0.0
890,3,0.26566721110313873,0.0003763988609684077,1.0,-0.0,2.0,0,0.0
4896,3,0.2656650499779429,0.0002790037679405444,1.0,-0.0,5.0,0,0.0
2620,3,0.26565256731040676,0.0002821287042801268,1.0,-0.0,4.0,0,0.0
1471,3,0.2656336191829187,0.00030175014936839606,1.0,-0.0,2.0,0,0.0
5473,3,0.26563105123629577,0.00011085841613212022,1.0,-0.0,8.0,0,0.0
5867,3,0.265630929022376,0.00011058682964382172,1.0,-0.0,8.0,0,0.0
4466,3,0.26562622439382116,0.00019272469211450982,1.0,-0.0,5.0,0,0.0
4570,3,0.2656222137651454,0.00018381218394614152,1.0,-0.0,5.0,0,0.0
1698,3,0.26562099392992383,0.0002736940316019343,1.0,-0.0,2.0,0,0.0
5997,3,0.265620571842332,8.757087399047236e-05,1.0,-0.0,8.0,0,0.0
1411,3,0.2656181713675504,0.00026742167077209444,1.0,-0.0,2.0,0,0.0
1286,3,0.265606443662087,0.0002413601030757384,1.0,-0.0,2.0,0,0.0
4746,3,0.26559978170415605,0.0001339631595254076,1.0,-0.0,5.0,0,0.0
1191,240,0.265596963679455,0.0026986867163708572,1.0,0.6759378704809361,5.89893102645874,0,0.0
5970,3,0.2655871220337714,1.3237966077994656e-05,1.0,-0.0,8.0,0,0.0
5579,3,0.26558288136300806,3.8142532706730847e-06,1.0,-0.0,8.0,0,0.0
5808,3,0.2655820001258866,1.855948556284126e-06,1.0,-0.0,8.0,0,0.0
1458,3,0.2655819190572836,0.0001868609812903932,1.0,-0.0,2.0,0,0.0
4593,3,0.26558030288586165,9.067689664898904e-05,1.0,-0.0,5.0,0,0.0
4256,3,0.26558015099379123,5.947516118387508e-05,1.0,-0.0,6.0,0,0.0
4779,3,0.26557213539937063,7.252692666892546e-05,1.0,-0.0,5.0,0,0.0
2707,3,0.26556791209488456,9.400600311970653e-05,1.0,-0.0,4.0,0,0.0
1447,3,0.2655622834957298,0.00014322640005970388,1.0,-0.0,2.0,0,0.0
2194,3,0.2655615759593091,7.992570184089942e-05,1.0,-0.0,4.0,0,0.0
2991,3,0.2655595641990875,7.545512357065576e-05,1.0,-0.0,4.0,0,0.0
4439,3,0.26555895920989303,1.238230807676377e-05,1.0,-0.0,6.0,0,0.0
976,3,0.26555546557170345,0.00012807545777882012,1.0,-0.0,2.0,0,0.0
2869,3,0.26555097362330515,5.636495516547768e-05,1.0,-0.0,4.0,0,0.0
2666,3,0.26554747287977953,4.8585525108557626e-05,1.0,-0.0,4.0,0,0.0
2527,3,0.2655458173996175,4.4906680304102053e-05,1.0,-0.0,4.0,0,0.0
3362,3,0.26554448734982417,1.1086816565697433e-05,1.0,-0.0,5.0,0,0.0
3873,3,0.2655423557208301,6.349863245547205e-06,1.0,-0.0,5.0,0,0.0
4560,3,0.26554023414479666,1.6352498378724434e-06,1.0,-0.0,5.0,0,0.0
2925,3,0.2655389135717412,2.9564840578921725e-05,1.0,-0.0,4.0,0,0.0
2810,3,0.2655380242088411,2.7588478578643993e-05,1.0,-0.0,4.0,0,0.0
2739,3,0.26553659355577264,2.4409249537615807e-05,1.0,-0.0,4.0,0,0.0
1544,3,0.2655341182585978,8.063698421068022e-05,1.0,-0.0,2.0,0,0.0
2783,3,0.2655340803234136,1.882428873967168e-05,1.0,-0.0,4.0,0,0.0
2838,3,0.2655331174280765,4.754871885481737e-05,1.0,-0.0,3.0,0,0.0
152,3,0.26553306670350424,0.000109164392644856,1.0,-0.0,1.0,0,0.0
2800,3,0.2655316059275961,1.3325631367577806e-05,1.0,-0.0,4.0,0,0.0
459,3,0.2655293941146704,7.013888659435086e-05,1.0,-0.0,2.0,0,0.0
1441,3,0.26552893265726707,6.911342569804191e-05,1.0,-0.0,2.0,0,0.0
2051,3,0.26552878366182053,7.0539296440630395e-06,1.0,-0.0,4.0,0,0.0
2762,3,0.26552577896902113,3.768345342436419e-07,1.0,-0.0,4.0,0,0.0
2294,3,0.2655256987448458,1.985585890151853e-07,1.0,-0.0,4.0,0,0.0
2829,3,0.2655248632119012,2.9206016243121802e-05,1.0,-0.0,3.0,0,0.0
354,3,0.26552117211192905,8.273196692221152e-05,1.0,-0.0,1.0,0,0.0
1776,3,0.2655189162160499,4.685466743759026e-05,1.0,-0.0,2.0,0,0.0
2820,3,0.26551672866123827,1.112923699209123e-05,1.0,-0.0,3.0,0,0.0
2860,3,0.26551285576097877,2.5227919709935875e-06,1.0,-0.0,3.0,0,0.0
1465,3,0.26551135840438067,3.0059530394921374e-05,1.0,-0.0,2.0,0,0.0
1633,3,0.2655096884626565,2.6348548785581904e-05,1.0,-0.0,2.0,0,0.0
1423,3,0.2654996164379205,3.9662715946020555e-06,1.0,-0.0,2.0,0,0.0
7952,312,0.2650632209566917,0.007094175117358326,0.999525689293649,0.6700852655661609,7.662858009338379,0,0.0
4737,264,0.2646472110869837,0.002845822216872018,0.9993375041688847,0.6736698318817607,7.6565940380096436,0,0.0
921,40,0.26418371142714864,0.002132473990079653,0.7219280948873623,0.821599239278989,5.199941158294678,0,0.0
4718,144,0.26288426787579894,0.0028654752314262177,0.9910760598382222,0.6413869439314536,4.225448846817017,0,0.0
9054,112,0.262527046875965,0.007863273099659618,0.8175817337644011,0.7823084437114712,7.691307067871094,0,0.0
1199,192,0.26115956436267024,0.0026264427448347005,0.954434002924965,0.6819607356547143,6.0982279777526855,0,0.0
8668,520,0.26075646876674485,0.005898549745440018,0.9998292601233936,0.6616840093827235,7.5276548862457275,0,0.0
1080,12,0.26013627108867154,0.007473229244487456,0.5152734452350943,0.8112781244591328,4.0,0,0.0
8191,58,0.25870481123141265,0.008188160636600994,0.6925704262454037,0.8323363972601152,1.643676996231079,0,0.0
8553,256,0.25846280234067737,0.006944449941597819,1.0,0.6184763383642209,4.7771360874176025,0,0.0
2342,10,0.2573843945119148,0.002392395193482999,0.8173454221465103,0.4689955935892812,8.0,0,0.0
7404,7,0.2570335535725043,0.008536895941640865,0.5916727785823275,0.5916727785823275,7.0,0,0.0
6925,7,0.25655432496796093,0.00768799286981614,0.5916727785823275,0.5916727785823275,0.0,0,0.0
2303,16,0.25641749253390866,0.012156587619400971,0.6695919455357793,0.6695919455357793,5.0,0,0.0
8040,3,0.25630749251463325,0.0068734745967437005,-0.0,0.9182958340544896,0.0,0,0.0
8055,3,0.25545798063232056,0.004954806216295737,-0.0,0.9182958340544896,1.0,0,0.0
8747,7,0.2552774294800623,0.004757854748559942,0.5916727785823275,0.5916727785823275,3.0,0,0.0
85,7,0.25525513279071615,0.004677442352482131,0.5916727785823275,0.5916727785823275,4.0,0,0.0
9188,7,0.25451806317452774,0.003132102464656006,0.5916727785823275,0.5916727785823275,1.0,0,0.0
2688,7,0.2537635134953977,0.0014553253999226579,0.5916727785823275,0.5916727785823275,1.0,0,0.0
2679,3,0.25326783316723933,0.0001186760469794601,-0.0,0.9182958340544896,0.0,0,0.0
2674,3,0.2532329153220021,4.108083534115625e-05,-0.0,0.9182958340544896,0.0,0,0.0
2741,3,0.25321522029287724,1.758548397012838e-06,-0.0,0.9182958340544896,0.0,0,0.0
50,4,0.2511609997663774,0.002487406888246113,1.0,-0.0,3.0,0,0.0
5821,4,0.2510719420497126,0.002258636653682422,1.0,-0.0,4.0,0,0.0
8194,64,0.2510583541148279,0.005549640489226126,0.5435644431995964,0.9463946303571862,4.8351500034332275,0,0.0
3164,4,0.2508257842550714,0.0018350718911870345,-0.0,1.0,0.00013709068298339844,0,0.0
6002,4,0.2507983548709285,0.001774121935396611,1.0,-0.0,0.0,0,0.0
5376,4,0.2506594181019392,0.0014653735598648687,1.0,-0.0,0.0,0,0.0
4072,4,0.25054016880155966,0.0012003751145770458,1.0,-0.0,0.0,0,0.0
8292,4,0.2461395768918015,0.00928973852938575,-0.0,0.9463946303571862,0.0,0,0.0
3436,150,0.2442673588647427,0.040006672503616336,0.5913223261607025,0.8075923564882217,7.0,0,0.0
3888,4,0.24408681477759792,0.00472804494226664,-0.0,0.9463946303571862,0.0,0,0.0
3868,4,0.2426779879789804,0.0014544174850166236,-0.0,0.9463946303571862,4.630000114440918,3,0.75
7130,4,0.24238433250424035,0.000759565816286889,0.9463946303571862,-0.0,6.0,0,0.0
7679,5,0.2407545695305306,0.012444037373098404,-0.0,0.9709505944546686,5.0,0,0.0
466,105,0.24039565031743634,0.021522763358572283,0.6571307760877629,0.7500790058553065,7.987540006637573,0,0.0
5643,5,0.2403769607061868,0.011604906652334379,-0.0,0.9709505944546686,5.0,0,0.0
8100,5,0.24033679142193734,0.011608234168817178,-0.0,0.9709505944546686,2.0,0,0.0
981,5,0.24009459011702713,0.010915688059140116,-0.0,0.9709505944546686,7.0,0,0.0
1170,5,0.24007852511231065,0.010941716443720773,-0.0,0.9709505944546686,5.0,0,0.0
2076,5,0.23999488456287332,0.010755848556082248,-0.0,0.9709505944546686,5.0,0,0.0
8443,5,0.23979204615530383,0.01030509653926115,-0.0,0.9709505944546686,5.0,0,0.0
9233,5,0.23951486487378323,0.009627409740820325,-0.0,0.9709505944546686,7.0,0,0.0
3211,15,0.2390193999368257,0.002417843985747292,0.5194602975157968,0.7219280948873623,6.0,0,0.0
1779,6,0.2388627613163891,0.01599825407717237,1.0,-0.0,1.0,0,0.0
2391,6,0.23880392885906965,0.015744058493005753,-0.0,1.0,5.0,0,0.0
7409,6,0.23762662621251315,0.013066101994485102,-0.0,1.0,7.0,0,0.0
2687,5,0.2361227371376207,0.002296755513193971,-0.0,0.9709505944546686,0.2799999713897705,0,0.0
8432,5,0.23572947384656562,0.001431479063052743,-0.0,0.9709505944546686,0.0,0,0.0
9214,5,0.23544338941893728,0.0007957358905453793,-0.0,0.9709505944546686,0.0,0,0.0
523,89,0.23458735187519839,0.0041431410293786275,0.6761933029287767,0.7338339120177267,1.3606970310211182,0,0.0
8444,14,0.2340365767707563,0.006695667486952717,0.5916727785823275,0.5916727785823275,5.0,0,0.0
8281,6,0.2337179840641911,0.004596279936485481,1.0,-0.0,0.0,0,0.0
122,6,0.23371718202244654,0.0045636334239667065,1.0,-0.0,1.0,0,0.0
2983,6,0.23353001832087728,0.00405512149455356,1.0,-0.0,4.0,0,0.0
103,6,0.23352675669138637,0.004078737626549089,1.0,-0.0,3.0,0,0.0
541,6,0.23352622417616717,0.004046690061864422,1.0,-0.0,4.0,0,0.0
5776,6,0.23347506101724363,0.003963858350676364,1.0,-0.0,3.0,0,0.0
5942,6,0.23341815359525084,0.0038991258079762448,1.0,-0.0,1.0,0,0.0
2389,13,0.23330351104707944,0.004802551006715783,0.7793498372920851,0.39124356362925566,6.0,0,0.0
5766,6,0.2332992570615786,0.0034805903010504124,1.0,-0.0,6.0,0,0.0
2086,6,0.23329094358943067,0.0036164369061536528,1.0,-0.0,1.0,0,0.0
5883,6,0.2332824903776589,0.0034433310034510667,1.0,-0.0,6.0,0,0.0
5521,6,0.23327831297131063,0.0034649120757634932,1.0,-0.0,5.0,0,0.0
2917,6,0.23321925177331132,0.0033028007715675267,1.0,-0.0,6.0,0,0.0
5857,6,0.2331941816426204,0.0033396819626246854,1.0,-0.0,3.0,0,0.0
5436,6,0.2331277993629112,0.0031304373904313954,1.0,-0.0,5.0,0,0.0
5924,6,0.23309543484816925,0.0031511088391530384,1.0,-0.0,2.0,0,0.0
3305,6,0.2330935029165995,0.0029924946702325483,1.0,-0.0,7.0,0,0.0
115,6,0.23309095710546246,0.003110294102273703,1.0,-0.0,3.0,0,0.0
1594,6,0.23308688018432935,0.00307037008000266,1.0,-0.0,4.0,0,0.0
1031,6,0.2330838269918884,0.0030018568128499235,1.0,-0.0,6.0,0,0.0
5656,6,0.23308186326186578,0.0031209497584786527,1.0,-0.0,2.0,0,0.0
1254,6,0.23307273182658372,0.003008065087481415,1.0,-0.0,5.0,0,0.0
1880,6,0.2330654096594839,0.0030843861976300735,1.0,-0.0,2.0,0,0.0
1101,6,0.23305009799572127,0.0030503602781575267,1.0,-0.0,2.0,0,0.0
2942,6,0.2329519527095578,0.002832259642238655,1.0,-0.0,2.0,0,0.0
4685,6,0.23294917526537287,0.0026717665563956716,1.0,-0.0,7.0,0,0.0
5635,6,0.23293834069976274,0.002802010731583038,1.0,-0.0,2.0,0,0.0
3728,6,0.23293164980495654,0.002818006273988982,1.0,-0.0,1.0,0,0.0
1122,6,0.23292447851229328,0.002709477475478006,1.0,-0.0,4.0,0,0.0
3113,6,0.23292053279841682,0.002793301815011806,1.0,-0.0,1.0,0,0.0
697,6,0.2329062046331554,0.002576276262579058,1.0,-0.0,7.0,0,0.0
4020,6,0.23290533420601114,0.002636070375097943,1.0,-0.0,5.0,0,0.0
4817,6,0.2328732812437918,0.002564841570166121,1.0,-0.0,5.0,0,0.0
2192,6,0.23286333543764576,0.002511875581199585,1.0,-0.0,6.0,0,0.0
3293,6,0.23286021542663388,0.002597534815988012,1.0,-0.0,3.0,0,0.0
4017,6,0.23283748518690953,0.002577887369687004,1.0,-0.0,2.0,0,0.0
755,6,0.23283124718646786,0.0024405683563598624,1.0,-0.0,6.0,0,0.0
2161,6,0.23282187091271347,0.0023888679949303215,1.0,-0.0,7.0,0,0.0
1305,6,0.232818156203398,0.00250406987546381,1.0,-0.0,3.0,0,0.0
5637,6,0.23277452206282018,0.002345376723562498,1.0,-0.0,5.0,0,0.0
1747,6,0.23277270264548253,0.002433926166515832,1.0,-0.0,2.0,0,0.0
4064,6,0.23276467444039403,0.0024469499082945267,1.0,-0.0,1.0,0,0.0
631,6,0.23276244195860274,0.0022876678499929026,1.0,-0.0,6.0,0,0.0
5630,6,0.2327585666036419,0.0023716485426724665,1.0,-0.0,3.0,0,0.0
3353,6,0.23273657281830742,0.002353637661682284,1.0,-0.0,2.0,0,0.0
2971,6,0.23273020099800087,0.002339478061001099,1.0,-0.0,2.0,0,0.0
3384,6,0.23272521629893403,0.0023284009519636273,1.0,-0.0,2.0,0,0.0
1065,6,0.2327247325216968,0.0022347332988438273,1.0,-0.0,5.0,0,0.0
5925,6,0.23272464285520786,0.0022653982375103743,1.0,-0.0,4.0,0,0.0
875,6,0.23271497195838506,0.0021513147630893847,1.0,-0.0,7.0,0,0.0
3143,6,0.2327107883227943,0.002203746190171607,1.0,-0.0,5.0,0,0.0
5774,6,0.23271055241462563,0.0022649503448585184,1.0,-0.0,3.0,0,0.0
4835,6,0.23271045021011247,0.002233859026187335,1.0,-0.0,4.0,0,0.0
3226,6,0.23270718309902927,0.0021648703842740424,1.0,-0.0,6.0,0,0.0
3047,6,0.23270177236969333,0.0022145749363670086,1.0,-0.0,4.0,0,0.0
4332,6,0.23270011575722427,0.0021491651802629796,1.0,-0.0,6.0,0,0.0
1067,6,0.23269241032385846,0.0021629061925364512,1.0,-0.0,5.0,0,0.0
1870,6,0.23267375992433015,0.0020905966627204897,1.0,-0.0,6.0,0,0.0
5772,6,0.23267357730457447,0.002213647631164606,1.0,-0.0,2.0,0,0.0
5725,6,0.23267228498342085,0.0021799116088478954,1.0,-0.0,3.0,0,0.0
5112,6,0.23267105987459724,0.002238917539857166,1.0,-0.0,1.0,0,0.0
3092,6,0.23266718316001297,0.0021994384210279883,1.0,-0.0,2.0,0,0.0
2031,6,0.23266367592879136,0.0021916445738688894,1.0,-0.0,2.0,0,0.0
2023,6,0.2326614530554384,0.0021558406577758538,1.0,-0.0,3.0,0,0.0
5914,6,0.23265829936715027,0.0020562398689873973,1.0,-0.0,6.0,0,0.0
5773,6,0.23264580800301357,0.002090209677078625,1.0,-0.0,4.0,0,0.0
924,6,0.23263988690179063,0.002077051674361008,1.0,-0.0,4.0,0,0.0
901,6,0.23262993865452458,0.0019623518656216588,1.0,-0.0,7.0,0,0.0
5356,6,0.23261927199944957,0.0019386481876771944,1.0,-0.0,7.0,0,0.0
206,6,0.23261793159963373,0.0020899905090741022,1.0,-0.0,2.0,0,0.0
754,6,0.23261464998891096,0.0019592412506778123,1.0,-0.0,6.0,0,0.0
1741,6,0.23261136398974108,0.00201366742536202,1.0,-0.0,4.0,0,0.0
2904,6,0.2325912965450718,0.002061665696467263,1.0,-0.0,1.0,0,0.0
2907,6,0.2325834467411385,0.001859036502541489,1.0,-0.0,7.0,0,0.0
4253,6,0.2325799208945168,0.0019129296828882536,1.0,-0.0,5.0,0,0.0
118,6,0.23257560326275617,0.0018724707481115876,1.0,-0.0,6.0,0,0.0
2188,6,0.23257511475620385,0.0018713851779953439,1.0,-0.0,6.0,0,0.0
1723,6,0.2325739853383561,0.0018688753605559105,1.0,-0.0,6.0,0,0.0
3321,6,0.2325655750847448,0.0018810501056171214,1.0,-0.0,5.0,0,0.0
5916,6,0.23255829278082887,0.0019574598006188992,1.0,-0.0,2.0,0,0.0
1986,6,0.23253428429473347,0.0018423792142340245,1.0,-0.0,4.0,0,0.0
2047,6,0.2325341302122367,0.0018420368086856653,1.0,-0.0,4.0,0,0.0
5770,6,0.2325316243066828,0.0019290607222695044,1.0,-0.0,1.0,0,0.0
2176,6,0.2325255702050412,0.0017304219778807584,1.0,-0.0,7.0,0,0.0
5176,6,0.2325189014010949,0.001900787598740905,1.0,-0.0,1.0,0,0.0
3042,6,0.23251677711590865,0.001803474372401026,1.0,-0.0,4.0,0,0.0
5164,6,0.23250992301450304,0.0017882430359441592,1.0,-0.0,4.0,0,0.0
5536,6,0.23249399294016002,0.0018454354633300474,1.0,-0.0,1.0,0,0.0
3237,6,0.2324932612874104,0.0016586243831456793,1.0,-0.0,7.0,0,0.0
2154,6,0.23248662235938183,0.001705599604810537,1.0,-0.0,5.0,0,0.0
794,6,0.23248361277012972,0.0017915042212873766,1.0,-0.0,2.0,0,0.0
8053,14,0.2324824192433932,0.0032111198952816666,0.5916727785823275,0.5916727785823275,6.0,0,0.0
5941,6,0.232468981281947,0.0018207181981653164,1.0,-0.0,0.0,0,0.0
2156,6,0.23246676003138433,0.0016614610981494637,1.0,-0.0,5.0,0,0.0
630,6,0.23246474244205412,0.0016569775663045627,1.0,-0.0,5.0,0,0.0
1235,6,0.23246109221026906,0.0017105943351772845,1.0,-0.0,3.0,0,0.0
3340,6,0.23244765416470894,0.0016498678141795287,1.0,-0.0,4.0,0,0.0
1188,6,0.23244462887963468,0.00155055236586632,1.0,-0.0,7.0,0,0.0
5633,6,0.23243294305397844,0.0016480406545315018,1.0,-0.0,3.0,0,0.0
1036,6,0.23243194310179274,0.0015223617484397822,1.0,-0.0,7.0,0,0.0
4781,6,0.23242955879701768,0.001609655885976724,1.0,-0.0,4.0,0,0.0
3339,6,0.2324255396631688,0.0015389960823619653,1.0,-0.0,6.0,0,0.0
1105,6,0.2324044954701177,0.0014922312089150624,1.0,-0.0,6.0,0,0.0
815,6,0.23240433119241904,0.0016461871350167412,1.0,-0.0,1.0,0,0.0
723,6,0.2324021941160726,0.0015179812863456155,1.0,-0.0,5.0,0,0.0
3118,6,0.2323919487133023,0.001433485329572104,1.0,-0.0,7.0,0,0.0
2189,6,0.2323900727857172,0.0016145017867903455,1.0,-0.0,1.0,0,0.0
5160,6,0.23238138429174693,0.00153346562735035,1.0,-0.0,3.0,0,0.0
4210,6,0.23237613309276517,0.0015526604938106425,1.0,-0.0,2.0,0,0.0
787,6,0.23236952820110202,0.0014145261666579367,1.0,-0.0,6.0,0,0.0
907,6,0.23236753475961536,0.0015026888892801793,1.0,-0.0,3.0,0,0.0
2187,6,0.23236172757841111,0.0014897840421596031,1.0,-0.0,3.0,0,0.0
407,6,0.23236003778094572,0.001424300541619239,1.0,-0.0,5.0,0,0.0
689,6,0.23235596358212726,0.0014152467664670931,1.0,-0.0,5.0,0,0.0
3045,6,0.23235447849112165,0.0015045391568250244,1.0,-0.0,2.0,0,0.0
756,6,0.23234799729764768,0.0015210007021915217,1.0,-0.0,1.0,0,0.0
220,6,0.23234242604893457,0.0014777559519648653,1.0,-0.0,2.0,0,0.0
4682,6,0.2323412063878361,0.001413317198906472,1.0,-0.0,4.0,0,0.0
7731,6,0.23234102625897574,0.0014437811100810327,1.0,-0.0,3.0,0,0.0
3222,6,0.2323330876198409,0.001426139689781336,1.0,-0.0,3.0,0,0.0
3268,6,0.23233267627953902,0.0015178181928142687,1.0,-0.0,0.0,0,0.0
1074,6,0.2323299997714271,0.0015118703970099512,1.0,-0.0,0.0,0,0.0
2000,6,0.2323195666523711,0.0012726363052806278,1.0,-0.0,7.0,0,0.0
4227,6,0.23231463154267076,0.0014468545800205845,1.0,-0.0,1.0,0,0.0
1064,6,0.23229891424660945,0.0013193346628472824,1.0,-0.0,4.0,0,0.0
2205,6,0.23229589650320484,0.0013126285663925819,1.0,-0.0,4.0,0,0.0
694,6,0.2322876057872933,0.001294204753255812,1.0,-0.0,4.0,0,0.0
211,6,0.2322863279868862,0.0012296368017339354,1.0,-0.0,6.0,0,0.0
2174,6,0.23228108033029587,0.0012179753426443396,1.0,-0.0,6.0,0,0.0
4085,6,0.23227885986307206,0.00130563356362845,1.0,-0.0,3.0,0,0.0
3220,6,0.23227823435109896,0.0013968361296140541,1.0,-0.0,0.0,0,0.0
1853,6,0.2322752915966501,0.0012051114900981652,1.0,-0.0,6.0,0,0.0
4965,6,0.232265052601926,0.0011514939709581506,1.0,-0.0,7.0,0,0.0
2999,6,0.23226458762895283,0.0013047816853387628,1.0,-0.0,2.0,0,0.0
1069,6,0.2322635778265798,0.001271673482534541,1.0,-0.0,3.0,0,0.0
1964,6,0.23226174720294004,0.0013293338250633946,1.0,-0.0,1.0,0,0.0
4158,6,0.23225838475220473,0.0011675407246639624,1.0,-0.0,6.0,0,0.0
1886,6,0.23225630012433576,0.0012863650084119493,1.0,-0.0,2.0,0,0.0
3070,6,0.23223869948866813,0.0012472524847061406,1.0,-0.0,2.0,0,0.0
3080,6,0.23223862610337134,0.001247089406268831,1.0,-0.0,2.0,0,0.0
3961,6,0.2322356113835009,0.001116933238655471,1.0,-0.0,6.0,0,0.0
1581,6,0.23223228165945387,0.0011403980494151256,1.0,-0.0,5.0,0,0.0
705,6,0.23222780887927785,0.0010687301428511375,1.0,-0.0,7.0,0,0.0
722,6,0.23222108030461464,0.0011772345448340937,1.0,-0.0,3.0,0,0.0
5929,6,0.23221954982868495,0.0010503766970891837,1.0,-0.0,7.0,0,0.0
4795,6,0.23221931241784108,0.0011115775124977967,1.0,-0.0,5.0,0,0.0
1882,6,0.2322146077840599,0.0011628511658235974,1.0,-0.0,3.0,0,0.0
2218,6,0.23221048121230353,0.0010919526113032374,1.0,-0.0,5.0,0,0.0
3107,6,0.23219006158731853,0.0010465756668921466,1.0,-0.0,5.0,0,0.0
4299,6,0.23218785865704758,0.0011960012539443676,1.0,-0.0,0.0,0,0.0
3064,6,0.23218624279081532,0.0010380894524405493,1.0,-0.0,5.0,0,0.0
3314,6,0.23218229470517351,0.001121908521384718,1.0,-0.0,2.0,0,0.0
814,6,0.23218216548662754,0.0010290287764677108,1.0,-0.0,5.0,0,0.0
484,6,0.23217088508083117,0.0009730970105005232,1.0,-0.0,6.0,0,0.0
3233,6,0.23217074405976415,0.0010962404204750698,1.0,-0.0,2.0,0,0.0
520,6,0.2321641057676033,0.000988896067524947,1.0,-0.0,5.0,0,0.0
4964,6,0.23215170167975824,0.0009304672303384054,1.0,-0.0,6.0,0,0.0
1989,6,0.23214872653826044,0.0009855841998495096,1.0,-0.0,4.0,0,0.0
5066,6,0.23214369128049875,0.0010669873307493916,1.0,-0.0,1.0,0,0.0
5072,6,0.23213629623497245,0.0008653687110613539,1.0,-0.0,7.0,0,0.0
977,6,0.23212267902141354,0.0010511576192020478,1.0,-0.0,0.0,0,0.0
5119,6,0.23211565562454317,0.0009429574780086547,1.0,-0.0,3.0,0,0.0
5355,6,0.23210755086023813,0.00095581108819498,1.0,-0.0,2.0,0,0.0
8598,6,0.23210552891158664,0.0010130462640312032,-0.0,1.0,0.0,0,0.0
2186,6,0.2321036230752438,0.0009162184795655781,1.0,-0.0,3.0,0,0.0
5234,6,0.2320935354609066,0.0008320731637545542,1.0,-0.0,5.0,0,0.0
776,6,0.23209155359822964,0.0009819900121267322,1.0,-0.0,0.0,0,0.0
1850,6,0.23208803853169213,0.0008815861605618869,1.0,-0.0,3.0,0,0.0
3822,6,0.23208796231252116,0.0008814167846263876,1.0,-0.0,3.0,0,0.0
5408,6,0.2320864066060587,0.0009396880542159591,1.0,-0.0,1.0,0,0.0
1246,6,0.2320763197306055,0.0008555443803693885,1.0,-0.0,3.0,0,0.0
1857,6,0.23207485705420064,0.0008214297908276658,1.0,-0.0,4.0,0,0.0
259,6,0.2320665232059491,0.0008646385231082521,1.0,-0.0,2.0,0,0.0
780,6,0.2320493681648897,0.0008265162096429135,1.0,-0.0,2.0,0,0.0
7529,6,0.23204418359230009,0.0006606739495672587,1.0,-0.0,7.0,0,0.0
5014,6,0.23204015849110343,0.0007134576753030641,1.0,-0.0,5.0,0,0.0
1321,6,0.23202703623347135,0.0006842971027872791,1.0,-0.0,5.0,0,0.0
7218,6,0.2320251782941081,0.0007727609412393477,1.0,-0.0,2.0,0,0.0
5120,6,0.2320218116908575,0.0006726870080898673,1.0,-0.0,5.0,0,0.0
2095,6,0.2320197317772576,0.0006989291753987104,1.0,-0.0,4.0,0,0.0
690,6,0.2320155626531724,0.0006588002576785046,1.0,-0.0,5.0,0,0.0
120,6,0.23201356552488442,0.0007469547874089377,1.0,-0.0,2.0,0,0.0
8847,6,0.23201123359560016,0.0006491801297402455,1.0,-0.0,5.0,0,0.0
1965,6,0.2320104575924536,0.0008017766659577097,1.0,-0.0,0.0,0,0.0
400,6,0.23199931858706116,0.0006535665305177352,1.0,-0.0,4.0,0,0.0
4271,6,0.23199157262529935,0.0006672174796890085,1.0,-0.0,3.0,0,0.0
1736,6,0.2319860539204726,0.0006549536911851783,1.0,-0.0,3.0,0,0.0
1941,6,0.23197961352844576,0.0006715059064341666,1.0,-0.0,2.0,0,0.0
182,6,0.23197492590874993,0.0006610889737768133,1.0,-0.0,2.0,0,0.0
7187,6,0.23196084537899248,0.0005372063150564932,1.0,-0.0,5.0,0,0.0
966,6,0.23195678405297349,0.0004973169485945617,1.0,-0.0,6.0,0,0.0
1951,6,0.2319522672461451,0.0006724647852721644,1.0,-0.0,0.0,0,0.0
3308,6,0.23194337075518923,0.0004366454226542027,1.0,-0.0,7.0,0,0.0
641,6,0.23194326249095942,0.0005598616256002886,1.0,-0.0,3.0,0,0.0
6663,6,0.23194070412380302,0.00043071957512930137,1.0,-0.0,7.0,0,0.0
3253,6,0.23193771771393706,0.0005475398988840086,1.0,-0.0,3.0,0,0.0
6939,6,0.23193678578969026,0.0004220121659898046,1.0,-0.0,7.0,0,0.0
111,6,0.2319367540056664,0.0005145341274183091,1.0,-0.0,4.0,0,0.0
2021,6,0.23193537779874643,0.00041888329722572504,1.0,-0.0,7.0,0,0.0
8340,6,0.23193486797401164,0.0004794787484323493,1.0,-0.0,5.0,0,0.0
5029,6,0.2319316036595193,0.0005339531112888984,1.0,-0.0,3.0,0,0.0
7632,6,0.23192918124629544,0.0004051131806680486,1.0,-0.0,7.0,0,0.0
4984,6,0.23191143045078388,0.0005199879560744414,1.0,-0.0,2.0,0,0.0
4953,6,0.2319085520452955,0.000513591499433641,1.0,-0.0,2.0,0,0.0
8450,6,0.23190294994311686,0.0003468213958267574,1.0,-0.0,7.0,0,0.0
2324,6,0.23189700527924348,0.0004262036242562717,1.0,-0.0,4.0,0,0.0
7387,6,0.23189200122621567,0.00032249091382408057,1.0,-0.0,7.0,0,0.0
7493,6,0.23187857403198897,0.0003235169019623063,1.0,-0.0,6.0,0,0.0
6647,6,0.2318776028417626,0.00032135870145921785,1.0,-0.0,6.0,0,0.0
9066,6,0.23187663625331645,0.00031921072713447796,1.0,-0.0,6.0,0,0.0
5172,6,0.23187127670850327,0.00027643643001873386,1.0,-0.0,7.0,0,0.0
387,6,0.2318685905028316,0.00039392387420511543,1.0,-0.0,3.0,0,0.0
1399,6,0.23186592412313195,0.0003879985859837065,1.0,-0.0,3.0,0,0.0
7364,6,0.23185573427924852,0.00024189769834148667,1.0,-0.0,7.0,0,0.0
5042,6,0.23185421887279692,0.0004237153136342764,1.0,-0.0,1.0,0,0.0
7277,6,0.23185408481644054,0.0003616890155583308,1.0,-0.0,3.0,0,0.0
6978,6,0.23185367728047904,0.00032991918255742547,1.0,-0.0,4.0,0,0.0
7569,6,0.23184845945497787,0.00038005240983884914,1.0,-0.0,2.0,0,0.0
5427,6,0.23184662464086725,0.00043770344021032415,1.0,-0.0,0.0,0,0.0
7298,6,0.2318450090949159,0.00034152074550364286,1.0,-0.0,3.0,0,0.0
566,6,0.23184395322832158,0.00030831017776311587,1.0,-0.0,4.0,0,0.0
1816,6,0.23184322943895247,0.0002758375594119622,1.0,-0.0,5.0,0,0.0
6634,6,0.23184059443638821,0.00033171039321988616,1.0,-0.0,3.0,0,0.0
5137,6,0.23183898039026463,0.00023553103146378707,1.0,-0.0,6.0,0,0.0
7649,6,0.2318366626636139,0.00032297312038809256,1.0,-0.0,3.0,0,0.0
8455,6,0.23183148600999884,0.000342333643218784,1.0,-0.0,2.0,0,0.0
8532,6,0.23182891091122482,0.0003983395965604375,-0.0,1.0,0.0,0,0.0
3820,6,0.23182667251403546,0.0002699085904606102,1.0,-0.0,4.0,0,0.0
7505,6,0.23182613815715347,0.0003304495257846485,1.0,-0.0,2.0,0,0.0
6931,6,0.23182148715059742,0.000289249758129162,1.0,-0.0,3.0,0,0.0
996,6,0.23182062150798025,0.00022559771280705743,1.0,-0.0,5.0,0,0.0
6450,6,0.23182045582737348,0.0001943653361501374,1.0,-0.0,6.0,0,0.0
525,6,0.23181755845159396,0.00037311190849187437,1.0,-0.0,0.0,0,0.0
8963,6,0.23181257676725386,0.0001768563136620438,1.0,-0.0,6.0,0,0.0
1111,6,0.23180952148807948,0.00017006680438569344,1.0,-0.0,6.0,0,0.0
3280,6,0.23180785890544603,0.00022810057137301332,1.0,-0.0,4.0,0,0.0
7258,6,0.23180373026480094,0.00012633322179134154,1.0,-0.0,7.0,0,0.0
8953,6,0.23180318208019773,0.00024857182390769506,1.0,-0.0,3.0,0,0.0
8609,6,0.2318013043145037,0.00024439901125428154,1.0,-0.0,3.0,0,0.0
4057,6,0.23180004711188776,0.00021074103013241086,1.0,-0.0,4.0,0,0.0
8587,6,0.23179992029811916,0.00024132341928861933,1.0,-0.0,3.0,0,0.0
7257,6,0.23179806551673465,0.000175473287816863,1.0,-0.0,5.0,0,0.0
3998,6,0.23179770902337982,0.00017468108036167163,1.0,-0.0,5.0,0,0.0
628,6,0.2317976797843843,0.00011288770975437235,1.0,-0.0,7.0,0,0.0
8583,6,0.23179529883339187,0.00026191769520333974,1.0,-0.0,2.0,0,0.0
4879,6,0.23179297876912283,0.00019503360176587048,1.0,-0.0,4.0,0,0.0
6254,6,0.23179220954401572,0.00016246001510811237,1.0,-0.0,5.0,0,0.0
6651,6,0.2317894094472844,0.0001871017754583315,1.0,-0.0,4.0,0,0.0
8702,6,0.23178825196651506,0.0002462579910326168,1.0,-0.0,2.0,0,0.0
6618,6,0.2317878589560243,0.0002762488319173473,1.0,-0.0,1.0,0,0.0
8490,6,0.23178070872212034,0.00022949522571102943,1.0,-0.0,2.0,0,0.0
6324,6,0.23178004378687778,0.0001971533943078141,1.0,-0.0,3.0,0,0.0
4966,6,0.23177741302902255,9.871467314803706e-05,1.0,-0.0,6.0,0,0.0
5024,6,0.23177581418020207,0.00015689007083086182,1.0,-0.0,4.0,0,0.0
6649,6,0.23177531829396292,6.319550881794811e-05,1.0,-0.0,7.0,0,0.0
5113,6,0.2317731284618771,0.00012005761035560614,1.0,-0.0,5.0,0,0.0
1802,6,0.23177158325277386,8.57596148176043e-05,1.0,-0.0,6.0,0,0.0
7495,6,0.23177100659041303,0.00017707073549722008,1.0,-0.0,3.0,0,0.0
8599,6,0.23176852945377685,7.897339482421106e-05,1.0,-0.0,6.0,0,0.0
4144,6,0.23176808575623836,0.00017057999288683234,1.0,-0.0,3.0,0,0.0
6378,6,0.2317679278036599,0.0001393647896260619,1.0,-0.0,4.0,0,0.0
6643,6,0.23176516040691486,4.062242648894543e-05,1.0,-0.0,7.0,0,0.0
7274,6,0.23176471748484517,0.00016309494534638702,1.0,-0.0,3.0,0,0.0
7652,6,0.23176408953498812,6.910690862704794e-05,1.0,-0.0,6.0,0,0.0
8703,6,0.23176225579730514,0.00021935292365249381,1.0,-0.0,1.0,0,0.0
8020,6,0.23176088728710928,3.1126604698727967e-05,1.0,-0.0,7.0,0,0.0
2597,6,0.23175927301558896,2.7539334653603476e-05,1.0,-0.0,7.0,0,0.0
7540,6,0.2317592019694818,8.910984947718692e-05,1.0,-0.0,5.0,0,0.0
7562,6,0.23175846992463733,0.00014921147821789216,1.0,-0.0,3.0,0,0.0
7620,6,0.23175731547320977,8.491763553930554e-05,1.0,-0.0,5.0,0,0.0
629,6,0.23175476421506036,4.83839754542581e-05,1.0,-0.0,6.0,0,0.0
3894,6,0.23175469255374748,4.822472809229428e-05,1.0,-0.0,6.0,0,0.0
7750,6,0.23175304979711644,4.457415780112495e-05,1.0,-0.0,6.0,0,0.0
572,6,0.23175304521392046,1.3699775390230151e-05,1.0,-0.0,7.0,0,0.0
231,6,0.23175303597868196,7.54076476997545e-05,1.0,-0.0,5.0,0,0.0
6313,6,0.23174916016252153,3.5930525367988686e-05,1.0,-0.0,6.0,0,0.0
616,6,0.23174894525397685,4.588753293344183e-06,1.0,-0.0,7.0,0,0.0
7686,6,0.2317470862604981,4.576566738911936e-07,1.0,-0.0,7.0,0,0.0
2320,6,0.23174688088400403,1.2644648661463975e-09,1.0,-0.0,7.0,0,0.0
532,6,0.23174512006289555,5.781672372995317e-05,1.0,-0.0,5.0,0,0.0
5017,6,0.23174474670801698,2.6122848691190192e-05,1.0,-0.0,6.0,0,0.0
5457,6,0.23174414989303382,2.4796593173115333e-05,1.0,-0.0,6.0,0,0.0
1970,6,0.23174184424419456,0.00014312971920926731,1.0,-0.0,2.0,0,0.0
7713,6,0.23174032561064517,1.6298187864971503e-05,1.0,-0.0,6.0,0,0.0
5058,6,0.23173883565317588,1.2987171266520825e-05,1.0,-0.0,6.0,0,0.0
239,6,0.23173866496426282,1.2607862570845896e-05,1.0,-0.0,6.0,0,0.0
4873,6,0.2317368889017016,8.661056879244455e-06,1.0,-0.0,6.0,0,0.0
7524,6,0.23173682611563207,8.521532280258981e-06,1.0,-0.0,6.0,0,0.0
8858,6,0.23173634575995897,7.4540752289520285e-06,1.0,-0.0,6.0,0,0.0
9103,6,0.2317356904741233,5.9978844829666755e-06,1.0,-0.0,6.0,0,0.0
4885,6,0.2317351366496258,4.767163377494832e-06,1.0,-0.0,6.0,0,0.0
1811,6,0.2317347480314298,3.903567386331908e-06,1.0,-0.0,6.0,0,0.0
3243,6,0.23173429705685433,3.3765599193880114e-05,1.0,-0.0,5.0,0,0.0
4967,6,0.2317341188791893,3.336964882716398e-05,1.0,-0.0,5.0,0,0.0
1557,6,0.23173375566474314,1.698308082609401e-06,1.0,-0.0,6.0,0,0.0
5057,6,0.23173363422290275,6.31568323878895e-05,1.0,-0.0,4.0,0,0.0
9000,6,0.23173353429523724,1.2063758473290775e-06,1.0,-0.0,6.0,0,0.0
4807,6,0.23173308637120088,2.1098909985806102e-07,1.0,-0.0,6.0,0,0.0
644,6,0.23173049865102274,2.5324697345951996e-05,1.0,-0.0,5.0,0,0.0
1919,6,0.23172830985157936,2.046069858285815e-05,1.0,-0.0,5.0,0,0.0
6765,6,0.23172764181191835,1.897616600288199e-05,1.0,-0.0,5.0,0,0.0
6330,6,0.23172672019948895,0.00010952073097458825,1.0,-0.0,2.0,0,0.0
8954,6,0.23172645901539496,1.6347729284160728e-05,1.0,-0.0,5.0,0,0.0
5194,6,0.23172219646134576,0.0001303321770761423,1.0,-0.0,1.0,0,0.0
4948,6,0.2317215231577933,3.624335436691606e-05,1.0,-0.0,4.0,0,0.0
4687,6,0.23172135843401495,0.00012846989411874343,1.0,-0.0,1.0,0,0.0
7215,6,0.23172007180178533,2.1539212627930127e-06,1.0,-0.0,5.0,0,0.0
2180,6,0.23171911767871867,3.364778133896351e-08,1.0,-0.0,5.0,0,0.0
6309,6,0.2317189578510734,9.227106782894179e-05,1.0,-0.0,2.0,0,0.0
3279,6,0.23171647519646782,5.5889860063440544e-05,1.0,-0.0,3.0,0,0.0
7843,6,0.23171508599569346,0.00011453114229320605,1.0,-0.0,1.0,0,0.0
198,6,0.23171408537625232,1.9714950942550935e-05,1.0,-0.0,4.0,0,0.0
6829,6,0.23171383866706693,1.9166708308371305e-05,1.0,-0.0,4.0,0,0.0
6371,6,0.2317131498195931,7.936433120603326e-05,1.0,-0.0,2.0,0,0.0
2343,6,0.23171210564993158,1.531555911871152e-05,1.0,-0.0,4.0,0,0.0
1082,6,0.2317108096308691,7.416391181935822e-05,1.0,-0.0,2.0,0,0.0
3117,6,0.2317103825936483,4.235074268665873e-05,1.0,-0.0,3.0,0,0.0
8904,6,0.23170927060551258,7.07438554715667e-05,1.0,-0.0,2.0,0,0.0
7650,6,0.23170904639260967,8.51720951444701e-06,1.0,-0.0,4.0,0,0.0
8642,6,0.2317080377292015,0.0001297325253974968,-0.0,1.0,0.0,0,0.0
874,6,0.2317078128291496,3.66401549117823e-05,1.0,-0.0,3.0,0,0.0
192,6,0.23170728470701832,4.602352644766938e-06,1.0,-0.0,4.0,0,0.0
5056,6,0.23170582136352377,3.221467574332504e-05,1.0,-0.0,3.0,0,0.0
6382,6,0.23170579016448703,1.2811470196938402e-06,1.0,-0.0,4.0,0,0.0
2203,6,0.2317053773895616,3.638694076046889e-07,1.0,-0.0,4.0,0,0.0
7689,6,0.2317052966137821,1.843676754598178e-07,1.0,-0.0,4.0,0,0.0
583,6,0.23170522037759425,1.495392465411527e-08,1.0,-0.0,4.0,0,0.0
1923,6,0.2317041209194877,2.8435911218704923e-05,1.0,-0.0,3.0,0,0.0
6824,6,0.23170267847711615,8.695887878806818e-05,1.0,-0.0,1.0,0,0.0
1946,6,0.23169972277285392,8.03906470941973e-05,1.0,-0.0,1.0,0,0.0
6814,6,0.2316992073604534,1.7516891142488333e-05,1.0,-0.0,3.0,0,0.0
7197,6,0.23169918224513242,1.7461079318104034e-05,1.0,-0.0,3.0,0,0.0
6266,6,0.23169880868526707,4.749514381485742e-05,1.0,-0.0,2.0,0,0.0
767,6,0.23169871353186172,7.814788933380168e-05,1.0,-0.0,1.0,0,0.0
6216,6,0.23169762970754848,7.57393908599191e-05,1.0,-0.0,1.0,0,0.0
5046,6,0.2316975169223667,7.548875712259928e-05,1.0,-0.0,1.0,0,0.0
2251,6,0.23169635895751511,1.1187106835230942e-05,1.0,-0.0,3.0,0,0.0
6662,6,0.23169508477843453,0.0001009481903597731,1.0,-0.0,0.0,0,0.0
9286,6,0.2316949088076197,6.96929465737739e-05,1.0,-0.0,1.0,0,0.0
869,6,0.2316942011864404,6.39206000252468e-06,1.0,-0.0,3.0,0,0.0
1788,6,0.23169326683985642,4.315734260296189e-06,1.0,-0.0,3.0,0,0.0
1566,6,0.23169322239296283,6.594535844739458e-05,1.0,-0.0,1.0,0,0.0
8616,6,0.23169287219710355,9.60313429576587e-05,-0.0,1.0,0.0,0,0.0
8494,6,0.231692610432752,3.372124933687104e-05,1.0,-0.0,2.0,0,0.0
3360,6,0.23169235531885052,3.315432955586228e-05,1.0,-0.0,2.0,0,0.0
7558,6,0.23169183667851076,1.1375979366290423e-06,1.0,-0.0,3.0,0,0.0
1516,6,0.2316915846954108,5.77635492216011e-07,1.0,-0.0,3.0,0,0.0
3102,6,0.2316915633878539,5.302853658406548e-07,1.0,-0.0,3.0,0,0.0
8860,6,0.2316913751190022,1.1191013982170261e-07,1.0,-0.0,3.0,0,0.0
1050,6,0.23169133886397217,3.1343406425854425e-08,1.0,-0.0,3.0,0,0.0
4866,6,0.23169132649019608,3.846126195305999e-09,1.0,-0.0,3.0,0,0.0
3111,6,0.2316893438667633,2.6462213806421886e-05,1.0,-0.0,2.0,0,0.0
540,6,0.2316890258823712,2.5755581824049578e-05,1.0,-0.0,2.0,0,0.0
8352,6,0.23168801912892958,5.438254948464394e-05,1.0,-0.0,1.0,0,0.0
4958,6,0.23168540286198142,4.8568622933120587e-05,1.0,-0.0,1.0,0,0.0
1838,6,0.231683125540628,1.2643711283621961e-05,1.0,-0.0,2.0,0,0.0
3126,6,0.23168270103138913,1.1700357419486274e-05,1.0,-0.0,2.0,0,0.0
3100,6,0.23168253608997932,4.219801848404092e-05,1.0,-0.0,1.0,0,0.0
7251,6,0.23168151267696388,3.992376733863434e-05,1.0,-0.0,1.0,0,0.0
1567,6,0.23168081658022485,7.51268816545636e-06,1.0,-0.0,2.0,0,0.0
3276,6,0.23168060873557464,7.050811165032478e-06,1.0,-0.0,2.0,0,0.0
2106,6,0.2316801808460157,3.696414300924378e-05,1.0,-0.0,1.0,0,0.0
171,6,0.23167928239702926,4.103392175269782e-06,1.0,-0.0,2.0,0,0.0
8634,6,0.23167924733603978,6.575387392704357e-05,-0.0,1.0,0.0,0,0.0
5143,6,0.2316790069185449,3.4912177655499477e-06,1.0,-0.0,2.0,0,0.0
615,6,0.23167833434291474,1.9966052541287027e-06,1.0,-0.0,2.0,0,0.0
5721,6,0.2316774606367369,5.503597000355853e-08,1.0,-0.0,2.0,0,0.0
4850,6,0.23167744072263297,1.078240574603484e-08,1.0,-0.0,2.0,0,0.0
4865,6,0.23167562387624782,2.6837543525171093e-05,1.0,-0.0,1.0,0,0.0
366,6,0.23167513374566562,2.5748364453570538e-05,1.0,-0.0,1.0,0,0.0
5026,6,0.23167321335688731,2.148083383513022e-05,1.0,-0.0,1.0,0,0.0
3371,6,0.23167276618310803,2.0487114325562494e-05,1.0,-0.0,1.0,0,0.0
1109,6,0.23166837557469652,1.0730206744469228e-05,1.0,-0.0,1.0,0,0.0
6779,6,0.23166816520568165,1.0262720044784679e-05,1.0,-0.0,1.0,0,0.0
5071,6,0.23166624063186061,5.98588933131694e-06,1.0,-0.0,1.0,0,0.0
3879,6,0.23166453337580872,2.19198699380474e-06,1.0,-0.0,1.0,0,0.0
8460,6,0.23166369033883624,3.1857149940250906e-07,1.0,-0.0,1.0,0,0.0
5724,6,0.23166355133916122,9.683332691245994e-09,1.0,-0.0,1.0,0,0.0
7168,6,0.23166071431283675,2.4569377920280466e-05,1.0,-0.0,0.0,0,0.0
7106,6,0.23165058933093335,2.069418134964529e-06,1.0,-0.0,0.0,0,0.0
8602,6,0.23164965809277266,1.1102230246251565e-16,1.0,-0.0,0.0,0,0.0
1828,6,0.2316496580927726,0.0,1.0,-0.0,0.0,0,0.0
4854,6,0.2316496580927726,0.0,1.0,-0.0,0.0,0,0.0
252,6,0.2316496580927726,0.0,1.0,-0.0,0.0,0,0.0
9081,6,0.2316496580927726,0.0,1.0,-0.0,0.0,0,0.0
3287,6,0.2316496580927726,0.0,1.0,-0.0,0.0,0,0.0
183,6,0.23164965809277252,-2.220446049250313e-16,1.0,-0.0,0.0,0,0.0
167,6,0.23164965809277252,-2.220446049250313e-16,1.0,-0.0,0.0,0,0.0
288,6,0.23164965809277252,-2.220446049250313e-16,1.0,-0.0,0.0,0,0.0
8842,7,0.23161750955757443,0.019341017418603057,-0.0,0.9821410328348752,0.00015783309936523438,0,0.0
9128,7,0.23095692106855933,0.01787304228478548,-0.0,0.9821410328348752,0.00018095970153808594,0,0.0
6917,56,0.23005533994671623,0.007384635782366589,0.5916727785823275,0.7413366730972029,3.9392569065093994,0,0.0
6909,7,0.2293101570891382,0.014213565722681176,-0.0,0.9821410328348752,0.00021505355834960938,0,0.0
304,48,0.22879330449465893,0.01631831977532483,0.41381685030363374,0.8696886400400334,4.0840981006622314,0,0.0
8420,4,0.22641688937888904,0.010407786763005467,-0.0,0.8112781244591328,3.0,0,0.0
4363,4,0.22584832432857474,0.009113444675887261,-0.0,0.8112781244591328,4.0,0,0.0
7582,4,0.22582220735070965,0.009178863737421605,-0.0,0.8112781244591328,0.0,0,0.0
1632,4,0.22567075004336368,0.008780563548257736,-0.0,0.8112781244591328,2.0,0,0.0
1353,4,0.22545830662005298,0.008154146064357382,-0.0,0.8112781244591328,7.0,0,0.0
7959,4,0.22534358884033298,0.007899217664979585,-0.0,0.8112781244591328,7.0,0,0.0
6872,4,0.22508217820496718,0.007380033537006225,-0.0,0.8112781244591328,5.0,0,0.0
7104,4,0.22467878744829872,0.006452745435767682,-0.0,0.8112781244591328,6.0,0,0.0
9033,4,0.22461704321144177,0.006346400218060877,-0.0,0.8112781244591328,5.0,0,0.0
6966,4,0.22428159058974842,0.00572440673775465,-0.0,0.8112781244591328,1.0,0,0.0
5268,4,0.22422167415291186,0.0054060739151549075,-0.0,0.8112781244591328,7.0,0,0.0
2054,4,0.22381347969752163,0.004715024508114896,-0.0,0.8112781244591328,0.0,0,0.0
7407,4,0.22375442359797204,0.004398603546152846,-0.0,0.8112781244591328,6.0,0,0.0
6570,8,0.22347046013123334,0.021859663946011465,-0.0,0.9528195311147832,0.0002570152282714844,0,0.0
4658,4,0.2233265372847147,0.0036329302574328315,-0.0,0.8112781244591328,0.0,0,0.0
2876,4,0.22326112679885698,0.003271524239477408,-0.0,0.8112781244591328,7.0,0,0.0
4499,4,0.2232607243412547,0.0033940866793735758,-0.0,0.8112781244591328,3.0,0,0.0
4468,4,0.22305465892768087,0.0030287561306909794,-0.0,0.8112781244591328,0.0,0,0.0
4529,4,0.22294184648733573,0.0027780618188129047,-0.0,0.8112781244591328,0.0,0,0.0
4634,4,0.22290425207375733,0.0026945186775275687,-0.0,0.8112781244591328,0.0,0,0.0
6744,6,0.22290302973800602,0.006868781874762586,-0.0,0.9206198357143051,5.0,0,0.0
4541,4,0.22288261098295015,0.0026464273646227277,-0.0,0.8112781244591328,0.0,0,0.0
4646,4,0.22237371086958868,0.001515538223819446,-0.0,0.8112781244591328,0.0,0,0.0
8638,6,0.22230998426557294,0.0057052240347879035,-0.0,0.9206198357143051,0.0,0,0.0
8742,8,0.22228841753120254,0.02137453764811925,-0.0,0.9463946303571862,0.00021004676818847656,0,0.0
7994,6,0.22228608238155928,0.005497787749325411,-0.0,0.9206198357143051,5.0,0,0.0
8957,8,0.22209051641062366,0.018793101762657693,-0.0,0.9528195311147832,0.0009238719940185547,0,0.0
8818,8,0.22203528484637391,0.0208120208797834,-0.0,0.9463946303571862,0.00020003318786621094,0,0.0
7617,8,0.22202427978655326,0.020787565588657353,-0.0,0.9463946303571862,0.00018715858459472656,0,0.0
7492,8,0.22194660213590467,0.018473315472300578,-0.0,0.9528195311147832,0.00017189979553222656,0,0.0
8834,8,0.22181921345982164,0.020331863633775593,-0.0,0.9463946303571862,0.00015497207641601562,0,0.0
7743,6,0.22178997681477908,0.004395330934258257,-0.0,0.9206198357143051,5.0,0,0.0
8827,8,0.22170492875211073,0.020077897278144796,-0.0,0.9463946303571862,0.0001659393310546875,0,0.0
8434,8,0.22169985144615265,0.01792497911974822,-0.0,0.9528195311147832,0.0002200603485107422,0,0.0
9251,8,0.22166803655100917,0.019995916456038265,-0.0,0.9463946303571862,0.00010609626770019531,0,0.0
8824,8,0.22158602911131411,0.01981367393355815,-0.0,0.9463946303571862,0.0002281665802001953,0,0.0
9059,8,0.22155800630295977,0.017609741118532862,-0.0,0.9528195311147832,0.0010809898376464844,0,0.0
2007,6,0.2215125981554625,0.0038406623086165714,-0.0,0.9206198357143051,3.0,0,0.0
8970,8,0.221434870965893,0.01947770496962009,-0.0,0.9463946303571862,0.0022361278533935547,0,0.0
8594,6,0.22139436129765905,0.0036705063283125616,-0.0,0.9206198357143051,0.0,0,0.0
8774,8,0.22137220128958748,0.019338503064153967,-0.0,0.9463946303571862,0.00016117095947265625,0,0.0
8896,8,0.22131016676900594,0.019200646793192,-0.0,0.9463946303571862,0.00021886825561523438,0,0.0
5519,6,0.22123665938454162,0.00319660084237261,-0.0,0.9206198357143051,4.0,0,0.0
7701,8,0.22121839370305954,0.018996708339122037,-0.0,0.9463946303571862,0.000164031982421875,0,0.0
957,6,0.22119773293759032,0.0030792334293944235,-0.0,0.9206198357143051,5.0,0,0.0
7528,8,0.22117651536007665,0.018903640726157356,-0.0,0.9463946303571862,0.0003139972686767578,0,0.0
9158,8,0.22117118384151974,0.018891787042339292,-0.0,0.9463946303571862,0.0005040168762207031,0,0.0
9124,8,0.2211518233203696,0.018848772823460314,-0.0,0.9463946303571862,0.0002071857452392578,0,0.0
6852,8,0.22115095800644322,0.01884685022004362,-0.0,0.9463946303571862,0.00019693374633789062,0,0.0
6677,8,0.22114457126464399,0.018832658262576962,-0.0,0.9463946303571862,0.0001709461212158203,0,0.0
8739,8,0.2211331085126489,0.018807184332424343,-0.0,0.9463946303571862,0.00020813941955566406,0,0.0
6669,8,0.22112962113451243,0.018799436648922474,-0.0,0.9463946303571862,0.0001418590545654297,0,0.0
7592,8,0.22109584921154543,0.01872436135196165,-0.0,0.9463946303571862,0.0010030269622802734,0,0.0
6180,8,0.22109050124080606,0.018712484316421696,-0.0,0.9463946303571862,0.0007650852203369141,0,0.0
6089,8,0.2210484582993048,0.018619072533815895,-0.0,0.9463946303571862,0.00021505355834960938,0,0.0
9102,8,0.22103150116714848,0.01858137946568328,-0.0,0.9463946303571862,0.00055694580078125,0,0.0
9069,8,0.22102364312080847,0.018563928310835198,-0.0,0.9463946303571862,0.00019502639770507812,0,0.0
6189,8,0.22101295504421897,0.016398544554807826,-0.0,0.9528195311147832,0.0001590251922607422,0,0.0
8815,8,0.22100936665868362,0.01853220509853626,-0.0,0.9463946303571862,0.00012183189392089844,0,0.0
7715,8,0.22098797422412864,0.018484663264469514,-0.0,0.9463946303571862,0.0002219676971435547,0,0.0
8991,8,0.22098428669997391,0.018476459693196445,-0.0,0.9463946303571862,0.0005159378051757812,0,0.0
8875,8,0.22096673952270401,0.018437476672690245,-0.0,0.9463946303571862,0.0001690387725830078,0,0.0
8967,8,0.22094063886726645,0.018379473545760527,-0.0,0.9463946303571862,0.0002231597900390625,0,0.0
5448,6,0.22093654403884158,0.002529677851928036,-0.0,0.9206198357143051,4.0,0,0.0
6843,8,0.22091425368706308,0.018320805594494005,-0.0,0.9463946303571862,0.0013318061828613281,0,0.0
5359,6,0.2208981116968453,0.002413408449961074,-0.0,0.9206198357143051,5.0,0,0.0
8894,8,0.22089122630046018,0.018269669482714024,-0.0,0.9463946303571862,0.00016999244689941406,0,0.0
9113,8,0.2208280778009393,0.018129339550006063,-0.0,0.9463946303571862,0.0001678466796875,0,0.0
7095,8,0.22079758892149057,0.018061575579122024,-0.0,0.9463946303571862,0.0005211830139160156,0,0.0
7324,8,0.22078983327031843,0.018044347038830733,-0.0,0.9463946303571862,0.0003190040588378906,0,0.0
8969,8,0.22078714011718759,0.01803834509384472,-0.0,0.9463946303571862,0.0008749961853027344,0,0.0
8756,8,0.22078588934125498,0.0180355888596595,-0.0,0.9463946303571862,0.00012111663818359375,0,0.0
9097,8,0.22078448073124018,0.018032453030006224,-0.0,0.9463946303571862,0.0003020763397216797,0,0.0
8701,8,0.2207482117801341,0.017951860085101634,-0.0,0.9463946303571862,0.00014901161193847656,0,0.0
7289,8,0.22073219014001377,0.01577462260433171,-0.0,0.9528195311147832,0.0001571178436279297,0,0.0
9326,8,0.2207119834497439,0.017871351080060105,-0.0,0.9463946303571862,0.0002009868621826172,0,0.0
9038,8,0.22071120535379096,0.017869609137188713,-0.0,0.9463946303571862,0.0006170272827148438,0,0.0
8822,8,0.22069449080038525,0.017832480718791954,-0.0,0.9463946303571862,0.00012993812561035156,0,0.0
7765,8,0.2206718766012509,0.01778220092293492,-0.0,0.9463946303571862,0.0009729862213134766,0,0.0
7283,8,0.2206699254097294,0.017777866634253625,-0.0,0.9463946303571862,0.0009181499481201172,0,0.0
9082,8,0.2206536736345657,0.017741763896627516,-0.0,0.9463946303571862,0.0005190372467041016,0,0.0
8789,8,0.2206500120777016,0.01773363728789601,-0.0,0.9463946303571862,0.00018906593322753906,0,0.0
9039,8,0.22063590888561205,0.017702294977229194,-0.0,0.9463946303571862,0.00025010108947753906,0,0.0
7242,6,0.22061508668738508,0.001815328182024789,-0.0,0.9206198357143051,4.0,0,0.0
7936,8,0.22060911424473667,0.017642732257353133,-0.0,0.9463946303571862,0.0008680820465087891,0,0.0
6514,8,0.22060293894667735,0.017629030425726055,-0.0,0.9463946303571862,0.00018596649169921875,0,0.0
8807,8,0.22060289187330634,0.017628907877972777,-0.0,0.9463946303571862,0.0007672309875488281,0,0.0
7607,8,0.22059994030688806,0.017622367767802016,-0.0,0.9463946303571862,0.00015401840209960938,0,0.0
9015,8,0.22059644865625228,0.01761460872813192,-0.0,0.9463946303571862,0.0001480579376220703,0,0.0
6799,8,0.22058509211145738,0.017589370791903924,-0.0,0.9463946303571862,0.00018596649169921875,0,0.0
9040,8,0.22053830709097935,0.01748540524974762,-0.0,0.9463946303571862,0.0001480579376220703,0,0.0
6563,8,0.22051444307532178,0.01743237425837252,-0.0,0.9463946303571862,0.0001430511474609375,0,0.0
8752,8,0.22051293398801305,0.017429001841498426,-0.0,0.9463946303571862,0.0007550716400146484,0,0.0
6175,6,0.22048973952624323,0.0015059147375119375,-0.0,0.9206198357143051,5.0,0,0.0
9211,8,0.220482916059475,0.017362294347583962,-0.0,0.9463946303571862,0.0007870197296142578,0,0.0
6092,8,0.220472916144663,0.017340084353334895,-0.0,0.9463946303571862,0.00039696693420410156,0,0.0
6954,8,0.22046839496473686,0.01733002756612423,-0.0,0.9463946303571862,0.0007119178771972656,0,0.0
9216,6,0.22046785423117238,0.0015190091435274278,-0.0,0.9206198357143051,3.0,0,0.0
6385,8,0.22046593013473242,0.017324566708242894,-0.0,0.9463946303571862,0.00017595291137695312,0,0.0
8870,8,0.2204638963527427,0.017320046537794953,-0.0,0.9463946303571862,0.0001971721649169922,0,0.0
9310,8,0.22044797889294798,0.01728467382358856,-0.0,0.9463946303571862,0.00021600723266601562,0,0.0
8809,8,0.22044298141037427,0.017273569513568177,-0.0,0.9463946303571862,0.00017690658569335938,0,0.0
8016,8,0.22044280543290587,0.017273162035494893,-0.0,0.9463946303571862,0.0007088184356689453,0,0.0
6557,8,0.22044272808422533,0.01727292594576957,-0.0,0.9463946303571862,0.002789020538330078,0,0.0
6894,8,0.2204247228528307,0.01723299598617012,-0.0,0.9463946303571862,0.0001430511474609375,0,0.0
7593,8,0.22041779281216045,0.017217593577833368,-0.0,0.9463946303571862,0.0002181529998779297,0,0.0
7456,8,0.2204068853399765,0.017193335898029516,-0.0,0.9463946303571862,0.0008289813995361328,0,0.0
9127,8,0.2204057371305613,0.017190784350985755,-0.0,0.9463946303571862,0.0008280277252197266,0,0.0
9359,8,0.2203984055415579,0.017174508657071597,-0.0,0.9463946303571862,0.000286102294921875,0,0.0
8396,8,0.22037691067073586,0.01712672252698977,-0.0,0.9463946303571862,0.0009260177612304688,0,0.0
9096,8,0.22037230926977466,0.017116520775827482,-0.0,0.9463946303571862,0.00016188621520996094,0,0.0
9273,8,0.2203553026292591,0.01707872721850323,-0.0,0.9463946303571862,0.00019502639770507812,0,0.0
9222,8,0.22034351797759105,0.01705252410686242,-0.0,0.9463946303571862,0.0006809234619140625,0,0.0
7101,8,0.2203393754967395,0.01704333170688077,-0.0,0.9463946303571862,0.0002560615539550781,0,0.0
6291,8,0.22033250991321818,0.017028078960708903,-0.0,0.9463946303571862,0.00012302398681640625,0,0.0
6902,8,0.22031587171305528,0.01699109685263611,-0.0,0.9463946303571862,0.000392913818359375,0,0.0
6848,8,0.22031026947624985,0.01697863567847313,-0.0,0.9463946303571862,0.0007739067077636719,0,0.0
6836,8,0.22030441043096846,0.01696540939728708,-0.0,0.9463946303571862,0.0074541568756103516,0,0.0
6170,8,0.22030400073245276,0.01696472142863803,-0.0,0.9463946303571862,0.0002460479736328125,0,0.0
9182,8,0.2202960384962494,0.0169470309038533,-0.0,0.9463946303571862,0.0001380443572998047,0,0.0
6904,8,0.22028966777010717,0.0169328717625441,-0.0,0.9463946303571862,0.00020194053649902344,0,0.0
9122,8,0.22028324958738751,0.016918610583921967,-0.0,0.9463946303571862,0.00015497207641601562,0,0.0
1559,6,0.22028073879212914,0.0010723328592338044,-0.0,0.9206198357143051,4.0,0,0.0
9212,8,0.22027687762109116,0.016904434204993546,-0.0,0.9463946303571862,0.0006880760192871094,0,0.0
8990,8,0.22025616269378265,0.016858416500970197,-0.0,0.9463946303571862,0.000186920166015625,0,0.0
7510,8,0.22024182655911337,0.0168265595571514,-0.0,0.9463946303571862,0.00015020370483398438,0,0.0
6596,8,0.22023857588677948,0.01681932087346527,-0.0,0.9463946303571862,0.0006351470947265625,0,0.0
9324,8,0.2202380417199743,0.01681814683876337,-0.0,0.9463946303571862,0.00021386146545410156,0,0.0
9013,8,0.2202201742927416,0.016778181193373154,-0.0,0.9463946303571862,0.008646011352539062,0,0.0
7844,8,0.22021184958487047,0.01675992993032549,-0.0,0.9463946303571862,0.0006079673767089844,0,0.0
7904,8,0.22020818795572708,0.016751806678383163,-0.0,0.9463946303571862,0.000164031982421875,0,0.0
8436,8,0.22019886753036638,0.016731085673970747,-0.0,0.9463946303571862,0.000453948974609375,0,0.0
6645,8,0.22019791448087692,0.01672895340015712,-0.0,0.9463946303571862,0.0009200572967529297,0,0.0
6926,8,0.2201960203735771,0.016724765818799447,-0.0,0.9463946303571862,0.0002219676971435547,0,0.0
1899,6,0.2201958412696185,0.0008528075005681535,-0.0,0.9206198357143051,5.0,0,0.0
6844,8,0.22018824665094214,0.016707475478064726,-0.0,0.9463946303571862,0.000720977783203125,0,0.0
7223,8,0.2201860062183074,0.016702348345386753,-0.0,0.9463946303571862,0.005528926849365234,0,0.0
9036,8,0.22017893595504479,0.01668680238695308,-0.0,0.9463946303571862,0.0001590251922607422,0,0.0
9291,8,0.22017880188804187,0.016686503319697232,-0.0,0.9463946303571862,0.00019598007202148438,0,0.0
8131,8,0.2201745787350378,0.01667709960892938,-0.0,0.9463946303571862,0.0008091926574707031,0,0.0
8437,6,0.22016317201262395,0.0017091911559860007,-0.0,0.9182958340544896,0.0002009868621826172,0,0.0
7309,8,0.22015558074164843,0.016634901853870177,-0.0,0.9463946303571862,0.0001609325408935547,0,0.0
9298,8,0.22015513193108502,0.016633880272557633,-0.0,0.9463946303571862,0.0009458065032958984,0,0.0
3853,6,0.2201533436670233,0.0007892325812207668,-0.0,0.9206198357143051,4.0,0,0.0
8816,8,0.22013783943245566,0.01659545591221523,-0.0,0.9463946303571862,0.0008351802825927734,0,0.0
8799,8,0.22013382092920042,0.016586546494338883,-0.0,0.9463946303571862,0.00016808509826660156,0,0.0
6664,8,0.22013084259287488,0.01657992735104874,-0.0,0.9463946303571862,0.0001881122589111328,0,0.0
6342,8,0.22012422005960874,0.01656518768106563,-0.0,0.9463946303571862,0.0009310245513916016,0,0.0
8740,8,0.22012317587716598,0.016562891382404743,-0.0,0.9463946303571862,0.0001499652862548828,0,0.0
9173,8,0.22012012594900393,0.0165561138231356,-0.0,0.9463946303571862,0.0001480579376220703,0,0.0
7326,8,0.22011299018573252,0.016540237593596796,-0.0,0.9463946303571862,0.000762939453125,0,0.0
9275,8,0.22010269963541615,0.01651738766634292,-0.0,0.9463946303571862,0.00018095970153808594,0,0.0
6601,8,0.2200986466198848,0.01650837905192659,-0.0,0.9463946303571862,0.0002429485321044922,0,0.0
6901,8,0.22009685668601428,0.01650440373906159,-0.0,0.9463946303571862,0.0001678466796875,0,0.0
8741,8,0.22007373566769364,0.016453024802138838,-0.0,0.9463946303571862,0.00013208389282226562,0,0.0
5186,6,0.22007077064193448,0.000605736969912285,-0.0,0.9206198357143051,4.0,0,0.0
8810,8,0.22006907922291088,0.016442666381436988,-0.0,0.9463946303571862,0.00048089027404785156,0,0.0
3906,6,0.22005801688359578,0.0005465310871842766,-0.0,0.9206198357143051,5.0,0,0.0
8764,8,0.22004735324578675,0.016394396211849127,-0.0,0.9463946303571862,0.000164031982421875,0,0.0
5018,6,0.22004471991132904,0.0005478464574557584,-0.0,0.9206198357143051,4.0,0,0.0
7245,8,0.22003950239115785,0.016376950206724916,-0.0,0.9463946303571862,0.00015306472778320312,0,0.0
9384,8,0.22003745392095767,0.01637238150859588,-0.0,0.9463946303571862,0.0006890296936035156,0,0.0
8973,8,0.22003569684177093,0.016368478433486544,-0.0,0.9463946303571862,0.0006389617919921875,0,0.0
6188,8,0.2200230280049853,0.01634034179158106,-0.0,0.9463946303571862,0.00010991096496582031,0,0.0
8959,8,0.2200208880582631,0.016335586074793795,-0.0,0.9463946303571862,0.00011897087097167969,0,0.0
7299,8,0.22001406466114506,0.0163204042718893,-0.0,0.9463946303571862,0.00072479248046875,0,0.0
5228,6,0.2200135289392026,0.00047853318606361217,-0.0,0.9206198357143051,4.0,0,0.0
9263,8,0.2200068013668398,0.01630428123436145,-0.0,0.9463946303571862,0.00015401840209960938,0,0.0
8495,8,0.21999226724787813,0.01627196852653834,-0.0,0.9463946303571862,0.0006291866302490234,0,0.0
7966,8,0.21997023316865413,0.0162230186673884,-0.0,0.9463946303571862,0.00015091896057128906,0,0.0
8620,8,0.2199644773799967,0.016210207039205615,-0.0,0.9463946303571862,0.0008308887481689453,0,0.0
7808,8,0.2199643516262634,0.01620993011046412,-0.0,0.9463946303571862,0.0007491111755371094,0,0.0
7475,8,0.21995141778532737,0.016181178491574855,-0.0,0.9463946303571862,0.0010650157928466797,0,0.0
8691,8,0.21995120197350068,0.016180726011454705,-0.0,0.9463946303571862,0.000186920166015625,0,0.0
6980,8,0.21994974614119486,0.016177489871935125,-0.0,0.9463946303571862,0.00021791458129882812,0,0.0
7735,8,0.21994034653691058,0.016156600964665535,-0.0,0.9463946303571862,0.00024700164794921875,0,0.0
7449,8,0.2199350229522917,0.016144674423139715,-0.0,0.9463946303571862,0.003368854522705078,0,0.0
6571,8,0.21992872161814236,0.01613076957055215,-0.0,0.9463946303571862,0.0001900196075439453,0,0.0
9050,8,0.21992773386073522,0.016128550145621867,-0.0,0.9463946303571862,0.0009808540344238281,0,0.0
9026,8,0.2199239413967429,0.016120148055782657,-0.0,0.9463946303571862,0.00015115737915039062,0,0.0
7209,8,0.21991462563405614,0.01609926606055201,-0.0,0.9463946303571862,0.005992889404296875,0,0.0
7744,6,0.21990406360460282,0.00023527688695301752,-0.0,0.9206198357143051,4.0,0,0.0
9067,8,0.21989009754224667,0.016044916627071082,-0.0,0.9463946303571862,0.0008919239044189453,0,0.0
8466,8,0.21988659119378265,0.016037146898334464,-0.0,0.9463946303571862,0.00017404556274414062,0,0.0
9387,8,0.21987777659850793,0.016017543816350344,-0.0,0.9463946303571862,0.0006630420684814453,0,0.0
7323,8,0.21987613250218868,0.016013450578019284,-0.0,0.9463946303571862,0.014909029006958008,0,0.0
6084,8,0.21987328532377523,0.01600757842341416,-0.0,0.9463946303571862,0.00016999244689941406,0,0.0
9163,8,0.21987122536562156,0.016002982776290198,-0.0,0.9463946303571862,0.0007519721984863281,0,0.0
7332,8,0.21984446218906328,0.01594350463544625,-0.0,0.9463946303571862,0.0008950233459472656,0,0.0
6694,8,0.21984225367318952,0.015938525524936242,-0.0,0.9463946303571862,0.0032050609588623047,0,0.0
6318,8,0.21982248218977074,0.015894682231575308,-0.0,0.9463946303571862,0.00018095970153808594,0,0.0
9203,8,0.2198216471064728,0.01589282256878044,-0.0,0.9463946303571862,0.00030803680419921875,0,0.0
7094,8,0.2198021329109403,0.015849461302891,-0.0,0.9463946303571862,0.00019097328186035156,0,0.0
8059,6,0.2197990909723942,0.0009001087776905337,-0.0,0.9182958340544896,0.0006351470947265625,0,0.0
6789,8,0.2197982007777237,0.015840708570748818,-0.0,0.9463946303571862,0.0006659030914306641,0,0.0
6888,8,0.21978574413196983,0.015813043089180967,-0.0,0.9463946303571862,0.00014901161193847656,0,0.0
6357,8,0.21977481871521706,0.015788764878312045,-0.0,0.9463946303571862,0.00013303756713867188,0,0.0
8446,8,0.2197687877127714,0.015775362194421882,-0.0,0.9463946303571862,0.00014781951904296875,0,0.0
6326,8,0.21975938194305433,0.015754460108651003,-0.0,0.9463946303571862,0.00015997886657714844,0,0.0
8805,8,0.21974843316956194,0.015729943850818162,-0.0,0.9463946303571862,0.006175041198730469,0,0.0
7249,8,0.2197432045939392,0.015718510289420173,-0.0,0.9463946303571862,0.00016498565673828125,0,0.0
8977,8,0.21972729982697609,0.015683164633564894,-0.0,0.9463946303571862,0.00022101402282714844,0,0.0
9167,8,0.2197164715462678,0.015659103023791032,-0.0,0.9463946303571862,0.00018095970153808594,0,0.0
6128,8,0.2197118210623713,0.015648764479599953,-0.0,0.9463946303571862,0.00031495094299316406,0,0.0
7604,8,0.21970702747679663,0.015638094104873823,-0.0,0.9463946303571862,0.0008969306945800781,0,0.0
9356,8,0.21968863271172628,0.015597239778553651,-0.0,0.9463946303571862,0.00015401840209960938,0,0.0
7359,8,0.2196855360379241,0.015590356743268474,-0.0,0.9463946303571862,0.00020384788513183594,0,0.0
7379,8,0.21968506721375544,0.015589315927269087,-0.0,0.9463946303571862,0.0001709461212158203,0,0.0
7448,8,0.21967728511231338,0.015572016687671164,-0.0,0.9463946303571862,0.00035500526428222656,0,0.0
8334,6,0.21967489573961074,0.0006241322416932205,-0.0,0.9182958340544896,0.0002181529998779297,0,0.0
7373,8,0.21967051995317075,0.01555699013116918,-0.0,0.9463946303571862,0.0001239776611328125,0,0.0
7968,8,0.21965798544152418,0.015529135197251742,-0.0,0.9463946303571862,0.00013899803161621094,0,0.0
8664,8,0.21961937860973976,0.015443342016972839,-0.0,0.9463946303571862,0.0001461505889892578,0,0.0
8855,8,0.2196116485936595,0.015426165344043952,-0.0,0.9463946303571862,0.00010919570922851562,0,0.0
6374,8,0.21960811831225435,0.01541830083283846,-0.0,0.9463946303571862,0.0007390975952148438,0,0.0
6124,8,0.21958738244851425,0.015372212246451689,-0.0,0.9463946303571862,0.0010271072387695312,0,0.0
7142,8,0.21957432160518145,0.015343199357301551,-0.0,0.9463946303571862,0.0006639957427978516,0,0.0
6230,8,0.2195706275289371,0.015334988017815299,-0.0,0.9463946303571862,0.0007379055023193359,0,0.0
8002,8,0.21956865532409806,0.01533060327262914,-0.0,0.9463946303571862,0.000804901123046875,0,0.0
6766,8,0.21956602577722312,0.015324755545066626,-0.0,0.9463946303571862,0.0009438991546630859,0,0.0
7580,8,0.21956490464429768,0.015322285831712912,-0.0,0.9463946303571862,0.0002410411834716797,0,0.0
9240,8,0.21956081035200353,0.01531319070840309,-0.0,0.9463946303571862,0.00013399124145507812,0,0.0
8124,8,0.2195264793081035,0.015236875422403373,-0.0,0.9463946303571862,0.0009140968322753906,0,0.0
6631,8,0.21952029447122703,0.015222966368044322,-0.0,0.9463946303571862,0.00625920295715332,0,0.0
6272,8,0.21951912206971924,0.015220546872755869,-0.0,0.9463946303571862,0.00023794174194335938,0,0.0
3869,5,0.2195147826163684,0.0006813132509304598,-0.0,0.8649735207179273,1.4000000953674316,5,1.0
9198,8,0.2195093270008902,0.015198783504318358,-0.0,0.9463946303571862,0.00012612342834472656,0,0.0
9178,8,0.21950496051732493,0.015189074784219825,-0.0,0.9463946303571862,0.0003018379211425781,0,0.0
7822,8,0.2194950068091071,0.015166945917957309,-0.0,0.9463946303571862,0.0006101131439208984,0,0.0
8724,8,0.219491890203032,0.015160021237827559,-0.0,0.9463946303571862,0.0005741119384765625,0,0.0
7476,8,0.21948207985854007,0.015138218993211772,-0.0,0.9463946303571862,0.0006220340728759766,0,0.0
7450,8,0.21947276558826326,0.015117516449852264,-0.0,0.9463946303571862,0.0007569789886474609,0,0.0
6184,8,0.21946928804802407,0.015109805279313271,-0.0,0.9463946303571862,0.00021600723266601562,0,0.0
7307,8,0.21945012468759825,0.015067223117175121,-0.0,0.9463946303571862,0.00011610984802246094,0,0.0
6921,8,0.21944869142051124,0.015064037645046713,-0.0,0.9463946303571862,0.00013017654418945312,0,0.0
8873,8,0.21944525220779126,0.015056393323863215,-0.0,0.9463946303571862,0.00018286705017089844,0,0.0
7621,8,0.21944207203948082,0.015048810997340012,-0.0,0.9463946303571862,0.016878128051757812,0,0.0
6988,8,0.21943808403778456,0.015040463593590014,-0.0,0.9463946303571862,0.00019788742065429688,0,0.0
8853,8,0.2194380013883224,0.015040281495499963,-0.0,0.9463946303571862,0.00014710426330566406,0,0.0
6119,8,0.21942653682204358,0.015014782620469846,-0.0,0.9463946303571862,0.0008618831634521484,0,0.0
8965,8,0.2194264739832132,0.015014665076494627,-0.0,0.9463946303571862,0.00014591217041015625,0,0.0
8509,6,0.2194212221373795,6.041430299941197e-05,-0.0,0.9182958340544896,0.0001800060272216797,0,0.0
9037,8,0.21941989300382833,0.015000039655016506,-0.0,0.9463946303571862,0.00017905235290527344,0,0.0
8981,8,0.21941643854381723,0.014992363540805798,-0.0,0.9463946303571862,0.000164031982421875,0,0.0
6889,8,0.21940677281914261,0.014970864556693164,-0.0,0.9463946303571862,0.0007989406585693359,0,0.0
6896,8,0.21940667511316383,0.014970666262948407,-0.0,0.9463946303571862,0.0001888275146484375,0,0.0
9270,8,0.21939581759995114,0.0149465380805206,-0.0,0.9463946303571862,0.0002009868621826172,0,0.0
7518,8,0.2193663436877152,0.014881022380905495,-0.0,0.9463946303571862,0.0007879734039306641,0,0.0
8993,8,0.21936071328656911,0.014868530187704732,-0.0,0.9463946303571862,0.0001461505889892578,0,0.0
6185,8,0.21935658573833933,0.014859355297513144,-0.0,0.9463946303571862,0.00022912025451660156,0,0.0
6679,8,0.2193521750400954,0.014849552855469628,-0.0,0.9463946303571862,0.0002579689025878906,0,0.0
8448,8,0.2193489252721774,0.014842319360510947,-0.0,0.9463946303571862,0.0006399154663085938,0,0.0
7907,8,0.21933894515650584,0.014820155763254794,-0.0,0.9463946303571862,0.00017213821411132812,0,0.0
8857,8,0.2193220978623966,0.014782717273032153,-0.0,0.9463946303571862,0.00017404556274414062,0,0.0
8056,8,0.21932013805927625,0.014778361661960782,-0.0,0.9463946303571862,0.0001900196075439453,0,0.0
7820,8,0.21930276793294373,0.014739742432831715,-0.0,0.9463946303571862,0.0008039474487304688,0,0.0
8152,8,0.21929943502735771,0.014732335203321067,-0.0,0.9463946303571862,0.0008289813995361328,0,0.0
9215,8,0.21929164895264946,0.014715051763470655,-0.0,0.9463946303571862,0.00021505355834960938,0,0.0
8660,8,0.21927653035136577,0.01468144323778553,-0.0,0.9463946303571862,0.0005919933319091797,0,0.0
8084,8,0.21927455200309992,0.014677056967509539,-0.0,0.9463946303571862,0.00026607513427734375,0,0.0
6862,8,0.21927382068469808,0.014675432956088086,-0.0,0.9463946303571862,0.00022912025451660156,0,0.0
6895,8,0.21927068584860662,0.014668467367446647,-0.0,0.9463946303571862,0.00020599365234375,0,0.0
6578,8,0.2192694237232622,0.014665662431059712,-0.0,0.9463946303571862,0.0002129077911376953,0,0.0
8353,8,0.2192616080146103,0.014648295668689304,-0.0,0.9463946303571862,0.00016498565673828125,0,0.0
6412,8,0.21925156595425901,0.014625873647276855,-0.0,0.9463946303571862,0.0036101341247558594,0,0.0
7454,8,0.21924408542855878,0.014609346838432291,-0.0,0.9463946303571862,0.00048089027404785156,0,0.0
7391,8,0.2192439876017395,0.01460910277058236,-0.0,0.9463946303571862,0.0013451576232910156,0,0.0
6859,8,0.21924337948362027,0.012466140321070074,-0.0,0.9528195311147832,0.0006158351898193359,0,0.0
9350,8,0.21922505339777462,0.014567061582657859,-0.0,0.9463946303571862,0.00021696090698242188,0,0.0
8623,8,0.2192237234738782,0.014564105791498472,-0.0,0.9463946303571862,0.0002300739288330078,0,0.0
6772,8,0.21921690502082136,0.014548910861270525,-0.0,0.9463946303571862,0.0016171932220458984,0,0.0
8639,8,0.21921386993983408,0.014542191800624216,-0.0,0.9463946303571862,0.0007889270782470703,0,0.0
8721,8,0.21919471464006202,0.014499643357318792,-0.0,0.9463946303571862,0.00017690658569335938,0,0.0
7470,8,0.21915672494887764,0.014415220364351056,-0.0,0.9463946303571862,0.00022411346435546875,0,0.0
7352,8,0.21913704281443405,0.014371483862549717,-0.0,0.9463946303571862,0.00017309188842773438,0,0.0
8706,8,0.21913172559078065,0.014359667353753491,-0.0,0.9463946303571862,0.00018787384033203125,0,0.0
6126,8,0.2191288548026214,0.014353284608803363,-0.0,0.9463946303571862,0.00029206275939941406,0,0.0
6320,8,0.21912411992359113,0.014342746547431506,-0.0,0.9463946303571862,0.0008139610290527344,0,0.0
7717,8,0.21912336239841856,0.014341084174315344,-0.0,0.9463946303571862,0.00013303756713867188,0,0.0
8050,8,0.21911298055812534,0.01431801157110002,-0.0,0.9463946303571862,0.00019288063049316406,0,0.0
8030,8,0.21911268043739843,0.014317336394521485,-0.0,0.9463946303571862,0.00045990943908691406,0,0.0
6769,8,0.21910539157657064,0.01430114587253195,-0.0,0.9463946303571862,0.00023484230041503906,0,0.0
6801,8,0.21909036969031043,0.014267754116129239,-0.0,0.9463946303571862,0.0005519390106201172,0,0.0
6752,8,0.21908923189019158,0.014265218011120018,-0.0,0.9463946303571862,0.0008001327514648438,0,0.0
8588,8,0.21906895125810566,0.014220169815391537,-0.0,0.9463946303571862,0.00015616416931152344,0,0.0
8000,8,0.2190667662628646,0.014215291995934853,-0.0,0.9463946303571862,0.0008778572082519531,0,0.0
7451,8,0.21904971423179723,0.014177418402909092,-0.0,0.9463946303571862,0.00023603439331054688,0,0.0
8526,8,0.21902609649492524,0.014124935838306873,-0.0,0.9463946303571862,0.00019407272338867188,0,0.0
8723,8,0.21902374138494354,0.014119692230800451,-0.0,0.9463946303571862,0.0005190372467041016,0,0.0
6322,8,0.21901063984794886,0.014090572494258158,-0.0,0.9463946303571862,0.0006878376007080078,0,0.0
6512,8,0.21900062835896358,0.014068342269138334,-0.0,0.9463946303571862,0.00011992454528808594,0,0.0
6893,8,0.21899969459016302,0.014066265402426947,-0.0,0.9463946303571862,0.00017905235290527344,0,0.0
9223,8,0.21899966350445302,0.014066197772715228,-0.0,0.9463946303571862,0.00013208389282226562,0,0.0
7530,8,0.21899547452204993,0.014056887782347816,-0.0,0.9463946303571862,0.0001690387725830078,0,0.0
8652,8,0.21899057715361658,0.014045992430450238,-0.0,0.9463946303571862,0.0005679130554199219,0,0.0
8627,8,0.21898662177251269,0.014037217536956192,-0.0,0.9463946303571862,8.702278137207031e-05,0,0.0
7898,8,0.21895960893024236,0.013977186224386151,-0.0,0.9463946303571862,0.00017690658569335938,0,0.0
8695,8,0.2189564780123242,0.013970219982659682,-0.0,0.9463946303571862,0.0004570484161376953,0,0.0
6928,8,0.21894447524749977,0.013943534581377315,-0.0,0.9463946303571862,0.0008649826049804688,0,0.0
7310,8,0.218914254251981,0.013876383848377638,-0.0,0.9463946303571862,0.000637054443359375,0,0.0
7970,8,0.21890803663066982,0.013862400556302945,-0.0,0.9463946303571862,0.0060269832611083984,0,0.0
6070,8,0.21890429013588195,0.013854247416925203,-0.0,0.9463946303571862,0.0004410743713378906,0,0.0
8546,8,0.21889398526419865,0.01383135634842625,-0.0,0.9463946303571862,0.0001609325408935547,0,0.0
9126,8,0.21887564716272642,0.013790584481332524,-0.0,0.9463946303571862,0.0008261203765869141,0,0.0
6195,8,0.21885940699709205,0.01375451667468075,-0.0,0.9463946303571862,0.00013113021850585938,0,0.0
7605,8,0.2188577637424829,0.013750863268500946,-0.0,0.9463946303571862,0.00018715858459472656,0,0.0
6260,8,0.21885544450782404,0.013745448124601434,-0.0,0.9463946303571862,0.008652925491333008,0,0.0
8062,8,0.21884776897631666,0.01372865444308402,-0.0,0.9463946303571862,0.00012993812561035156,0,0.0
8698,8,0.21884060116442722,0.013712722638773656,-0.0,0.9463946303571862,0.00023794174194335938,0,0.0
8439,8,0.21883483670684556,0.013699900694370104,-0.0,0.9463946303571862,0.0006279945373535156,0,0.0
8427,8,0.21882824932675723,0.013685255898087778,-0.0,0.9463946303571862,0.0008280277252197266,0,0.0
7002,8,0.21881997152515725,0.01366687902538588,-0.0,0.9463946303571862,0.00023698806762695312,0,0.0
285,92,0.21880439435860327,0.013349786531674068,0.34781691357106326,0.9314885997695778,3.5799849033355713,0,0.0
9219,8,0.21878635891885084,0.01359209261242078,-0.0,0.9463946303571862,0.0032091140747070312,0,0.0
6117,8,0.21878068046135662,0.013579568111065532,-0.0,0.9463946303571862,0.00015401840209960938,0,0.0
8679,8,0.21877377296623168,0.013564217415473534,-0.0,0.9463946303571862,0.00017690658569335938,0,0.0
8129,8,0.21877285595793708,0.01356217949416716,-0.0,0.9463946303571862,0.00018095970153808594,0,0.0
6118,8,0.21876047459282877,0.013534642567262223,-0.0,0.9463946303571862,0.0009191036224365234,0,0.0
7986,8,0.21875524745164013,0.01352302784589543,-0.0,0.9463946303571862,0.0008819103240966797,0,0.0
9169,8,0.2187360421511754,0.013480371829425408,-0.0,0.9463946303571862,0.0001552104949951172,0,0.0
7439,8,0.21873530854912085,0.013478739630533143,-0.0,0.9463946303571862,0.00021910667419433594,0,0.0
9132,8,0.21872827651152812,0.01346310146714147,-0.0,0.9463946303571862,0.0005888938903808594,0,0.0
7603,8,0.21872765152725482,0.013461723967517658,-0.0,0.9463946303571862,0.00022101402282714844,0,0.0
7246,8,0.21872645435207996,0.013459064873353466,-0.0,0.9463946303571862,0.00017905235290527344,0,0.0
6290,8,0.21871838656593193,0.013441137357440125,-0.0,0.9463946303571862,0.0001499652862548828,0,0.0
6498,8,0.21871824713884347,0.013440826592282407,-0.0,0.9463946303571862,0.0001800060272216797,0,0.0
6321,8,0.21871381262169995,0.013430973191455253,-0.0,0.9463946303571862,0.00014495849609375,0,0.0
7711,8,0.21869945901296078,0.013399069270401909,-0.0,0.9463946303571862,0.00037217140197753906,0,0.0
9304,8,0.2186994576454013,0.013399064722868226,-0.0,0.9463946303571862,0.0004210472106933594,0,0.0
7371,8,0.2186951870258335,0.013389582146897006,-0.0,0.9463946303571862,0.00017189979553222656,0,0.0
7425,8,0.2186832827411633,0.013363109504841209,-0.0,0.9463946303571862,0.0007770061492919922,0,0.0
8591,8,0.21866881842271652,0.013330971880508802,-0.0,0.9463946303571862,0.0006051063537597656,0,0.0
7015,8,0.2186511344450948,0.013291666249326095,-0.0,0.9463946303571862,0.0008611679077148438,0,0.0
6903,8,0.2186361328928952,0.013258350306210254,-0.0,0.9463946303571862,0.00018596649169921875,0,0.0
7395,8,0.21863108460426425,0.013247045371992172,-0.0,0.9463946303571862,0.002989053726196289,0,0.0
8689,8,0.21861378753265476,0.013208681138801026,-0.0,0.9463946303571862,0.0006010532379150391,0,0.0
7536,8,0.21860683111032259,0.013193034763538058,-0.0,0.9463946303571862,0.006681203842163086,0,0.0
6286,8,0.2186036363985903,0.013185787106305025,-0.0,0.9463946303571862,0.011486053466796875,0,0.0
6071,8,0.21859563567752482,0.013168357885051107,-0.0,0.9463946303571862,0.00014090538024902344,0,0.0
8720,8,0.21858144915029842,0.013136832732584036,-0.0,0.9463946303571862,0.000125885009765625,0,0.0
8600,8,0.21851960597332745,0.012999402030216878,-0.0,0.9463946303571862,0.00017189979553222656,0,0.0
8416,8,0.2185138873036477,0.012986695133693327,-0.0,0.9463946303571862,0.00013113021850585938,0,0.0
8103,8,0.2184890091526858,0.012931395879415497,-0.0,0.9463946303571862,0.0006000995635986328,0,0.0
7761,8,0.21848867957765433,0.012930646028503356,-0.0,0.9463946303571862,0.0011658668518066406,0,0.0
7675,8,0.21848727486853697,0.012927538617988343,-0.0,0.9463946303571862,0.0007069110870361328,0,0.0
6233,8,0.21848310503943202,0.012918288071129824,-0.0,0.9463946303571862,0.00019693374633789062,0,0.0
8091,8,0.218476622521642,0.012903873895915519,-0.0,0.9463946303571862,0.0004749298095703125,0,0.0
8657,8,0.2184461399118244,0.01283614300461744,-0.0,0.9463946303571862,0.0002079010009765625,0,0.0
8531,8,0.2184234080521121,0.012785599636250256,-0.0,0.9463946303571862,0.0011191368103027344,0,0.0
7989,8,0.21842244722617887,0.012783467742085941,-0.0,0.9463946303571862,0.001013040542602539,0,0.0
8212,8,0.21841581867813303,0.012768761212265778,-0.0,0.9463946303571862,0.0002491474151611328,0,0.0
8411,8,0.21840274529220022,0.01273971181167699,-0.0,0.9463946303571862,0.0001659393310546875,0,0.0
8061,8,0.21839972984217354,0.012733009634241954,-0.0,0.9463946303571862,0.0002040863037109375,0,0.0
6364,8,0.21839308789132986,0.01271823057433008,-0.0,0.9463946303571862,0.0008251667022705078,0,0.0
8028,8,0.21834891320352223,0.012620074513455926,-0.0,0.9463946303571862,0.0005040168762207031,0,0.0
8017,8,0.21831759896565925,0.01255049883441095,-0.0,0.9463946303571862,0.0001308917999267578,0,0.0
8122,8,0.21831021207358858,0.012534082495853194,-0.0,0.9463946303571862,0.000164031982421875,0,0.0
9195,8,0.2183062756707572,0.012525318362442639,-0.0,0.9463946303571862,0.0007009506225585938,0,0.0
8155,8,0.21830138823425263,0.012514330353594616,-0.0,0.9463946303571862,0.004817008972167969,0,0.0
7737,8,0.2182634213928718,0.012430091019532963,-0.0,0.9463946303571862,0.0005588531494140625,0,0.0
8006,8,0.21823038335081685,0.012356682802780461,-0.0,0.9463946303571862,0.0002460479736328125,0,0.0
9001,8,0.21821454232625717,0.01232145756715508,-0.0,0.9463946303571862,0.0009899139404296875,0,0.0
6788,8,0.2182103528813629,0.01231215577671152,-0.0,0.9463946303571862,0.0007278919219970703,0,0.0
9151,8,0.21820417576890475,0.012298447624563114,-0.0,0.9463946303571862,0.00011992454528808594,0,0.0
7361,8,0.21818150244859935,0.012248059252621513,-0.0,0.9463946303571862,0.00022411346435546875,0,0.0
8636,8,0.21818041754761103,0.012245629317484408,-0.0,0.9463946303571862,0.0008411407470703125,0,0.0
7146,8,0.21812927205728724,0.012131980273752285,-0.0,0.9463946303571862,0.0005948543548583984,0,0.0
6749,8,0.21812703890296345,0.012127015787994244,-0.0,0.9463946303571862,0.0006570816040039062,0,0.0
7166,8,0.218047708195505,0.011950731596501063,-0.0,0.9463946303571862,0.000453948974609375,0,0.0
7128,8,0.2180378481921493,0.01192882711538834,-0.0,0.9463946303571862,0.00023889541625976562,0,0.0
8430,8,0.21803181017839873,0.011915391212260928,-0.0,0.9463946303571862,0.0008251667022705078,0,0.0
7643,8,0.21802290612350073,0.01189562350444362,-0.0,0.9463946303571862,0.00020694732666015625,0,0.0
8975,8,0.2179583991372878,0.011752158196377427,-0.0,0.9463946303571862,0.003979921340942383,0,0.0
8718,8,0.21794263902699118,0.011717252429059188,-0.0,0.9463946303571862,0.00019884109497070312,0,0.0
6934,8,0.21793904951125415,0.011709276831211035,-0.0,0.9463946303571862,0.00016307830810546875,0,0.0
9138,8,0.21793402753062951,0.011698114217813527,-0.0,0.9463946303571862,0.0002491474151611328,0,0.0
8025,8,0.21791403179968521,0.011653680069605321,-0.0,0.9463946303571862,0.00022292137145996094,0,0.0
8624,8,0.21790001680807378,0.011622537402507072,-0.0,0.9463946303571862,0.0001659393310546875,0,0.0
6873,8,0.21787536060954782,0.011567727851096166,-0.0,0.9463946303571862,0.0007491111755371094,0,0.0
6919,8,0.21786034611304556,0.01153434141225329,-0.0,0.9463946303571862,0.0014259815216064453,0,0.0
8067,8,0.21784800813936997,0.01150696203127044,-0.0,0.9463946303571862,0.0001838207244873047,0,0.0
3355,9,0.21780681542036207,0.0023793429094465246,1.0,-0.0,5.0,0,0.0
1241,9,0.21774736389243882,0.002185500007888752,1.0,-0.0,7.0,0,0.0
3439,24,0.21771137405715216,0.0237547422270169,0.41381685030363374,0.6936560749362907,5.4700000286102295,24,1.0
7786,8,0.2177106018974655,0.011201604260091313,-0.0,0.9463946303571862,0.0005261898040771484,0,0.0
2322,9,0.2176380780220778,0.0019735067157284902,1.0,-0.0,6.0,0,0.0
8619,8,0.21741968692580974,0.0105550870737805,-0.0,0.9463946303571862,0.0018050670623779297,0,0.0
693,9,0.21738910111732787,0.0013893605076421567,1.0,-0.0,7.0,0,0.0
2401,9,0.2172110960996394,0.0009629296041369084,1.0,-0.0,8.0,0,0.0
558,9,0.21711673213346638,0.0008149602965920044,1.0,-0.0,6.0,0,0.0
4950,9,0.21707252344433753,0.0008401755553180124,1.0,-0.0,2.0,0,0.0
7949,8,0.2170020656162473,0.009627039167302343,-0.0,0.9463946303571862,0.0018229484558105469,0,0.0
7201,9,0.2169200185999925,0.0003778191110944684,1.0,-0.0,6.0,0,0.0
563,9,0.21689320623937386,0.0004416928776209694,1.0,-0.0,2.0,0,0.0
7174,9,0.21686090663650925,0.00027732338977359827,1.0,-0.0,5.0,0,0.0
3098,9,0.21682718761298114,0.00017152802884701224,1.0,-0.0,6.0,0,0.0
4931,9,0.21681490804816098,0.0001751043045552514,1.0,-0.0,5.0,0,0.0
6441,9,0.21680220766156905,0.00020860961830160285,1.0,-0.0,3.0,0,0.0
642,9,0.2167959249521388,7.119125166654694e-05,1.0,-0.0,7.0,0,0.0
618,9,0.21677198487603713,1.799108255162718e-05,1.0,-0.0,7.0,0,0.0
7478,9,0.21676732157015027,0.00319387938156368,-0.0,0.9910760598382222,0.14401483535766602,0,0.0
4936,9,0.21676663516921651,3.6967042703395236e-05,1.0,-0.0,6.0,0,0.0
3789,9,0.21670840338810546,1.5567727140730625e-07,1.0,-0.0,3.0,0,0.0
8336,10,0.21622635646775987,0.006619419815833583,-0.0,1.0,0.14863300323486328,0,0.0
7477,10,0.21604101792615377,0.006207697814939572,-0.0,1.0,0.14405083656311035,0,0.0
8413,8,0.21558934532118357,0.006487669218291026,-0.0,0.9463946303571862,0.0015480518341064453,0,0.0
8244,10,0.21557220093460763,0.005166559835809492,-0.0,1.0,0.12209796905517578,0,0.0
7158,8,0.21551846670416525,0.004188547992640901,-0.0,0.9528195311147832,0.0008871555328369141,0,0.0
3819,22,0.21507690078743094,0.0007532991803226308,0.8799053499499169,0.26676498780302604,7.0,0,0.0
8891,10,0.21493717780729918,0.003754872051869973,-0.0,1.0,0.13911700248718262,0,0.0
3435,61,0.21493457280251507,0.02460534859426955,0.7747601025702867,0.41289374754837344,7.683295011520386,0,0.0
7078,10,0.21481626646691945,0.0034857740412533866,-0.0,1.0,0.15227603912353516,0,0.0
8213,8,0.21479752667397847,0.004728012318154673,-0.0,0.9463946303571862,0.0034890174865722656,0,0.0
7981,8,0.21478136838236106,0.004690871202019609,-0.0,0.9463946303571862,0.04346418380737305,0,0.0
8202,8,0.21462841750003747,0.004352302891176052,-0.0,0.9463946303571862,0.0006139278411865234,0,0.0
7084,10,0.2145997430402391,0.003004818523132946,-0.0,1.0,0.14554810523986816,0,0.0
7910,8,0.21438244253278357,0.0038054612270104204,-0.0,0.9463946303571862,0.008086204528808594,0,0.0
5496,8,0.21435942672980093,0.0016128009232864171,-0.0,0.9528195311147832,0.004214048385620117,0,0.0
9400,8,0.21435432472122679,0.0037429744933644704,-0.0,0.9463946303571862,0.008173942565917969,0,0.0
7918,8,0.21433424179989663,0.003698506424853143,-0.0,0.9463946303571862,0.002969026565551758,0,0.0
6935,8,0.21431849801322886,0.003663315111335441,-0.0,0.9463946303571862,0.009614944458007812,0,0.0
9060,8,0.2143009855090763,0.0036245735553589453,-0.0,0.9463946303571862,0.003941059112548828,0,0.0
6337,8,0.21430015420597887,0.0036218928539052397,-0.0,0.9463946303571862,0.03094196319580078,0,0.0
7145,8,0.21429281255325228,0.003605246528430084,-0.0,0.9463946303571862,0.04168391227722168,0,0.0
7871,8,0.21429032995825603,0.0036008758259038487,-0.0,0.9463946303571862,0.004547834396362305,0,0.0
9335,8,0.21428081203074775,0.0035787941971882065,-0.0,0.9463946303571862,0.03470182418823242,0,0.0
7575,8,0.21427087673645331,0.003556506722367403,-0.0,0.9463946303571862,0.04147481918334961,0,0.0
7867,8,0.2142681697858254,0.0035504365800678173,-0.0,0.9463946303571862,0.04324698448181152,0,0.0
9398,8,0.21426648063635148,0.0035479621700603703,-0.0,0.9463946303571862,0.0017991065979003906,0,0.0
9382,8,0.21426343846519227,0.00354053167161017,-0.0,0.9463946303571862,0.02351093292236328,0,0.0
2423,12,0.21426096875542805,0.01450209296992322,1.0,-0.0,0.0,0,0.0
7023,8,0.2142608154229389,0.0035340625055055863,-0.0,0.9463946303571862,0.044252872467041016,0,0.0
6217,8,0.214254229847452,0.0035205903310575604,-0.0,0.9463946303571862,0.0065898895263671875,0,0.0
9389,8,0.21424787732115505,0.0035054503928846348,-0.0,0.9463946303571862,0.03974199295043945,0,0.0
7906,8,0.214233505438614,0.003474536236367287,-0.0,0.9463946303571862,0.006585121154785156,0,0.0
7024,8,0.21423102502925442,0.0034692169298944364,-0.0,0.9463946303571862,0.00034117698669433594,0,0.0
9238,8,0.21422917351413595,0.0034646090946424124,-0.0,0.9463946303571862,0.016325950622558594,0,0.0
7192,8,0.21421481137427675,0.003432861593013592,-0.0,0.9463946303571862,0.010870933532714844,0,0.0
7072,8,0.214213150820898,0.003429404683085835,-0.0,0.9463946303571862,0.003314971923828125,0,0.0
6393,8,0.21420840769329738,0.003418849800070234,-0.0,0.9463946303571862,0.003787994384765625,0,0.0
8566,8,0.21416764677358155,0.003327170868829832,-0.0,0.9463946303571862,0.039399147033691406,0,0.0
7011,8,0.21416555393797637,0.003323473061497051,-0.0,0.9463946303571862,0.008523941040039062,0,0.0
6838,8,0.21414495119714957,0.0032777248380424506,-0.0,0.9463946303571862,0.007369041442871094,0,0.0
7913,8,0.2141400212645869,0.0032666606060399728,-0.0,0.9463946303571862,0.010895013809204102,0,0.0
8256,8,0.2141287615783599,0.0032418463360071037,-0.0,0.9463946303571862,0.004179954528808594,0,0.0
6947,8,0.2141189328742608,0.0032196827370128966,-0.0,0.9463946303571862,0.014613866806030273,0,0.0
6715,8,0.21411665200088012,0.0032150421202842283,-0.0,0.9463946303571862,0.0007469654083251953,0,0.0
7237,8,0.21410983794162758,0.003199892172316421,-0.0,0.9463946303571862,0.0009930133819580078,0,0.0
7321,8,0.21409827671964415,0.003174212017887479,-0.0,0.9463946303571862,0.0006220340728759766,0,0.0
6344,8,0.21409472338695204,0.003165041647978928,-0.0,0.9463946303571862,0.04190206527709961,0,0.0
6941,8,0.21409061448426744,0.003157087326736363,-0.0,0.9463946303571862,0.0037810802459716797,0,0.0
7037,8,0.21408219494863037,0.0031383520664201026,-0.0,0.9463946303571862,0.0045969486236572266,0,0.0
9085,8,0.2140561803570924,0.003080672411891583,-0.0,0.9463946303571862,0.00036716461181640625,0,0.0
7863,8,0.21405503305434823,0.0030781158816455267,-0.0,0.9463946303571862,0.0005929470062255859,0,0.0
6924,8,0.21405468462038915,0.003076978554878984,-0.0,0.9463946303571862,0.01235508918762207,0,0.0
7889,8,0.21404824548769324,0.003063001317471503,-0.0,0.9463946303571862,0.001600027084350586,0,0.0
7349,8,0.21403954032988687,0.003043598499800071,-0.0,0.9463946303571862,0.0034799575805664062,0,0.0
9336,8,0.21402933094767604,0.0030204010108504376,-0.0,0.9463946303571862,0.020003080368041992,0,0.0
7148,8,0.21401941641064612,0.0029989629352135116,-0.0,0.9463946303571862,0.0007500648498535156,0,0.0
7457,8,0.21401662829129728,0.002992734523207252,-0.0,0.9463946303571862,0.001806020736694336,0,0.0
7849,8,0.21401378656755424,0.0029862203843049606,-0.0,0.9463946303571862,0.008260011672973633,0,0.0
7881,8,0.2139995639592747,0.0029548478924815713,-0.0,0.9463946303571862,0.0007009506225585938,0,0.0
3171,8,0.2139930636990857,0.0007987055805896981,-0.0,0.9528195311147832,0.0027649402618408203,0,0.0
9327,8,0.21399250068131045,0.002938312088464956,-0.0,0.9463946303571862,0.027904987335205078,0,0.0
3170,8,0.21397875845093767,0.0007669776507824855,-0.0,0.9528195311147832,0.0007719993591308594,0,0.0
6380,8,0.21395864605155948,0.0028639171703382926,-0.0,0.9463946303571862,0.0007669925689697266,0,0.0
7878,8,0.21394696771151356,0.0028379712345997232,-0.0,0.9463946303571862,0.0005748271942138672,0,0.0
8203,8,0.21393966930024025,0.002821739481369545,-0.0,0.9463946303571862,0.0009980201721191406,0,0.0
3186,8,0.21392836415121286,0.0006549926360190916,-0.0,0.9528195311147832,0.0006968975067138672,0,0.0
8808,8,0.2139127760546866,0.002761695909368256,-0.0,0.9463946303571862,0.010096073150634766,0,0.0
6502,8,0.21390737361831277,0.0027492976858779494,-0.0,0.9463946303571862,0.022823095321655273,0,0.0
1602,8,0.2138754688240279,0.0005374539106288712,-0.0,0.9528195311147832,0.00048804283142089844,0,0.0
8319,8,0.21383223378728752,0.002582480046123381,-0.0,0.9463946303571862,0.01764678955078125,0,0.0
3425,8,0.21340835295259172,0.001640916578238727,-0.0,0.9463946303571862,0.0048830509185791016,0,0.0
450,278,0.213303515282965,0.0046297626026138294,0.678324323335763,0.6495856241477845,2.766752004623413,0,0.0
1695,10,0.21329317217726712,0.00010211700712159377,-0.0,1.0,0.11997509002685547,0,0.0
2589,10,0.21327796684472053,6.854685678781003e-05,-0.0,1.0,0.11286401748657227,0,0.0
2865,10,0.2132741207777269,2.861510516094512e-05,-0.0,1.0,1.1297359466552734,0,0.0
2853,10,0.21326710642806884,4.415473020791261e-05,-0.0,1.0,0.12121891975402832,0,0.0
4723,8,0.2131810046428179,0.0011352490094727052,-0.0,0.9463946303571862,0.019433975219726562,0,0.0
5101,8,0.21316866166282847,0.0011070510885278217,-0.0,0.9463946303571862,0.044352054595947266,0,0.0
3136,8,0.21316226368767355,0.0010940884926083916,-0.0,0.9463946303571862,0.0036859512329101562,0,0.0
5090,8,0.2131485667277594,0.001063650833344587,-0.0,0.9463946303571862,0.00368499755859375,0,0.0
942,8,0.2130968242038896,0.0009484934308389148,-0.0,0.9463946303571862,0.0093231201171875,0,0.0
3114,8,0.21308632968760377,0.0009250058026132324,-0.0,0.9463946303571862,0.01471710205078125,0,0.0
5399,8,0.2130718104122987,0.000892940878172821,-0.0,0.9463946303571862,0.008232831954956055,0,0.0
4995,8,0.21307010210148197,0.0008878121516829873,-0.0,0.9463946303571862,0.05140519142150879,0,0.0
5386,8,0.213033555204532,0.0008079813380051926,-0.0,0.9463946303571862,0.006546974182128906,0,0.0
4565,8,0.21300010399975233,0.0007328939997984785,-0.0,0.9463946303571862,0.03088998794555664,0,0.0
5437,8,0.212983541567084,0.0006960516463476729,-0.0,0.9463946303571862,0.032087087631225586,0,0.0
1351,8,0.21295290444267317,0.0006287227564076847,-0.0,0.9463946303571862,0.007670164108276367,0,0.0
1267,8,0.21294431835903938,0.0006098217450604126,-0.0,0.9463946303571862,0.0018649101257324219,0,0.0
2463,8,0.2129439711130251,0.0006077933858639195,-0.0,0.9463946303571862,0.042582035064697266,0,0.0
1652,8,0.21293399747830216,0.0005868500662655762,-0.0,0.9463946303571862,0.0030438899993896484,0,0.0
3182,8,0.21292350107879168,0.0005635919474552553,-0.0,0.9463946303571862,0.0008661746978759766,0,0.0
320,8,0.21291814266975934,0.0005195705518813432,-0.0,0.9463946303571862,1.0413539409637451,0,0.0
2301,8,0.21291465713370222,0.0005439239895147496,-0.0,0.9463946303571862,0.0013439655303955078,0,0.0
5485,8,0.21290836217846654,0.0005299573274066827,-0.0,0.9463946303571862,0.0006270408630371094,0,0.0
2417,8,0.21290643482483193,0.0005243788234134961,-0.0,0.9463946303571862,0.04260110855102539,0,0.0
5554,8,0.2129050611849385,0.0005226118815601088,-0.0,0.9463946303571862,0.0009479522705078125,0,0.0
5607,8,0.2129049479914441,0.0005223887667260563,-0.0,0.9463946303571862,2.6941299438476562e-05,0,0.0
3026,8,0.21290484928605627,0.0005208865160648557,-0.0,0.9463946303571862,0.041593074798583984,0,0.0
3323,8,0.2128993588178719,0.0005098776421366136,-0.0,0.9463946303571862,0.0029668807983398438,0,0.0
5879,8,0.21289437093241548,0.000498853822172407,-0.0,0.9463946303571862,0.001010894775390625,0,0.0
2705,8,0.21289423887365078,0.0004984096762371548,-0.0,0.9463946303571862,0.00589299201965332,0,0.0
5453,8,0.21289311493889698,0.0004959992943488478,-0.0,0.9463946303571862,0.0030660629272460938,0,0.0
1765,8,0.21289272907307408,0.0004948738219574533,-0.0,0.9463946303571862,0.011749029159545898,0,0.0
5250,8,0.21289170664502985,0.0004916134851922216,-0.0,0.9463946303571862,0.043769121170043945,0,0.0
5608,8,0.2128915815578295,0.0004926043714269523,-0.0,0.9463946303571862,0.0026581287384033203,0,0.0
5501,8,0.21288654198253684,0.0004814184650359099,-0.0,0.9463946303571862,0.002232074737548828,0,0.0
350,8,0.2128831750306046,0.0004739723110999128,-0.0,0.9463946303571862,0.0010669231414794922,0,0.0
5460,8,0.21287967304658115,0.0004660953677131374,-0.0,0.9463946303571862,0.0041370391845703125,0,0.0
3864,8,0.21287876725166896,0.0004641385405723675,-0.0,0.9463946303571862,0.002321004867553711,0,0.0
5236,8,0.21287737046601535,0.0004610783046018474,-0.0,0.9463946303571862,0.000904083251953125,0,0.0
3172,8,0.21287646022524426,0.00045906952866925366,-0.0,0.9463946303571862,0.00045108795166015625,0,0.0
897,8,0.21287561334360944,0.0004570998549910943,-0.0,0.9463946303571862,0.0032930374145507812,0,0.0
1773,8,0.21287446127147305,0.0004545765759818021,-0.0,0.9463946303571862,0.00209808349609375,0,0.0
3891,8,0.21287346605581678,0.00045237826054556063,-0.0,0.9463946303571862,0.0016679763793945312,0,0.0
4319,8,0.2128684260716669,0.00043996616540986633,-0.0,0.9463946303571862,0.04094099998474121,0,0.0
1115,8,0.21286789256606323,0.0004400155614898704,-0.0,0.9463946303571862,0.0009281635284423828,0,0.0
474,8,0.2128647006852421,0.0004329214186431507,-0.0,0.9463946303571862,0.0009629726409912109,0,0.0
180,8,0.21286232126045213,0.00042732775654430455,-0.0,0.9463946303571862,0.010879039764404297,0,0.0
2769,8,0.21286068595921892,0.0004237666848698751,-0.0,0.9463946303571862,0.008516073226928711,0,0.0
2253,8,0.21285975563535062,0.000421919636999335,-0.0,0.9463946303571862,0.001377105712890625,0,0.0
5601,8,0.2128592251581312,0.00041951092679570756,-0.0,0.9463946303571862,0.04122495651245117,0,0.0
5509,8,0.21285804872365693,0.000417888942279232,-0.0,0.9463946303571862,0.009073972702026367,0,0.0
867,8,0.21285200242494537,0.0004035309628438455,-0.0,0.9463946303571862,0.03893899917602539,0,0.0
172,8,0.21284857086091516,0.00039655581658293304,-0.0,0.9463946303571862,0.017861127853393555,0,0.0
2610,8,0.21284807748380402,0.0003959038381774471,-0.0,0.9463946303571862,0.003462076187133789,0,0.0
5612,8,0.21284306734233494,0.00038485942082922,-0.0,0.9463946303571862,0.0005710124969482422,0,0.0
2657,8,0.21284107409315167,0.0003804422008312214,-0.0,0.9463946303571862,0.00017499923706054688,0,0.0
408,8,0.2128405834313885,0.0003793263806080027,-0.0,0.9463946303571862,0.0009999275207519531,0,0.0
4062,8,0.2128400141004721,0.0003767421573634966,-0.0,0.9463946303571862,0.043736934661865234,0,0.0
3130,8,0.2128365347513539,0.0003701851736443995,-0.0,0.9463946303571862,0.005670070648193359,0,0.0
3992,8,0.21283436925163063,0.00036414385275174155,-0.0,0.9463946303571862,0.04549288749694824,0,0.0
4097,8,0.21283222550016562,0.000360124496206482,-0.0,0.9463946303571862,0.02136993408203125,0,0.0
346,8,0.21283221495902258,0.0003607300844115091,-0.0,0.9463946303571862,0.0009899139404296875,0,0.0
3208,8,0.21283214147791843,0.00036021564812527274,-0.0,0.9463946303571862,0.012367010116577148,0,0.0
4338,8,0.21283190523643739,0.00035876806809975736,-0.0,0.9463946303571862,0.04225921630859375,0,0.0
4316,8,0.212831595096412,0.00035857257846694246,-0.0,0.9463946303571862,0.026262998580932617,0,0.0
5778,8,0.2128313044123272,0.0003574001355729495,-0.0,0.9463946303571862,0.04332089424133301,0,0.0
1702,8,0.2128308323693162,0.0003575896620364727,-0.0,0.9463946303571862,0.0031931400299072266,0,0.0
287,8,0.2128307653727177,0.0003562648546511227,-0.0,0.9463946303571862,0.04129314422607422,0,0.0
298,8,0.21282903125777025,0.00035365747390514457,-0.0,0.9463946303571862,0.0009160041809082031,0,0.0
5253,8,0.2128290206264427,0.00035231181035300096,-0.0,0.9463946303571862,0.04375004768371582,0,0.0
1697,8,0.21282679172489605,0.00034858771414580936,-0.0,0.9463946303571862,0.003929853439331055,0,0.0
4428,8,0.2128263499076069,0.0003475574636548906,-0.0,0.9463946303571862,0.005499124526977539,0,0.0
2656,8,0.21282591107172355,0.0003467366561915597,-0.0,0.9463946303571862,0.0004971027374267578,0,0.0
321,8,0.21282304811651895,0.0003402809542223384,-0.0,0.9463946303571862,0.003529071807861328,0,0.0
5483,8,0.2128144618121261,0.0003212947842694547,-0.0,0.9463946303571862,0.00046706199645996094,0,0.0
1624,8,0.21281281120962592,0.00031685502365985663,-0.0,0.9463946303571862,0.025471925735473633,0,0.0
1693,8,0.21280731704590933,0.0003053751478434563,-0.0,0.9463946303571862,0.0018401145935058594,0,0.0
5508,8,0.2128065983284192,0.00030373160926278064,-0.0,0.9463946303571862,0.0033431053161621094,0,0.0
5468,8,0.21280646431831146,0.0003023229771268454,-0.0,0.9463946303571862,0.03933405876159668,0,0.0
5329,8,0.21280586454641423,0.00030093953089216363,-0.0,0.9463946303571862,0.04097414016723633,0,0.0
168,8,0.21280584352517323,0.00030176451655661296,-0.0,0.9463946303571862,0.012731075286865234,0,0.0
4360,8,0.21280465045509797,0.0002990423569884104,-0.0,0.9463946303571862,0.015027999877929688,0,0.0
4767,8,0.21280268452374135,0.0002942464025093017,-0.0,0.9463946303571862,0.0288698673248291,0,0.0
4309,8,0.21280205673948688,0.0002937194717186342,-0.0,0.9463946303571862,0.0007419586181640625,0,0.0
1699,8,0.21279990932989268,0.0002889254408312558,-0.0,0.9463946303571862,0.001455068588256836,0,0.0
403,8,0.2127937021277551,0.00027512931826911835,-0.0,0.9463946303571862,0.0015308856964111328,0,0.0
4225,8,0.21278908256141904,0.0002647173410866843,-0.0,0.9463946303571862,0.006270170211791992,0,0.0
4344,8,0.21278190044761103,0.0002485649331072093,-0.0,0.9463946303571862,0.012495994567871094,0,0.0
735,8,0.2127813898792372,0.0002476796607424614,-0.0,0.9463946303571862,0.004417896270751953,0,0.0
2115,8,0.21277834320367556,0.0002410209962007137,-0.0,0.9463946303571862,0.0007979869842529297,0,0.0
442,8,0.21277577411917725,0.00023400815255725238,-0.0,0.9463946303571862,0.04304003715515137,0,0.0
4355,8,0.21277010529221127,0.0002227197435261674,-0.0,0.9463946303571862,0.0006289482116699219,0,0.0
253,8,0.21276729363701613,0.00021646677155406913,-0.0,0.9463946303571862,0.0007860660552978516,0,0.0
5281,8,0.21276687705115854,0.00021453812186611465,-0.0,0.9463946303571862,0.033280134201049805,0,0.0
2369,8,0.21276079642305448,0.00020095509752238172,-0.0,0.9463946303571862,0.03556489944458008,0,0.0
851,8,0.21275799486356725,0.00019582107987992092,-0.0,0.9463946303571862,0.00019478797912597656,0,0.0
425,8,0.21275772385329209,0.00019512774273788835,-0.0,0.9463946303571862,0.0031461715698242188,0,0.0
4058,8,0.21275481834675766,0.0001887455452804776,-0.0,0.9463946303571862,0.0007328987121582031,0,0.0
4741,8,0.21275206421930623,0.0001818313723382925,-0.0,0.9463946303571862,0.026454925537109375,0,0.0
1990,8,0.21274846886571197,0.00017335940780494052,-0.0,0.9463946303571862,0.04208111763000488,0,0.0
3923,8,0.21274744419910924,0.00017230555388247915,-0.0,0.9463946303571862,0.0024499893188476562,0,0.0
3993,8,0.2127439564758913,0.00016335731354377714,-0.0,0.9463946303571862,0.04125690460205078,0,0.0
3860,8,0.2127420832191926,0.00016018754162061555,-0.0,0.9463946303571862,0.009083032608032227,0,0.0
428,8,0.21272784729972702,0.00012867516399794887,-0.0,0.9463946303571862,0.005097866058349609,0,0.0
1818,8,0.21272696003445446,0.00012678700555679434,-0.0,0.9463946303571862,0.0023910999298095703,0,0.0
1862,8,0.21272149405063565,0.00011465380428987704,-0.0,0.9463946303571862,0.0019559860229492188,0,0.0
891,8,0.2127129391503854,9.569954661592384e-05,-0.0,0.9463946303571862,0.00012111663818359375,0,0.0
4162,14,0.2121728973294971,0.0007933168638685206,0.463436782324667,0.5916727785823275,7.0,0,0.0
8279,9,0.21194005299145632,0.007319802042086598,-0.0,0.9462651872218009,2.8582072257995605,5,0.5555555555555556
7004,12,0.20892708633370538,0.002619965452820616,-0.0,1.0,0.9413971900939941,0,0.0
2895,12,0.20880785788772574,0.002137155239226751,1.0,-0.0,8.0,0,0.0
522,12,0.2084015745204405,0.001296031706987999,1.0,-0.0,6.0,0,0.0
3229,12,0.2082087020280748,0.0008056977733357229,1.0,-0.0,8.0,0,0.0
557,12,0.20809855107926403,0.0006535104796822067,1.0,-0.0,5.0,0,0.0
8277,7,0.20803741593991446,0.006614302340165246,0.863120568566631,-0.0,0.0,0,0.0
6640,12,0.2079332511449523,0.0003479056873846309,1.0,-0.0,3.0,0,0.0
4886,12,0.20792668219897914,0.00024071543707382403,1.0,-0.0,6.0,0,0.0
761,12,0.20786223451055352,0.00015922674674528903,1.0,-0.0,4.0,0,0.0
3363,12,0.20786040451476984,0.00012429589191731427,1.0,-0.0,5.0,0,0.0
7690,12,0.20785498055550125,5.051425403657106e-05,1.0,-0.0,7.0,0,0.0
9079,12,0.20784357429855585,8.68954114418008e-05,1.0,-0.0,5.0,0,0.0
4666,12,0.20783738735284232,0.00018989077293563028,-0.0,1.0,1.2174901962280273,0,0.0
610,12,0.20782274602229742,9.746155558931768e-06,1.0,-0.0,6.0,0,0.0
2039,12,0.2078102265136057,1.2789222663678323e-05,1.0,-0.0,5.0,0,0.0
8941,12,0.20781017452501122,1.2673692453724072e-05,1.0,-0.0,5.0,0,0.0
4142,12,0.20777892605634318,4.961046030982352e-06,1.0,-0.0,3.0,0,0.0
2327,12,0.20775667381929214,1.724002542369263e-05,1.0,-0.0,1.0,0,0.0
3088,9,0.20628067668728678,0.003969559064696426,0.9182958340544896,-0.0,6.0,0,0.0
4219,9,0.2060004784095103,0.003439488817785663,0.9182958340544896,-0.0,3.0,0,0.0
2909,9,0.20597266487921756,0.003285088380098111,0.9182958340544896,-0.0,6.0,0,0.0
3083,9,0.2059308651542008,0.003253928497344849,0.9182958340544896,-0.0,4.0,0,0.0
2248,9,0.20592244589052466,0.0032043548249780507,0.9182958340544896,-0.0,5.0,0,0.0
3017,9,0.20586054574116297,0.0031285273325694085,0.9182958340544896,-0.0,3.0,0,0.0
5373,9,0.20583431865686613,0.0029776523304282376,0.9182958340544896,-0.0,6.0,0,0.0
5177,9,0.20579646171397623,0.002893525790672924,0.9182958340544896,-0.0,6.0,0,0.0
1310,9,0.20568624121222107,0.0027411839349207323,0.9182958340544896,-0.0,3.0,0,0.0
1810,9,0.20567311696664098,0.0025576979570883784,0.9182958340544896,-0.0,8.0,0,0.0
2032,9,0.2056491270720468,0.002596979672805033,0.9182958340544896,-0.0,5.0,0,0.0
2079,9,0.20563786618549468,0.0025719554804669587,0.9182958340544896,-0.0,5.0,0,0.0
2989,9,0.2056193076654665,0.0024381217322562154,0.9182958340544896,-0.0,8.0,0,0.0
5609,9,0.20560558395978787,0.0025310813986494374,0.9182958340544896,-0.0,4.0,0,0.0
1758,9,0.20558756896165875,0.0024601838719426894,0.9182958340544896,-0.0,5.0,0,0.0
6077,14,0.20556818792284112,0.004680780215079117,-0.0,1.0,0.6903679370880127,0,0.0
2058,9,0.20554602384598858,0.0024295897877374406,0.9182958340544896,-0.0,3.0,0,0.0
2069,9,0.20552092444067355,0.002373813331481789,0.9182958340544896,-0.0,3.0,0,0.0
2149,9,0.20548227977190295,0.0023188004873002654,0.9182958340544896,-0.0,2.0,0,0.0
1250,9,0.20545053472934555,0.0021865275532220174,0.9182958340544896,-0.0,4.0,0,0.0
2920,9,0.20543162467916273,0.002113641021951551,0.9182958340544896,-0.0,5.0,0,0.0
2060,9,0.20542241176431283,0.0021857604704332845,0.9182958340544896,-0.0,2.0,0,0.0
3326,9,0.20541425751371045,0.0019824547283538996,0.9182958340544896,-0.0,8.0,0,0.0
892,9,0.20541179139631086,0.002007838664996764,0.9182958340544896,-0.0,7.0,0,0.0
5767,9,0.20539678547541962,0.002005356371658218,0.9182958340544896,-0.0,6.0,0,0.0
1147,9,0.20539134232233053,0.0019932604759047567,0.9182958340544896,-0.0,6.0,0,0.0
5156,9,0.20538456058760596,0.0020090541518253957,0.9182958340544896,-0.0,5.0,0,0.0
1066,9,0.20537981805381203,0.0020911077804315337,0.9182958340544896,-0.0,2.0,0,0.0
8586,9,0.20537794681533572,0.0019634926825828902,-0.0,0.9182958340544896,6.0,0,0.0
1735,9,0.2053291785649329,0.0019785755829223595,0.9182958340544896,-0.0,2.0,0,0.0
4249,9,0.20532915259965132,0.0019785178822966376,0.9182958340544896,-0.0,2.0,0,0.0
4159,9,0.20532844460561417,0.001884351969621445,0.9182958340544896,-0.0,5.0,0,0.0
5154,9,0.20532408642057548,0.0019363955090416773,0.9182958340544896,-0.0,3.0,0,0.0
2510,9,0.20531933961490537,0.0019875754470586315,0.9182958340544896,-0.0,1.0,0,0.0
8499,9,0.2053056587944739,0.0018954452288159063,0.9182958340544896,-0.0,3.0,0,0.0
5623,9,0.20527276304389802,0.0016988867707460331,0.9182958340544896,-0.0,7.0,0,0.0
3352,9,0.20526906750657317,0.0018141312557031775,0.9182958340544896,-0.0,3.0,0,0.0
188,9,0.2052513931978131,0.0016822624214215542,0.9182958340544896,-0.0,6.0,0,0.0
3234,9,0.2052360913015415,0.001771714997608087,0.9182958340544896,-0.0,2.0,0,0.0
406,9,0.2052250532677333,0.0016854576385281206,0.9182958340544896,-0.0,4.0,0,0.0
5537,9,0.20521994958396497,0.001674116119043001,0.9182958340544896,-0.0,4.0,0,0.0
105,9,0.20521451919650108,0.0015385918012219557,0.9182958340544896,-0.0,8.0,0,0.0
3312,9,0.20516759571008283,0.0014651815844900495,0.9182958340544896,-0.0,7.0,0,0.0
2018,9,0.20516363274388968,0.001456374992949705,0.9182958340544896,-0.0,7.0,0,0.0
5374,9,0.20515858235268328,0.0015068802964416372,0.9182958340544896,-0.0,5.0,0,0.0
1916,9,0.20514230805438186,0.001408986794043443,0.9182958340544896,-0.0,7.0,0,0.0
2036,9,0.20513948910699562,0.0015570434541728462,0.9182958340544896,-0.0,2.0,0,0.0
5625,9,0.20512925513562968,0.0013799803079275197,0.9182958340544896,-0.0,7.0,0,0.0
5542,9,0.20512620518145946,0.0014966594221171858,0.9182958340544896,-0.0,3.0,0,0.0
2046,9,0.20510871979668008,0.0013343462213728507,0.9182958340544896,-0.0,7.0,0,0.0
2204,9,0.20510565348186782,0.0013892605835184035,0.9182958340544896,-0.0,5.0,0,0.0
3235,9,0.20510519209815936,0.0013882352863885394,0.9182958340544896,-0.0,5.0,0,0.0
1744,9,0.20510507565195554,0.0013262481219850075,0.9182958340544896,-0.0,7.0,0,0.0
1260,9,0.20509510522179555,0.0015201409932343868,0.9182958340544896,-0.0,0.0,0,0.0
810,9,0.20507071967738294,0.001311629906885381,0.9182958340544896,-0.0,5.0,0,0.0
688,9,0.20506917819101747,0.0012464759865670194,0.9182958340544896,-0.0,7.0,0,0.0
404,9,0.205055655086018,0.0012164246421237923,0.9182958340544896,-0.0,7.0,0,0.0
5406,9,0.20505550812368065,0.0012160980591519044,0.9182958340544896,-0.0,7.0,0,0.0
5202,9,0.20504578907384707,0.0012253643681636728,0.9182958340544896,-0.0,6.0,0,0.0
4051,9,0.20504171530460744,0.0013706325352854654,0.9182958340544896,-0.0,1.0,0,0.0
724,9,0.20502314305456587,0.0012676324734647304,0.9182958340544896,-0.0,3.0,0,0.0
8868,9,0.20500999921669102,0.001207559747323117,0.9182958340544896,-0.0,4.0,0,0.0
1100,9,0.20500589877313105,0.0011984476505231267,0.9182958340544896,-0.0,4.0,0,0.0
623,9,0.20499046179959488,0.0012567358574797627,0.9182958340544896,-0.0,1.0,0,0.0
3228,9,0.20498349256881845,0.0010560634927914148,0.9182958340544896,-0.0,7.0,0,0.0
1856,9,0.2049691395336987,0.0010241678591920156,0.9182958340544896,-0.0,7.0,0,0.0
1963,9,0.20496395669502707,0.001012650439921714,0.9182958340544896,-0.0,7.0,0,0.0
7573,9,0.20495661451201663,0.001027198675207175,0.9182958340544896,-0.0,6.0,0,0.0
972,9,0.20495426372989234,0.001114567307523573,0.9182958340544896,-0.0,3.0,0,0.0
1087,9,0.20495417548298675,0.0011760995983506328,0.9182958340544896,-0.0,1.0,0,0.0
3225,9,0.20493254559543087,0.0009428479963745628,0.9182958340544896,-0.0,7.0,0,0.0
2167,9,0.20492729662235215,0.000962047809286104,0.9182958340544896,-0.0,6.0,0,0.0
3316,9,0.20489510478005254,0.0010139671720771348,0.9182958340544896,-0.0,2.0,0,0.0
7714,9,0.20489441638829628,0.0009815732150878498,0.9182958340544896,-0.0,3.0,0,0.0
1745,9,0.20486529354216135,0.0007933989891090176,0.9182958340544896,-0.0,7.0,0,0.0
4840,9,0.20485430876665858,0.0009233093645349966,0.9182958340544896,-0.0,2.0,0,0.0
817,9,0.2048398309275874,0.0007368154011668793,0.9182958340544896,-0.0,7.0,0,0.0
5631,9,0.20483771723440902,0.0009481676879309342,0.9182958340544896,-0.0,0.0,0,0.0
4156,9,0.20483259776851936,0.0007824701094106823,0.9182958340544896,-0.0,5.0,0,0.0
7570,9,0.20482050495156656,0.0007247329853181661,0.9182958340544896,-0.0,6.0,0,0.0
2394,9,0.2048168005701606,0.000747365224169072,0.9182958340544896,-0.0,5.0,0,0.0
649,9,0.20481302781006658,0.0008624381029724848,0.9182958340544896,-0.0,1.0,0,0.0
8995,9,0.2048096657660502,0.0008241026965163378,0.9182958340544896,-0.0,2.0,0,0.0
2070,9,0.20480362545591785,0.000718087192518424,0.9182958340544896,-0.0,5.0,0,0.0
1720,9,0.20479672867421797,0.0008262178010866039,0.9182958340544896,-0.0,1.0,0,0.0
8563,9,0.20479371803429228,0.0007269348975480483,0.9182958340544896,-0.0,4.0,0,0.0
8607,9,0.20479304296172654,0.0006328421436982978,-0.0,0.9182958340544896,7.0,0,0.0
5930,9,0.2047754486074179,0.0008097929612840282,0.9182958340544896,-0.0,0.0,0,0.0
4101,9,0.20474737427480255,0.000747405555472147,0.9182958340544896,-0.0,0.0,0,0.0
7840,9,0.20473513688553027,0.0005041619743733072,0.9182958340544896,-0.0,7.0,0,0.0
2198,9,0.20472955168368187,0.0006769355998953452,0.9182958340544896,-0.0,1.0,0,0.0
5666,9,0.20472494140476807,0.0006666905356423891,0.9182958340544896,-0.0,1.0,0,0.0
6953,9,0.20470866980844676,0.0004453462475210168,0.9182958340544896,-0.0,7.0,0,0.0
6830,9,0.2047037815725383,0.000619668686242969,0.9182958340544896,-0.0,1.0,0,0.0
5116,9,0.2046998946802738,0.0004258459626922395,0.9182958340544896,-0.0,7.0,0,0.0
7755,9,0.2046982762527636,0.0004531136546448433,0.9182958340544896,-0.0,6.0,0,0.0
2173,9,0.20468664889004445,0.00042727507082451766,0.9182958340544896,-0.0,6.0,0,0.0
703,9,0.20468623184968576,0.0005806693021261911,0.9182958340544896,-0.0,1.0,0,0.0
6360,9,0.20468336663098632,0.0005743021494607481,0.9182958340544896,-0.0,1.0,0,0.0
8685,9,0.20466966142326526,0.0004203893421793614,0.9182958340544896,-0.0,5.0,0,0.0
6656,9,0.20466402347894785,0.0004695889720913726,0.9182958340544896,-0.0,3.0,0,0.0
5206,9,0.20466379652239408,0.0004690846241940383,0.9182958340544896,-0.0,3.0,0,0.0
1063,9,0.20465968047262414,0.00033648105680406104,0.9182958340544896,-0.0,7.0,0,0.0
6627,9,0.20465646873016524,0.0003602080488707138,0.9182958340544896,-0.0,6.0,0,0.0
4801,9,0.20464264702896953,0.00045294994744815575,0.9182958340544896,-0.0,2.0,0,0.0
7850,9,0.2046413174328788,0.00041913109193791875,0.9182958340544896,-0.0,3.0,0,0.0
5059,9,0.20463949259414332,0.00029161910462449647,0.9182958340544896,-0.0,7.0,0,0.0
7172,9,0.2046392668267994,0.00035284579447747433,0.9182958340544896,-0.0,5.0,0,0.0
8631,9,0.2046384537291765,0.0003201747133402266,-0.0,0.9182958340544896,6.0,0,0.0
886,9,0.20463073816596744,0.00033389321485088885,0.9182958340544896,-0.0,5.0,0,0.0
8123,9,0.20462671652086353,0.0003558204232619877,0.9182958340544896,-0.0,4.0,0,0.0
7614,9,0.20462172000345777,0.00034471705124916596,0.9182958340544896,-0.0,4.0,0,0.0
7384,9,0.20460262446935149,0.00027141833348209854,0.9182958340544896,-0.0,5.0,0,0.0
3834,9,0.204601385824164,0.0002686657886210586,0.9182958340544896,-0.0,5.0,0,0.0
9099,9,0.20460016878213472,0.00032768964583995697,0.9182958340544896,-0.0,3.0,0,0.0
555,9,0.20459800062322378,0.0002920073173958704,0.9182958340544896,-0.0,4.0,0,0.0
6742,9,0.20459542677487091,0.00025542345685858336,0.9182958340544896,-0.0,5.0,0,0.0
6444,9,0.20459163991244758,0.00018527981196725385,0.9182958340544896,-0.0,7.0,0,0.0
6448,9,0.20459024757739633,0.00018218573407557948,0.9182958340544896,-0.0,7.0,0,0.0
3876,9,0.20458687594270944,0.00026728580514179257,0.9182958340544896,-0.0,4.0,0,0.0
6630,9,0.20458523250675079,0.00035622631782628034,0.9182958340544896,-0.0,1.0,0,0.0
6307,9,0.20458224550225068,0.00013353914733216232,0.9182958340544896,-0.0,8.0,0,0.0
7217,9,0.204581098668932,0.0001618548263770947,0.9182958340544896,-0.0,7.0,0,0.0
6666,9,0.20457991301175082,0.00012835583511028315,0.9182958340544896,-0.0,8.0,0,0.0
1917,9,0.20457920895332965,0.00037370484108789626,0.9182958340544896,-0.0,0.0,0,0.0
6241,9,0.20457902579833642,0.000311569434930159,0.9182958340544896,-0.0,2.0,0,0.0
7506,9,0.20457307405358188,0.00011315815029044884,0.9182958340544896,-0.0,8.0,0,0.0
4867,9,0.20456911728448368,0.00025868631772651973,0.9182958340544896,-0.0,3.0,0,0.0
6373,9,0.20456755560113565,0.0001626233176938996,0.9182958340544896,-0.0,6.0,0,0.0
5086,9,0.20456740538287682,0.00025488209193347267,0.9182958340544896,-0.0,3.0,0,0.0
8462,9,0.20456658097841424,9.872909436225985e-05,0.9182958340544896,-0.0,8.0,0,0.0
7628,9,0.20456086164080872,0.00017861204783153894,0.9182958340544896,-0.0,5.0,0,0.0
7543,9,0.20455833088134825,0.00020385233545028303,0.9182958340544896,-0.0,4.0,0,0.0
5741,9,0.20455815318331647,0.000110864858342552,0.9182958340544896,-0.0,7.0,0,0.0
9207,9,0.20455802132102796,0.0002340286211582887,0.9182958340544896,-0.0,3.0,0,0.0
8937,9,0.20455736205239575,0.00020169938222247552,0.9182958340544896,-0.0,4.0,0,0.0
8795,9,0.20455694097719648,0.0002007636595574569,0.9182958340544896,-0.0,4.0,0,0.0
1056,9,0.2045542402313434,0.00019476200210610806,0.9182958340544896,-0.0,4.0,0,0.0
8101,9,0.20455346012990835,0.00010043585076902062,0.9182958340544896,-0.0,7.0,0,0.0
567,9,0.20454535651882208,0.0001750204187254134,0.9182958340544896,-0.0,4.0,0,0.0
6416,9,0.20454525017369835,0.00020564829375913085,0.9182958340544896,-0.0,3.0,0,0.0
2580,9,0.2045452332994105,5.1289807687315836e-05,0.9182958340544896,-0.0,8.0,0,0.0
9312,9,0.20454503479191238,0.00014344127250631722,0.9182958340544896,-0.0,5.0,0,0.0
2246,9,0.20454475579947706,0.00014282128931675242,0.9182958340544896,-0.0,5.0,0,0.0
813,9,0.20454394068115714,0.0002644667053959271,0.9182958340544896,-0.0,1.0,0,0.0
8544,9,0.20454179559289837,4.365045988263816e-05,0.9182958340544896,-0.0,8.0,0,0.0
4056,9,0.20454100022593055,7.274717526273289e-05,0.9182958340544896,-0.0,7.0,0,0.0
3991,9,0.20454095426772934,0.00019610183605023312,0.9182958340544896,-0.0,3.0,0,0.0
732,9,0.20454009931250708,0.00019420193555630405,0.9182958340544896,-0.0,3.0,0,0.0
6797,9,0.20453996737960917,0.00025563714640042257,0.9182958340544896,-0.0,1.0,0,0.0
2593,9,0.20453812420017356,0.0001589485995064921,0.9182958340544896,-0.0,4.0,0,0.0
5201,9,0.20453648917566394,0.00015531521170730755,0.9182958340544896,-0.0,4.0,0,0.0
7882,9,0.20453503354455996,0.0001829446734515905,0.9182958340544896,-0.0,3.0,0,0.0
533,9,0.20453498606733875,5.938237839209215e-05,0.9182958340544896,-0.0,7.0,0,0.0
6239,9,0.2045322280840944,0.00023843871192319455,0.9182958340544896,-0.0,1.0,0,0.0
9168,9,0.20452971639462603,1.6807797055151674e-05,0.9182958340544896,-0.0,8.0,0,0.0
1972,9,0.2045292325678074,4.65968238779757e-05,0.9182958340544896,-0.0,7.0,0,0.0
3904,9,0.2045262865316268,7.091427434091635e-05,0.9182958340544896,-0.0,6.0,0,0.0
7548,9,0.2045254345136579,9.98850986074773e-05,0.9182958340544896,-0.0,5.0,0,0.0
2548,9,0.2045227613088621,1.3520509131170755e-06,0.9182958340544896,-0.0,8.0,0,0.0
1948,9,0.20452246681018704,6.24260044747027e-05,0.9182958340544896,-0.0,6.0,0,0.0
6776,9,0.20452242638383822,3.1471970613150546e-05,0.9182958340544896,-0.0,7.0,0,0.0
1753,9,0.20452053531232772,5.813378700958438e-05,0.9182958340544896,-0.0,6.0,0,0.0
8493,9,0.20452035108112324,0.00011945277939462429,0.9182958340544896,-0.0,4.0,0,0.0
1934,9,0.20452029021796544,2.6724935340283196e-05,0.9182958340544896,-0.0,7.0,0,0.0
1536,9,0.2045177413260983,5.192492872196919e-05,0.9182958340544896,-0.0,6.0,0,0.0
9118,9,0.2045174255245852,2.0358950050924918e-05,0.9182958340544896,-0.0,7.0,0,0.0
7753,9,0.20451715788126695,0.0001432209772449511,0.9182958340544896,-0.0,3.0,0,0.0
143,9,0.2045143273424741,0.00013693089103861134,0.9182958340544896,-0.0,3.0,0,0.0
861,9,0.20451387279903754,0.000135920794512856,0.9182958340544896,-0.0,3.0,0,0.0
5054,9,0.20451110885635385,6.321909536755044e-06,0.9182958340544896,-0.0,7.0,0,0.0
7108,9,0.20451022001267238,4.346701355739668e-06,0.9182958340544896,-0.0,7.0,0,0.0
7422,9,0.20450918894208506,9.46480259764737e-05,0.9182958340544896,-0.0,4.0,0,0.0
1833,9,0.20450829449814398,6.778018146746945e-08,0.9182958340544896,-0.0,7.0,0,0.0
7107,9,0.20450813280104882,9.230104589597055e-05,0.9182958340544896,-0.0,4.0,0,0.0
4844,9,0.20450503402288445,2.3686477135687056e-05,0.9182958340544896,-0.0,6.0,0,0.0
512,9,0.2045038389270958,8.275910377819606e-05,0.9182958340544896,-0.0,4.0,0,0.0
6821,9,0.20450156813703357,4.684870610893732e-05,0.9182958340544896,-0.0,5.0,0,0.0
677,9,0.2045006310398541,1.3902070401528022e-05,0.9182958340544896,-0.0,6.0,0,0.0
4863,9,0.2045003157795395,4.406568945547473e-05,0.9182958340544896,-0.0,5.0,0,0.0
6250,9,0.20449950243887616,1.1394068228365306e-05,0.9182958340544896,-0.0,6.0,0,0.0
3066,9,0.2044983761616273,8.891229897556308e-06,0.9182958340544896,-0.0,6.0,0,0.0
4684,9,0.20449713524918695,6.133646696770967e-06,0.9182958340544896,-0.0,6.0,0,0.0
4954,9,0.20449673021557008,5.233571992557806e-06,0.9182958340544896,-0.0,6.0,0,0.0
646,9,0.20449456856228213,6.215829308109377e-05,0.9182958340544896,-0.0,4.0,0,0.0
1831,9,0.20449433121495994,6.163085458732454e-05,0.9182958340544896,-0.0,4.0,0,0.0
4974,9,0.20449409110161848,3.0233071853236204e-05,0.9182958340544896,-0.0,5.0,0,0.0
551,9,0.2044938301234849,9.138151550702744e-05,0.9182958340544896,-0.0,3.0,0,0.0
6791,9,0.20448972014857608,8.224823793190339e-05,0.9182958340544896,-0.0,3.0,0,0.0
565,9,0.20448785392600607,4.723687913432695e-05,0.9182958340544896,-0.0,4.0,0,0.0
4961,9,0.2044872283716518,4.584675834706786e-05,0.9182958340544896,-0.0,4.0,0,0.0
9157,9,0.20448688486085614,1.4219203492427113e-05,0.9182958340544896,-0.0,5.0,0,0.0
562,9,0.20448541113353452,7.267264895061132e-05,0.9182958340544896,-0.0,3.0,0,0.0
3262,9,0.20448526394428235,4.148136419268589e-05,0.9182958340544896,-0.0,4.0,0,0.0
2347,9,0.20448202608907437,3.421932866287669e-06,0.9182958340544896,-0.0,5.0,0,0.0
1922,9,0.20448138900142976,6.373457760666668e-05,0.9182958340544896,-0.0,3.0,0,0.0
5005,9,0.20448099356703145,1.1274394375870855e-06,0.9182958340544896,-0.0,5.0,0,0.0
6280,9,0.2044800175423901,9.15510883827686e-05,0.9182958340544896,-0.0,2.0,0,0.0
1905,9,0.20447995594513987,2.968581054274555e-05,0.9182958340544896,-0.0,4.0,0,0.0
1945,9,0.2044794452054281,2.855083340547182e-05,0.9182958340544896,-0.0,4.0,0,0.0
4818,9,0.20447590709861138,2.068837381274946e-05,0.9182958340544896,-0.0,4.0,0,0.0
626,9,0.20447546020015792,1.9695266138430867e-05,0.9182958340544896,-0.0,4.0,0,0.0
859,9,0.20447539645326837,1.955360638383752e-05,0.9182958340544896,-0.0,4.0,0,0.0
4962,9,0.20447164780599933,1.1223279119287888e-05,0.9182958340544896,-0.0,4.0,0,0.0
6442,9,0.20446967660564022,6.842833876863352e-06,0.9182958340544896,-0.0,4.0,0,0.0
243,9,0.20446862405633834,6.623223048995985e-05,0.9182958340544896,-0.0,2.0,0,0.0
8930,9,0.20446740291199342,1.7901813283982548e-06,0.9182958340544896,-0.0,4.0,0,0.0
6955,9,0.20446159550091103,1.9749020898407466e-05,0.9182958340544896,-0.0,3.0,0,0.0
9172,9,0.20446113791359644,1.873216019931956e-05,0.9182958340544896,-0.0,3.0,0,0.0
8026,9,0.2044551635300728,5.455752368987987e-06,0.9182958340544896,-0.0,3.0,0,0.0
2268,9,0.20444871714379614,2.1994647062872907e-05,0.9182958340544896,-0.0,2.0,0,0.0
1832,9,0.20444754229790757,1.9383878421597167e-05,0.9182958340544896,-0.0,2.0,0,0.0
2196,9,0.20444339426933103,1.0166037140435513e-05,0.9182958340544896,-0.0,2.0,0,0.0
517,9,0.20444024962553795,3.1779398224074384e-06,0.9182958340544896,-0.0,2.0,0,0.0
9068,9,0.2044399995959661,3.348651608248154e-05,0.9182958340544896,-0.0,1.0,0,0.0
2541,9,0.2044397619189803,2.094147472098129e-06,0.9182958340544896,-0.0,2.0,0,0.0
2559,9,0.2044392607569758,9.804541287739e-07,0.9182958340544896,-0.0,2.0,0,0.0
773,9,0.20443898896137883,3.7646391326529027e-07,0.9182958340544896,-0.0,2.0,0,0.0
9206,9,0.20443245897887283,1.6729589208508422e-05,0.9182958340544896,-0.0,1.0,0,0.0
1787,9,0.20442822763908722,7.32661190716577e-06,0.9182958340544896,-0.0,1.0,0,0.0
3882,9,0.20442714383895952,4.918167178957766e-06,0.9182958340544896,-0.0,1.0,0,0.0
4672,9,0.20442704893617594,4.70727210433175e-06,0.9182958340544896,-0.0,1.0,0,0.0
1568,9,0.20442573193382027,1.7806002028386558e-06,0.9182958340544896,-0.0,1.0,0,0.0
2549,9,0.20442515932503452,5.081362345338292e-07,0.9182958340544896,-0.0,1.0,0,0.0
592,9,0.20441104177484018,2.220446049250313e-16,0.9182958340544896,-0.0,0.0,0,0.0
8641,15,0.20414078738364747,0.018598510073064123,-0.0,0.9602297178607612,7.0,0,0.0
519,12,0.2006408379518324,0.0019801353860807724,0.9463946303571862,-0.0,4.0,0,0.0
1107,12,0.20040737838974051,0.0014613363592098638,0.9463946303571862,-0.0,4.0,0,0.0
1374,12,0.2002975440922144,0.001248124340016088,0.9463946303571862,-0.0,3.0,0,0.0
1926,12,0.20026890938911587,0.001246220061525527,0.9463946303571862,-0.0,1.0,0,0.0
1739,12,0.20022475303725165,0.0009629096499753631,0.9463946303571862,-0.0,7.0,0,0.0
4889,12,0.2001180816264388,0.0007567262679221143,0.9463946303571862,-0.0,6.0,0,0.0
8841,16,0.20001687749575897,0.017902534039291096,-0.0,0.9463946303571862,0.1110689640045166,0,0.0
229,12,0.1999546290533059,0.00036263413009596235,0.9463946303571862,-0.0,7.0,0,0.0
6443,12,0.19985041135013423,0.0002853602218132467,0.9463946303571862,-0.0,2.0,0,0.0
4949,12,0.1998390884960061,7.501313856550507e-05,0.9463946303571862,-0.0,8.0,0,0.0
6574,16,0.1998350964408069,0.017495728818158085,-0.0,0.9463946303571862,0.203322172164917,0,0.0
586,12,0.19982412101650024,7.261627052779218e-05,0.9463946303571862,-0.0,7.0,0,0.0
605,12,0.19980149342720058,0.00011492533134338512,0.9463946303571862,-0.0,4.0,0,0.0
3104,12,0.19978287694569352,7.355537243880494e-05,0.9463946303571862,-0.0,4.0,0,0.0
585,12,0.19974914495760104,2.9459596430858603e-05,0.9463946303571862,-0.0,3.0,0,0.0
7873,16,0.19972868742145247,0.017259734272855543,-0.0,0.9463946303571862,0.1880960464477539,0,0.0
9176,16,0.19956749168911342,0.016887438259235776,-0.0,0.9463946303571862,0.6443941593170166,0,0.0
9221,16,0.19949705255149533,0.01657197175607994,-0.0,0.9463946303571862,5.793890953063965,0,0.0
8057,16,0.1994696594890338,0.016544202269494157,-0.0,0.9463946303571862,4.7213218212127686,0,0.0
9199,16,0.1994030224163648,0.016347656173281377,-0.0,0.9463946303571862,6.291546106338501,0,0.0
7367,16,0.19919438086441144,0.015857274338549665,-0.0,0.9463946303571862,7.157725811004639,0,0.0
8931,16,0.19900886102219256,0.015467443232876965,-0.0,0.9463946303571862,6.4308249950408936,0,0.0
9224,16,0.19898174826033274,0.015598244162083219,-0.0,0.9463946303571862,0.24075603485107422,0,0.0
8533,16,0.19881592575819196,0.015227361994963329,-0.0,0.9463946303571862,0.3181180953979492,0,0.0
7796,16,0.19878770303448656,0.0151674275512802,-0.0,0.9463946303571862,0.22795796394348145,0,0.0
8630,16,0.19877348529049227,0.015141651177407844,-0.0,0.9463946303571862,0.03943490982055664,0,0.0
7778,16,0.19870730918961882,0.01499497986979803,-0.0,0.9463946303571862,0.02690601348876953,0,0.0
7742,16,0.1986066134520187,0.014641790144452438,-0.0,0.9463946303571862,4.220160007476807,0,0.0
2147,15,0.1985362426051037,0.0026320689845038547,0.9709505944546686,-0.0,5.0,0,0.0
6325,16,0.19823126259715448,0.013927946326232732,-0.0,0.9463946303571862,0.3234381675720215,0,0.0
3096,15,0.19820850688253472,0.0019037673787950515,0.9709505944546686,-0.0,5.0,0,0.0
5163,15,0.19815311340583425,0.00178067076390509,0.9709505944546686,-0.0,5.0,0,0.0
6573,16,0.19815234800783896,0.013756042432042537,-0.0,0.9463946303571862,0.2112739086151123,0,0.0
6810,16,0.1980977064778692,0.01364108563575761,-0.0,0.9463946303571862,0.001683950424194336,0,0.0
5709,15,0.19798236026473778,0.0013703551417154625,0.9709505944546686,-0.0,6.0,0,0.0
6907,16,0.1979818768951837,0.01325421116087988,-0.0,0.9463946303571862,4.1966869831085205,0,0.0
8840,16,0.19792897369758292,0.013265094455986892,-0.0,0.9463946303571862,0.035037994384765625,0,0.0
3252,8,0.19763422322987884,0.011410231600293197,-0.0,0.8112781244591328,7.0,0,0.0
8158,16,0.19749483098786558,0.012299654791379067,-0.0,0.9463946303571862,0.05700802803039551,0,0.0
2321,15,0.19741704442136795,5.2369316942968425e-05,0.9709505944546686,-0.0,8.0,0,0.0
2746,8,0.19649430011503272,0.00893879751791904,-0.0,0.8112781244591328,5.0,0,0.0
3224,15,0.19645865352240444,0.0014962372949931524,0.9602297178607612,-0.0,8.0,0,0.0
2630,8,0.19641259664790967,0.008695505862583941,-0.0,0.8112781244591328,7.0,0,0.0
8245,10,0.19633022729711821,0.00951571145350516,-0.0,0.8586727110732552,0.12220406532287598,0,0.0
8662,8,0.1963078812236417,0.008524533314827942,-0.0,0.8112781244591328,5.0,0,0.0
4283,8,0.19603277190560114,0.00791317927473778,-0.0,0.8112781244591328,5.0,0,0.0
393,10,0.19580365547847822,0.0010743082606307075,-0.0,0.8804820237218406,0.1699199676513672,0,0.0
5989,8,0.1956379750473104,0.007004988725449746,-0.0,0.8112781244591328,6.0,0,0.0
8267,59,0.19505342496293707,0.012092053928077329,0.9659893667276871,0.12394986771100759,6.0,1,0.01694915254237288
8399,16,0.19374318085694475,0.003912558047471815,-0.0,0.9463946303571862,1.6801331043243408,0,0.0
7316,16,0.1936663839862312,0.0036455730859272784,-0.0,0.9463946303571862,4.8010711669921875,0,0.0
7708,16,0.1936331095618152,0.0036711843430193847,-0.0,0.9463946303571862,1.5755078792572021,0,0.0
9230,16,0.19353514485241555,0.003463145820002067,-0.0,0.9463946303571862,1.2624969482421875,0,0.0
6115,16,0.1935235684020749,0.0034416208686485206,-0.0,0.9463946303571862,1.1264009475708008,0,0.0
7577,16,0.1935201309293319,0.0034555429977330965,-0.0,0.9463946303571862,0.427825927734375,0,0.0
6131,16,0.1935190708471251,0.00344693735191981,-0.0,0.9463946303571862,0.6303229331970215,0,0.0
6705,16,0.1935025477512924,0.0034221947879131687,-0.0,0.9463946303571862,0.24231910705566406,0,0.0
6725,16,0.19350245469045407,0.0033288802474376045,-0.0,0.9463946303571862,3.259009838104248,0,0.0
8143,16,0.19347549637134479,0.0033648699972482765,-0.0,0.9463946303571862,0.15194296836853027,0,0.0
9402,16,0.19346843418932602,0.0033005892536134285,-0.0,0.9463946303571862,1.7261619567871094,0,0.0
2686,8,0.19345238614298713,0.0021073837549399066,-0.0,0.8112781244591328,7.319999933242798,0,0.0
6235,16,0.193447787603559,0.0033038320544425126,-0.0,0.9463946303571862,0.13454103469848633,0,0.0
7231,16,0.1934243974794701,0.0032113547714216484,-0.0,0.9463946303571862,1.446716070175171,0,0.0
6718,16,0.19340547549327822,0.003206601378333618,-0.0,0.9463946303571862,0.2383430004119873,0,0.0
7917,16,0.1933427279700519,0.003026046543101013,-0.0,0.9463946303571862,1.570497989654541,0,0.0
7861,16,0.19329955949331887,0.002973924463409716,-0.0,0.9463946303571862,0.151123046875,0,0.0
8826,16,0.19329188707007622,0.002959685191664896,-0.0,0.9463946303571862,0.060060977935791016,0,0.0
6391,16,0.19328309708525773,0.0028968057828545613,-0.0,0.9463946303571862,1.4644749164581299,0,0.0
9338,16,0.1932732391083863,0.0029187435716286902,-0.0,0.9463946303571862,0.04391622543334961,0,0.0
6826,16,0.19321342221157606,0.0027812682843897374,-0.0,0.9463946303571862,0.1912989616394043,0,0.0
2684,20,0.19225819502770372,0.0041541893309474665,-0.0,0.9709505944546686,1.7899999618530273,0,0.0
2107,16,0.19223933197696505,0.0004858267168446062,-0.0,0.9463946303571862,4.4291088581085205,0,0.0
3051,21,0.19223781212517113,0.0016457093964232783,0.9852281360342515,-0.0,5.0,0,0.0
2677,16,0.19223382675727765,0.0005724941833260555,-0.0,0.9463946303571862,1.2247071266174316,0,0.0
3255,16,0.192233113780589,0.00044197874809581705,-0.0,0.9463946303571862,5.402072906494141,0,0.0
2654,16,0.1922275655823704,0.0005319709904950676,-0.0,0.9463946303571862,2.0868539810180664,0,0.0
5575,16,0.19222506762949965,0.00045156942782442755,-0.0,0.9463946303571862,4.512012004852295,0,0.0
3181,16,0.19222093208294694,0.000377284819546686,-0.0,0.9463946303571862,6.621073961257935,0,0.0
1763,16,0.19221765194370694,0.0004914134321230001,-0.0,0.9463946303571862,2.6871368885040283,0,0.0
1684,16,0.19221670935361548,0.000559690665475232,-0.0,0.9463946303571862,0.407088041305542,0,0.0
2710,16,0.19221219628353572,0.0004739532580623207,-0.0,0.9463946303571862,2.860038995742798,0,0.0
3269,16,0.19221148344088865,0.0005139206134434637,-0.0,0.9463946303571862,1.5137720108032227,0,0.0
1685,16,0.19220897477567553,0.0005279464802320222,-0.0,0.9463946303571862,0.8787100315093994,0,0.0
2722,16,0.19220130856428133,0.0005356899895458955,-0.0,0.9463946303571862,0.07585310935974121,0,0.0
4315,16,0.19218318644423993,0.0004135276871988225,-0.0,0.9463946303571862,2.729119062423706,0,0.0
5618,16,0.19217894140532207,0.0004348441196559971,-0.0,0.9463946303571862,1.7328238487243652,0,0.0
4320,16,0.19217794963606855,0.0004550786434924792,-0.0,0.9463946303571862,1.0058178901672363,0,0.0
5464,16,0.19217748316817107,0.00045435735673571287,-0.0,0.9463946303571862,0.9956018924713135,0,0.0
297,16,0.1921733161379772,0.00045221833749409246,-0.0,0.9463946303571862,0.7648799419403076,0,0.0
2333,16,0.1921657206159263,0.0004479813166434754,-0.0,0.9463946303571862,0.3552818298339844,0,0.0
1131,16,0.1921615337351518,0.00044521827595844776,-0.0,0.9463946303571862,0.14334893226623535,0,0.0
2564,16,0.1921518202960036,0.000427059210237557,-0.0,0.9463946303571862,0.03233504295349121,0,0.0
250,16,0.19215139569789194,0.0004267899787342433,-0.0,0.9463946303571862,0.010487079620361328,0,0.0
2141,16,0.19214703503652938,0.00036954044860371127,-0.0,0.9463946303571862,1.5514042377471924,0,0.0
5858,16,0.19214472570334884,0.0004076972798052747,-0.0,0.9463946303571862,0.1488509178161621,0,0.0
5918,16,0.19214021872541742,0.00035991664564982706,-0.0,0.9463946303571862,1.372441053390503,0,0.0
3161,16,0.19213926393995068,0.00039944366778077445,-0.0,0.9463946303571862,0.02302098274230957,0,0.0
2535,16,0.19213864967836086,0.0003904094742714914,-0.0,0.9463946303571862,0.2715020179748535,0,0.0
3166,16,0.19211541510416874,0.0003420820249173673,-0.0,0.9463946303571862,0.16442203521728516,0,0.0
5794,16,0.1921077597333511,0.0002918166069366679,-0.0,0.9463946303571862,1.2418348789215088,0,0.0
1817,16,0.19208101226218827,0.0002468615121286044,-0.0,0.9463946303571862,0.7725620269775391,0,0.0
708,16,0.1920609713118449,0.00018667063470279022,-0.0,0.9463946303571862,1.2797980308532715,0,0.0
2416,16,0.1920567004162232,0.0002141928418153416,-0.0,0.9463946303571862,0.08057403564453125,0,0.0
381,16,0.19200251710352229,8.586100594187851e-05,-0.0,0.9463946303571862,0.3373270034790039,0,0.0
3966,24,0.1919006100726256,0.0022363035150996247,1.0,-0.0,5.0,0,0.0
1226,24,0.19150842013137626,0.0013030419172616048,1.0,-0.0,7.0,0,0.0
2411,24,0.19144115550874036,0.0013696143607867528,1.0,-0.0,0.0,0,0.0
7709,24,0.19099742498352612,0.0001983613417921859,1.0,-0.0,6.0,0,0.0
8893,24,0.1909622658436084,0.00012022991975280117,1.0,-0.0,6.0,0,0.0
6353,16,0.19095998899335723,0.01794182678789724,-0.0,0.885891110799899,0.1800229549407959,0,0.0
2540,24,0.19095226814501196,6.714861422985052e-05,1.0,-0.0,7.0,0,0.0
6753,16,0.18996301645014374,0.01553847959249477,-0.0,0.885891110799899,6.266448974609375,0,0.0
6245,24,0.1897981194445773,0.015576313539316433,-0.0,0.9463946303571862,0.3423421382904053,0,0.0
8750,24,0.1897705018305583,0.01551725922080871,-0.0,0.9463946303571862,0.26723384857177734,0,0.0
7293,24,0.18931185160728484,0.014483280114288788,-0.0,0.9463946303571862,0.7453408241271973,0,0.0
8268,11,0.18858417974594577,0.0039492818338935365,-0.0,0.8429078545765152,4.936018943786621,5,0.45454545454545453
8656,16,0.18850774738026124,0.012497849434237596,-0.0,0.885891110799899,0.003493070602416992,0,0.0
8111,24,0.18838633088839762,0.012434308665590366,-0.0,0.9463946303571862,0.4945240020751953,0,0.0
1729,18,0.1859558790837488,0.0023183869304320703,0.9182958340544896,-0.0,2.0,0,0.0
5658,18,0.18588711312507006,0.0020112527012694503,0.9182958340544896,-0.0,7.0,0,0.0
8273,29,0.18582939969733708,0.004087998529556769,0.9784493292686189,-0.0,6.0,0,0.0
684,18,0.18577735847070917,0.0017364892718254588,0.9182958340544896,-0.0,8.0,0,0.0
4078,18,0.18569025163092795,0.0016355111093486752,0.9182958340544896,-0.0,5.0,0,0.0
753,18,0.18568491801040315,0.0016236586192935887,0.9182958340544896,-0.0,5.0,0,0.0
2008,18,0.18568282929598956,0.0016807454267695476,0.9182958340544896,-0.0,3.0,0,0.0
2428,18,0.1854778545954544,0.0011635176971852568,0.9182958340544896,-0.0,5.0,0,0.0
8556,18,0.18545526357484068,0.0010515870340930267,0.9182958340544896,-0.0,7.0,0,0.0
6809,18,0.18541096821259995,0.0009840170933111958,0.9182958340544896,-0.0,6.0,0,0.0
4298,18,0.18540652428220572,0.000912413297373349,0.9182958340544896,-0.0,8.0,0,0.0
6558,18,0.18505262558300734,0.00021856433619171778,0.9182958340544896,-0.0,5.0,0,0.0
6804,18,0.18504958932939153,0.00011922451334178685,0.9182958340544896,-0.0,8.0,0,0.0
2340,18,0.18500883510253452,2.8659564770716628e-05,0.9182958340544896,-0.0,8.0,0,0.0
1533,18,0.1850047057032384,0.00011207571448301756,0.9182958340544896,-0.0,5.0,0,0.0
2992,18,0.18497478714632926,1.472583493189461e-05,0.9182958340544896,-0.0,6.0,0,0.0
782,18,0.18494508908209276,1.045853169023836e-05,0.9182958340544896,-0.0,4.0,0,0.0
720,18,0.18494349366754886,3.7777363568025635e-05,0.9182958340544896,-0.0,3.0,0,0.0
509,18,0.1849422663370309,6.5914159947833e-05,0.9182958340544896,-0.0,2.0,0,0.0
3395,18,0.18493817293066317,2.595350382206263e-05,0.9182958340544896,-0.0,3.0,0,0.0
5043,18,0.18493478849239658,1.843252989630617e-05,0.9182958340544896,-0.0,3.0,0,0.0
8618,9,0.18477333257663406,0.0048952339445569315,-0.0,0.7725068857142602,2.0,0,0.0
6073,24,0.184634789925417,0.004073761674634135,-0.0,0.9463946303571862,1.2652971744537354,0,0.0
9401,24,0.18442157071124554,0.0035939936412011653,-0.0,0.9463946303571862,1.4579980373382568,0,0.0
7903,16,0.18439984606871762,0.0033690821382050817,-0.0,0.885891110799899,0.006659030914306641,0,0.0
7012,16,0.18438633315210048,0.0032900261197189584,-0.0,0.885891110799899,1.5951440334320068,0,0.0
7724,24,0.18437600366717746,0.003487077805701233,-0.0,0.9463946303571862,1.6412439346313477,0,0.0
7622,24,0.1843240747065101,0.003376125267847585,-0.0,0.9463946303571862,1.4972209930419922,0,0.0
7909,16,0.18432088812739525,0.0031866398641655636,-0.0,0.885891110799899,0.2328169345855713,0,0.0
8506,24,0.18432062730822413,0.00337033602012371,-0.0,0.9463946303571862,1.436579942703247,0,0.0
6522,24,0.18431973540613122,0.0033423173452943322,-0.0,0.9463946303571862,2.280168056488037,0,0.0
6187,24,0.18430728607571148,0.0033312679400084866,-0.0,0.9463946303571862,1.7418169975280762,0,0.0
6691,24,0.18430519158875294,0.003330585739962033,-0.0,0.9463946303571862,1.6131172180175781,0,0.0
7866,24,0.18428053754479953,0.0032780849977132043,-0.0,0.9463946303571862,1.5390501022338867,0,0.0
7897,16,0.184276147578365,0.003094180738950625,-0.0,0.885891110799899,0.007173061370849609,0,0.0
7025,24,0.18424196589040248,0.0031884761430592823,-0.0,0.9463946303571862,1.6652178764343262,0,0.0
7014,24,0.18419871115821068,0.0030927585618719666,-0.0,0.9463946303571862,1.6521267890930176,0,0.0
7945,24,0.184184872359404,0.0030980535713843738,-0.0,0.9463946303571862,0.4841749668121338,0,0.0
6121,24,0.1841495037380134,0.003014611388104105,-0.0,0.9463946303571862,0.6411609649658203,0,0.0
8530,12,0.18395224139166866,0.009871472156672945,-0.0,0.8112781244591328,6.0,0,0.0
908,12,0.18377075013432548,0.0013872771887647461,-0.0,0.8359889967247166,0.9431259632110596,0,0.0
4318,16,0.18347537016304688,0.001244959534675294,-0.0,0.885891110799899,2.2659661769866943,0,0.0
3871,16,0.18325666217578418,0.0007405809570266708,-0.0,0.885891110799899,2.8608570098876953,0,0.0
3975,24,0.18317379334079884,0.0007967790878881109,-0.0,0.9463946303571862,2.24777889251709,0,0.0
3178,24,0.18307169471688867,0.0004737076375281868,-0.0,0.9463946303571862,5.364192962646484,0,0.0
4228,16,0.1830673249233285,0.00039453867377337026,-0.0,0.885891110799899,0.44034481048583984,0,0.0
2359,24,0.1830641855094518,0.0005202566522729546,-0.0,0.9463946303571862,3.3153419494628906,0,0.0
2350,24,0.18304469074141877,0.00048197197953225857,-0.0,0.9463946303571862,3.15214204788208,0,0.0
5567,24,0.18303574081409896,0.00041216630482543426,-0.0,0.9463946303571862,4.769451141357422,0,0.0
3185,24,0.18303191971066876,0.0005504873115876885,-0.0,0.9463946303571862,0.012731075286865234,0,0.0
3180,24,0.1830034878101246,0.00033833636359181796,-0.0,0.9463946303571862,4.839324951171875,0,0.0
4331,24,0.18299941460409877,0.00043373084520703653,-0.0,0.9463946303571862,1.455272912979126,0,0.0
380,24,0.18298899092980134,0.00032925382058690555,-0.0,0.9463946303571862,4.089823961257935,0,0.0
4356,24,0.18298754149157392,0.0003607199169471942,-0.0,0.9463946303571862,2.9659628868103027,0,0.0
5603,24,0.18297520078851667,0.0004098759150733544,-0.0,0.9463946303571862,0.48477792739868164,0,0.0
3901,24,0.18292359035676456,0.00030871088309536443,-0.0,0.9463946303571862,0.04657387733459473,0,0.0
8803,112,0.18249578608349168,0.0057304581428750945,0.37123232664087563,0.7015719228286483,7.071757078170776,0,0.0
8262,46,0.18195372429818724,0.009395829776675524,0.9876925088958034,-0.0,6.0,0,0.0
5524,16,0.1819312616959045,0.0016598279134242278,-0.0,0.8745486420104123,0.14708399772644043,0,0.0
8617,24,0.18190744647747428,0.017742770922680617,-0.0,0.886859507142915,5.0,0,0.0
17,12,0.18160583104007638,0.0002607058939702034,-0.0,0.825011210824177,0.12994885444641113,0,0.0
4957,15,0.181507733178751,5.4899776461003746e-05,0.8649735207179273,-0.0,7.0,0,0.0
3468,12,0.18042261151211075,0.0020895785971615233,0.8112781244591328,-0.0,4.0,0,0.0
4997,12,0.18035034810756703,0.001959857451261926,0.8112781244591328,-0.0,3.0,0,0.0
108,12,0.1802625802994714,0.001672225285123452,0.8112781244591328,-0.0,6.0,0,0.0
5771,12,0.180210109848466,0.001524760085358401,0.8112781244591328,-0.0,7.0,0,0.0
5628,12,0.1801859923739543,0.0016563508827397433,0.8112781244591328,-0.0,1.0,0,0.0
1932,12,0.1801526607739706,0.0015514164630229255,0.8112781244591328,-0.0,2.0,0,0.0
1738,12,0.1801268355929041,0.0013397061841097235,0.8112781244591328,-0.0,7.0,0,0.0
3962,12,0.1801243142862598,0.0013958316755173783,0.8112781244591328,-0.0,5.0,0,0.0
2001,12,0.1800579016734444,0.0011556554988906287,0.8112781244591328,-0.0,8.0,0,0.0
1949,12,0.1800469445952385,0.0012547632263343322,0.8112781244591328,-0.0,4.0,0,0.0
5032,12,0.18003610319126154,0.0012615354150274927,0.8112781244591328,-0.0,3.0,0,0.0
2153,12,0.18002416530847407,0.0011115499964874376,0.8112781244591328,-0.0,7.0,0,0.0
3290,12,0.18001668083993774,0.0010949178441844731,0.8112781244591328,-0.0,7.0,0,0.0
1248,12,0.17983225689376506,0.0006850868526896425,0.8112781244591328,-0.0,7.0,0,0.0
3427,12,0.17981637663304703,0.0007423899770199194,0.8112781244591328,-0.0,4.0,0,0.0
721,12,0.17979477440522135,0.0007561134213579512,0.8112781244591328,-0.0,2.0,0,0.0
3401,12,0.17973101801418864,0.000614432552396349,0.8112781244591328,-0.0,2.0,0,0.0
5152,12,0.17973061265782742,0.000459210772828178,0.8112781244591328,-0.0,7.0,0,0.0
6076,14,0.17971181255031754,0.008028254828475134,-0.0,0.8175817337644011,0.690438985824585,0,0.0
3398,12,0.17970811736005937,0.00040922122223252533,0.8112781244591328,-0.0,7.0,0,0.0
7655,12,0.17967079780890166,0.00035715308385741995,0.8112781244591328,-0.0,6.0,0,0.0
7411,12,0.17964078436274752,0.0002287281417864273,0.8112781244591328,-0.0,8.0,0,0.0
7639,12,0.17961866544169566,0.0002104391814242712,0.8112781244591328,-0.0,7.0,0,0.0
7392,12,0.17958518574893975,0.0001669040617198192,0.8112781244591328,-0.0,6.0,0,0.0
538,12,0.17957777595719376,0.00015043785783985797,0.8112781244591328,-0.0,6.0,0,0.0
7424,12,0.17957030619664482,0.00010297419242244477,0.8112781244591328,-0.0,7.0,0,0.0
4951,12,0.1795296959379627,0.00013618596325226662,0.8112781244591328,-0.0,3.0,0,0.0
2250,12,0.1795262043341255,3.5834251021493735e-05,0.8112781244591328,-0.0,6.0,0,0.0
7658,12,0.1795049746170066,1.9521299399194447e-05,0.8112781244591328,-0.0,5.0,0,0.0
6813,12,0.17950151399690298,1.1831032502240824e-05,0.8112781244591328,-0.0,5.0,0,0.0
7687,12,0.1794974602755944,6.455115798942312e-05,0.8112781244591328,-0.0,3.0,0,0.0
530,12,0.17947669086789014,1.839691864657933e-05,0.8112781244591328,-0.0,3.0,0,0.0
3076,12,0.1794690638298408,3.2312142734469695e-05,0.8112781244591328,-0.0,2.0,0,0.0
3893,12,0.17946766178238735,2.91964817268342e-05,0.8112781244591328,-0.0,2.0,0,0.0
632,12,0.17946345595391416,1.9850196230852823e-05,0.8112781244591328,-0.0,2.0,0,0.0
5060,12,0.17945074526722699,2.246842334574506e-05,0.8112781244591328,-0.0,1.0,0,0.0
8806,32,0.17903768405916864,0.003701646425652072,-0.0,0.9463946303571862,4.133487939834595,0,0.0
7836,32,0.17896405010602334,0.0036444169283713634,-0.0,0.9463946303571862,0.6860790252685547,0,0.0
6712,32,0.17883391521320527,0.003188024386239996,-0.0,0.9463946303571862,6.103485107421875,0,0.0
7565,32,0.17882438474800444,0.003297356559798015,-0.0,0.9463946303571862,1.8749291896820068,0,0.0
7902,32,0.17875474180728712,0.0031617591360325603,-0.0,0.9463946303571862,1.2539939880371094,0,0.0
9337,32,0.17857970716132218,0.0028106764083069002,-0.0,0.9463946303571862,0.026579856872558594,0,0.0
5523,32,0.17767427565032692,0.0005734711634513001,-0.0,0.9463946303571862,7.320960998535156,0,0.0
1238,32,0.17762235682301383,0.0005006422874698213,-0.0,0.9463946303571862,5.942461013793945,0,0.0
471,32,0.17760820600920454,0.0005859740874436525,-0.0,0.9463946303571862,2.1588521003723145,0,0.0
2643,32,0.17760290941081985,0.0005376271106146691,-0.0,0.9463946303571862,3.3439390659332275,0,0.0
5551,32,0.17759234905848104,0.0005693579330421361,-0.0,0.9463946303571862,1.5555150508880615,0,0.0
2609,32,0.1775871494924066,0.0004687393294264819,-0.0,0.9463946303571862,4.4411890506744385,0,0.0
2402,32,0.1775661148700376,0.0004723440325133943,-0.0,0.9463946303571862,2.809903860092163,0,0.0
334,32,0.17755019246762882,0.00045838930830666147,-0.0,0.9463946303571862,2.115623950958252,0,0.0
4334,32,0.1775368025035235,0.0004523412414809691,-0.0,0.9463946303571862,1.347503900527954,0,0.0
2615,32,0.1775206563617161,0.00039304142254092955,-0.0,0.9463946303571862,2.1062958240509033,0,0.0
8804,40,0.175241719001719,0.0034963743205415065,-0.0,0.9463946303571862,6.2193169593811035,0,0.0
7472,40,0.17512398766345938,0.0034000201107893258,-0.0,0.9463946303571862,0.8645370006561279,0,0.0
7161,40,0.17507402857488677,0.003245550835884181,-0.0,0.9463946303571862,2.272287130355835,0,0.0
8644,15,0.17486894432699931,0.014586644084900291,-0.0,0.7773048806327834,5.0,0,0.0
1214,18,0.17471115510316676,0.000731631057058868,-0.0,0.8481698567089744,1.1513190269470215,0,0.0
2016,24,0.17456851145035013,0.001341433825367666,0.886859507142915,-0.0,8.0,0,0.0
6439,21,0.17430568804152602,0.00020321598877848235,0.8699155297736259,-0.0,6.0,0,0.0
9076,21,0.17428603748404264,0.00022127647832159703,0.8699155297736259,-0.0,4.0,0,0.0
6176,13,0.17425521961649887,0.0029220192955045077,0.39124356362925566,0.39124356362925566,7.0,0,0.0
2740,13,0.17420466427059653,0.0027788098848573473,0.39124356362925566,0.39124356362925566,8.0,0,0.0
378,40,0.17388205914068577,0.0004989542277386017,-0.0,0.9463946303571862,5.440217971801758,0,0.0
1977,21,0.17373673841915124,0.0013273273537340868,0.863120568566631,-0.0,2.0,0,0.0
9218,13,0.17365838526397137,0.0016574491293940286,0.39124356362925566,0.39124356362925566,5.0,0,0.0
5469,48,0.1712377608733773,0.00081646891471443,-0.0,0.9463946303571862,3.1422131061553955,0,0.0
4325,48,0.17116912685533095,0.0005823211892647118,-0.0,0.9463946303571862,5.78695011138916,0,0.0
100,48,0.1711477341333687,0.0005447077686208113,-0.0,0.9463946303571862,5.465348958969116,0,0.0
422,48,0.17102781924831753,0.00044680224827187143,-0.0,0.9463946303571862,0.0036160945892333984,0,0.0
7474,24,0.1705371240617238,0.0036753205279193013,-0.0,0.8534542125759085,2.899360179901123,0,0.0
864,27,0.17041127076209034,0.00019078615223100392,0.8783471047618534,-0.0,6.0,0,0.0
6605,22,0.16937461004078821,0.005643762968379207,-0.0,0.827324167059251,6.922683000564575,0,0.0
1240,24,0.16916615151074996,0.0006214926452257075,-0.0,0.8534542125759085,3.133359909057617,0,0.0
881,24,0.16911062947121527,0.0005583556415521551,-0.0,0.8534542125759085,1.1814119815826416,0,0.0
1703,24,0.1691064986735865,0.0005663496096351972,-0.0,0.8534542125759085,0.6249899864196777,0,0.0
5504,56,0.16908579823241326,0.0006549163556722748,-0.0,0.9463946303571862,7.6152331829071045,0,0.0
4322,56,0.16894549852285473,0.0005434550328642374,-0.0,0.9463946303571862,1.1250009536743164,0,0.0
6489,7,0.16767346294852478,0.007275768897276991,-0.0,0.5916727785823275,4.0,0,0.0
3183,28,0.16762492572942933,0.0008688199824498088,-0.0,0.8622039089312962,7.698462963104248,0,0.0
4802,18,0.16652753388432776,0.0018276852726363257,0.7896900821428475,-0.0,8.0,0,0.0
596,7,0.16627384804025067,0.0040729209529641874,-0.0,0.5916727785823275,7.0,0,0.0
3751,18,0.16622655177069343,0.001374885513942714,0.7896900821428475,-0.0,1.0,0,0.0
2316,18,0.1661481791230251,0.0009846746919637273,0.7896900821428475,-0.0,8.0,0,0.0
5076,18,0.16571052976115422,0.00010471314706550494,0.7896900821428475,-0.0,5.0,0,0.0
4908,18,0.16567196134162662,1.900554811529176e-05,0.7896900821428475,-0.0,5.0,0,0.0
8309,7,0.1651877002868176,0.0016592592786685012,-0.0,0.5916727785823275,7.0,0,0.0
9394,88,0.1649163800886737,0.0035378956070928336,-0.0,0.9463946303571862,3.2443830966949463,0,0.0
6377,88,0.16482396494301516,0.0033248671975901756,-0.0,0.9463946303571862,3.4926130771636963,0,0.0
4324,80,0.16454818549168015,0.00042584101046327927,-0.0,0.9463946303571862,2.6411550045013428,0,0.0
296,200,0.16391902632243077,0.011766445115754864,0.24229218908241482,0.7201976029132998,7.813555002212524,0,0.0
4321,96,0.16266841297505552,0.0004396248084592713,-0.0,0.9463946303571862,7.126036882400513,0,0.0
7895,32,0.1625367527747672,0.004448488226370451,-0.0,0.8343225166542535,2.247589111328125,0,0.0
8145,112,0.16232266291134953,0.003134630985121789,-0.0,0.9463946303571862,3.935575008392334,0,0.0
4336,32,0.1610322410769998,0.0009560726635209349,-0.0,0.8343225166542535,7.0770111083984375,0,0.0
351,15,0.1610028907635199,0.0021703919083579937,0.7219280948873623,-0.0,7.0,0,0.0
1093,32,0.160915618957124,0.0008350933226526358,-0.0,0.8343225166542535,2.5999491214752197,0,0.0
2648,32,0.16084754108350624,0.0007381615676315123,-0.0,0.8343225166542535,0.8389310836791992,0,0.0
480,32,0.16081738087376735,0.0005791020595705687,-0.0,0.8343225166542535,3.8209240436553955,0,0.0
3741,15,0.16081307920446347,0.001779452641319068,0.7219280948873623,-0.0,6.0,0,0.0
5389,32,0.16080497408412714,0.0006504833973171031,-0.0,0.8343225166542535,0.614879846572876,0,0.0
1002,15,0.16079942225703275,0.0017491038692507566,0.7219280948873623,-0.0,6.0,0,0.0
383,32,0.1607798845447265,0.0004654738604445985,-0.0,0.8343225166542535,4.802742004394531,0,0.0
5957,15,0.16077216690839602,0.0016268080327740408,0.7219280948873623,-0.0,8.0,0,0.0
521,15,0.16074529310731164,0.0017214094624631304,0.7219280948873623,-0.0,3.0,0,0.0
1033,15,0.16074466370775786,0.001720010796788074,0.7219280948873623,-0.0,3.0,0,0.0
4327,32,0.16072397454602094,0.00045398537976504283,-0.0,0.8343225166542535,1.1494488716125488,0,0.0
3303,15,0.16069462555128186,0.0016396790910389036,0.7219280948873623,-0.0,2.0,0,0.0
2290,15,0.1606494860312483,0.001354183861334679,0.7219280948873623,-0.0,8.0,0,0.0
3147,15,0.16064305638392903,0.0013398957561807645,0.7219280948873623,-0.0,8.0,0,0.0
4081,15,0.1606405533879442,0.0013651977404119942,0.7219280948873623,-0.0,7.0,0,0.0
5511,15,0.16058178700840084,0.001388926773525534,0.7219280948873623,-0.0,2.0,0,0.0
86,15,0.16054631969355213,0.0012175179257135627,0.7219280948873623,-0.0,5.0,0,0.0
4963,15,0.16054457177087442,0.0011827694555656132,0.7219280948873623,-0.0,6.0,0,0.0
326,15,0.16052310850747967,0.001104209117157473,0.7219280948873623,-0.0,7.0,0,0.0
1722,15,0.16050891187571226,0.001072661046563228,0.7219280948873623,-0.0,7.0,0,0.0
1089,15,0.16047336242091723,0.00111711904825329,0.7219280948873623,-0.0,3.0,0,0.0
1679,15,0.16043334106600854,0.000997318506480882,0.7219280948873623,-0.0,4.0,0,0.0
1301,15,0.16041006664163276,0.0009147333658927614,0.7219280948873623,-0.0,5.0,0,0.0
5304,15,0.16040943736716123,0.0008824707806474041,0.7219280948873623,-0.0,6.0,0,0.0
5015,15,0.16038295897677818,0.0009162225057220974,0.7219280948873623,-0.0,3.0,0,0.0
5039,15,0.16037820442947678,0.0009365210425832382,0.7219280948873623,-0.0,2.0,0,0.0
1914,15,0.16034545312129414,0.0008328761602020007,0.7219280948873623,-0.0,3.0,0,0.0
5139,15,0.16033907228095415,0.0007261039224094601,0.7219280948873623,-0.0,6.0,0,0.0
8567,15,0.16032838783352893,0.000794953298501544,0.7219280948873623,-0.0,3.0,0,0.0
4871,15,0.1603237721821695,0.0007229679004188139,0.7219280948873623,-0.0,5.0,0,0.0
850,15,0.16027216888313503,0.0005465655075027609,0.7219280948873623,-0.0,7.0,0,0.0
8932,15,0.16024297268591198,0.0006051418593527869,0.7219280948873623,-0.0,3.0,0,0.0
667,15,0.16024096987320455,0.00047723437432389826,0.7219280948873623,-0.0,7.0,0,0.0
7517,15,0.16020564017744737,0.0005221807294314429,0.7219280948873623,-0.0,3.0,0,0.0
483,15,0.16020096230898584,0.0005426496637144229,0.7219280948873623,-0.0,2.0,0,0.0
5535,15,0.16019211713739812,0.0005538579243836717,0.7219280948873623,-0.0,1.0,0,0.0
760,15,0.16017681931874714,0.00045813437676422986,0.7219280948873623,-0.0,3.0,0,0.0
6143,15,0.1601760465361245,0.0004564170820472446,0.7219280948873623,-0.0,3.0,0,0.0
4149,15,0.16013744002940314,0.0004323532399503893,0.7219280948873623,-0.0,1.0,0,0.0
6933,15,0.16013383002537354,0.00023914582358830483,0.7219280948873623,-0.0,7.0,0,0.0
8863,15,0.1601216059271787,0.00030457375352566096,0.7219280948873623,-0.0,4.0,0,0.0
7674,15,0.16011978173563313,0.00020792740194297554,0.7219280948873623,-0.0,7.0,0,0.0
7241,15,0.1601193237020863,0.00023777374714761823,0.7219280948873623,-0.0,6.0,0,0.0
3900,15,0.16009770174586538,0.00015886075801463395,0.7219280948873623,-0.0,7.0,0,0.0
6834,15,0.16009285221747738,0.00020981242332518413,0.7219280948873623,-0.0,5.0,0,0.0
4842,15,0.16008849420007515,0.0001075353476165386,0.7219280948873623,-0.0,8.0,0,0.0
7522,15,0.16008672558205483,0.00013446928288007864,0.7219280948873623,-0.0,7.0,0,0.0
4905,15,0.16008471431031962,0.0002534565802586597,0.7219280948873623,-0.0,3.0,0,0.0
1046,15,0.16006753334002044,0.00012268405366788748,0.7219280948873623,-0.0,6.0,0,0.0
7879,15,0.1600575315291512,3.8729412230043e-05,0.7219280948873623,-0.0,8.0,0,0.0
6673,15,0.16005679723940303,0.00012969024982667499,0.7219280948873623,-0.0,5.0,0,0.0
8453,15,0.16005163858487548,8.736237556794535e-05,0.7219280948873623,-0.0,6.0,0,0.0
6366,15,0.16005061675044785,2.33632373336512e-05,0.7219280948873623,-0.0,8.0,0,0.0
2185,15,0.16004350914543003,7.568559516335505e-06,0.7219280948873623,-0.0,8.0,0,0.0
3217,15,0.1600425915665999,5.529495449296817e-06,0.7219280948873623,-0.0,8.0,0,0.0
6704,15,0.16004123279934304,3.337421018723141e-05,0.7219280948873623,-0.0,7.0,0,0.0
1881,15,0.16003828941419374,2.6833354299871104e-05,0.7219280948873623,-0.0,7.0,0,0.0
2136,15,0.1600285137694423,5.10969929667926e-06,0.7219280948873623,-0.0,7.0,0,0.0
227,15,0.16002805728189087,0.00015841627017010307,0.7219280948873623,-0.0,2.0,0,0.0
1790,15,0.16002727816741175,3.322811453743135e-05,0.7219280948873623,-0.0,6.0,0,0.0
2577,15,0.1600262103158374,3.085511103895211e-05,0.7219280948873623,-0.0,6.0,0,0.0
575,15,0.1600222004594336,2.1944319030464676e-05,0.7219280948873623,-0.0,6.0,0,0.0
3881,15,0.1600199792227003,7.873663246260598e-05,0.7219280948873623,-0.0,4.0,0,0.0
7266,15,0.16001699899650518,1.038551252285913e-05,0.7219280948873623,-0.0,6.0,0,0.0
4861,15,0.160003523971112,7.303360424171235e-05,0.7219280948873623,-0.0,3.0,0,0.0
7635,15,0.15999456572565196,5.312639210830472e-05,0.7219280948873623,-0.0,3.0,0,0.0
1549,15,0.15999099889102195,1.4335895399564258e-05,0.7219280948873623,-0.0,4.0,0,0.0
5081,15,0.15998987273947995,4.269753394825493e-05,0.7219280948873623,-0.0,3.0,0,0.0
3877,15,0.15998786224933328,3.822977806677841e-05,0.7219280948873623,-0.0,3.0,0,0.0
1903,15,0.1599848531305225,6.786498452093781e-07,0.7219280948873623,-0.0,4.0,0,0.0
7370,15,0.15998466478081677,9.285268753622677e-05,0.7219280948873623,-0.0,1.0,0,0.0
2026,15,0.15998341666707236,5.9214903906701366e-05,0.7219280948873623,-0.0,2.0,0,0.0
452,15,0.15998256068699102,2.6448528417266637e-05,0.7219280948873623,-0.0,3.0,0,0.0
280,15,0.15998061759764898,2.213055210165127e-05,0.7219280948873623,-0.0,3.0,0,0.0
1560,15,0.15997342370832643,6.144131384888674e-06,0.7219280948873623,-0.0,3.0,0,0.0
8762,15,0.159972688103642,4.509454308410099e-06,0.7219280948873623,-0.0,3.0,0,0.0
2318,15,0.15997024134182655,2.9936403360464325e-05,0.7219280948873623,-0.0,2.0,0,0.0
577,15,0.15996241808502212,4.341558577036775e-05,0.7219280948873623,-0.0,1.0,0,0.0
6767,15,0.1599596097981354,6.3107507134452234e-06,0.7219280948873623,-0.0,2.0,0,0.0
364,15,0.1599573249010007,3.209739905607467e-05,0.7219280948873623,-0.0,1.0,0,0.0
3666,15,0.15995679500894006,5.566361271913678e-08,0.7219280948873623,-0.0,2.0,0,0.0
7591,15,0.15994512237101136,4.980665746390223e-06,0.7219280948873623,-0.0,1.0,0,0.0
6376,40,0.15684656860066837,0.004308770086269176,-0.0,0.821599239278989,3.237088918685913,0,0.0
9393,40,0.15665375904970696,0.0038135441982923846,-0.0,0.821599239278989,5.40012001991272,0,0.0
9397,40,0.15664216599309003,0.00390788762309735,-0.0,0.821599239278989,1.508692979812622,0,0.0
7173,40,0.15658451775315052,0.00372677134882049,-0.0,0.821599239278989,3.226186990737915,0,0.0
7576,40,0.1564716907096734,0.0034364685657681804,-0.0,0.821599239278989,4.508450031280518,0,0.0
7315,40,0.15646505393560112,0.0035387025285839036,-0.0,0.821599239278989,0.71822190284729,0,0.0
9395,40,0.1564624044206427,0.0035155880186072963,-0.0,0.821599239278989,1.276366949081421,0,0.0
8905,40,0.15641250467554554,0.003332078736239752,-0.0,0.821599239278989,3.629286050796509,0,0.0
6370,32,0.15535274275214106,0.003293672458447028,-0.0,0.7899823537338179,1.2886579036712646,0,0.0
4585,24,0.15528447671370701,0.0004844822524647796,-0.0,0.7614744352643517,1.473506212234497,0,0.0
2717,40,0.15524431034873334,0.0007048644920016889,-0.0,0.821599239278989,4.641036033630371,0,0.0
4291,40,0.15524050904960537,0.0006310007465455403,-0.0,0.821599239278989,6.760527849197388,0,0.0
1253,40,0.1552374782331767,0.0006507369194199697,-0.0,0.821599239278989,5.902857065200806,0,0.0
379,40,0.1552312203440921,0.0006940265497463738,-0.0,0.821599239278989,4.0497050285339355,0,0.0
5561,40,0.1551999806850424,0.0006059590671867454,-0.0,0.821599239278989,4.653836011886597,0,0.0
423,40,0.15518982825510194,0.0005331143162419227,-0.0,0.821599239278989,6.283030986785889,0,0.0
832,40,0.15517459371540412,0.0005455741673106029,-0.0,0.821599239278989,4.782444953918457,0,0.0
7152,36,0.15513498314721272,0.004879422375680287,-0.0,0.7971156947033776,2.775998830795288,0,0.0
5853,40,0.15513474767452798,0.0005337823418584131,-0.0,0.821599239278989,2.2955851554870605,0,0.0
98,40,0.15513260180068003,0.0005049779101093943,-0.0,0.821599239278989,3.074345827102661,0,0.0
2709,40,0.15512394179006445,0.0005511575458705398,-0.0,0.821599239278989,0.9546048641204834,0,0.0
3167,40,0.15510986735321702,0.0003472387341016958,-0.0,0.821599239278989,6.548214912414551,0,0.0
2396,40,0.1551038218482635,0.00048452596992232255,-0.0,0.821599239278989,1.6648321151733398,0,0.0
6585,48,0.1524770022272018,0.0037539695201891377,-0.0,0.8124705732082964,3.572388172149658,0,0.0
7908,48,0.15234743886712776,0.003344866008914038,-0.0,0.8124705732082964,7.498780012130737,0,0.0
240,48,0.15120508580592545,0.000879734703966073,-0.0,0.8124705732082964,5.119613885879517,0,0.0
4352,48,0.15107895792377607,0.000601526043446099,-0.0,0.8124705732082964,5.0523669719696045,0,0.0
2652,48,0.15107655313184834,0.0006219496864985352,-0.0,0.8124705732082964,4.217495918273926,0,0.0
3177,48,0.15103954894751034,0.0004964270546961025,-0.0,0.8124705732082964,5.62012791633606,0,0.0
158,48,0.15103037159459726,0.0004323812326765264,-0.0,0.8124705732082964,7.034443140029907,0,0.0
420,48,0.15097413344472857,0.0002907043948070509,-0.0,0.8124705732082964,7.575625896453857,0,0.0
7180,56,0.14923637770347725,0.003592992129912931,-0.0,0.805571207671422,4.156265020370483,0,0.0
7151,44,0.14909318115721196,0.0047195183260954066,-0.0,0.7785238681111767,2.8571929931640625,0,0.0
7458,40,0.1490444469659169,0.004668034251267272,-0.0,0.768541369013069,2.869171142578125,0,0.0
3184,34,0.1481283838253192,0.0010693925371282331,-0.0,0.7551637328891466,5.247375965118408,0,0.0
2208,56,0.1479559203011091,0.0006787898759330613,-0.0,0.805571207671422,6.3834850788116455,0,0.0
3277,56,0.1479366159358544,0.0007014918126637681,-0.0,0.805571207671422,4.258028030395508,0,0.0
5602,56,0.14788662604101788,0.0005695275431051305,-0.0,0.805571207671422,4.93439793586731,0,0.0
416,56,0.14786320074363485,0.00046112665862796387,-0.0,0.805571207671422,6.759965181350708,0,0.0
1638,56,0.14786059394901885,0.0004422354844078047,-0.0,0.805571207671422,7.18435001373291,0,0.0
473,56,0.14783267525242416,0.0005307602950447299,-0.0,0.805571207671422,2.305999994277954,0,0.0
8409,64,0.1471761920082022,0.004547986108339619,-0.0,0.8001555810781786,7.650799036026001,0,0.0
7160,64,0.14652983644957224,0.003151696568716611,-0.0,0.8001555810781786,6.352979898452759,0,0.0
3861,64,0.14547041235831323,0.0008247903728537676,-0.0,0.8001555810781786,5.466206073760986,0,0.0
2254,64,0.14531241330276692,0.0005213862691115789,-0.0,0.8001555810781786,3.920567035675049,0,0.0
8199,72,0.14504150782497183,0.004591227688691912,-0.0,0.7957805170753431,2.74692702293396,0,0.0
1245,18,0.1449959843672554,0.0006282768810103034,0.6500224216483541,-0.0,5.0,0,0.0
8248,2,0.14490531461192616,0.007587808733716006,-0.0,-0.0,5.0,0,0.0
8201,56,0.14466770995387518,0.004275613021379798,-0.0,0.7729839242419453,5.037931203842163,0,0.0
7191,72,0.14462068223078606,0.0036329172931708342,-0.0,0.7957805170753431,3.4967410564422607,0,0.0
7027,2,0.14441345262505956,0.006494782096234664,-0.0,-0.0,5.0,0,0.0
3440,2,0.14409919417323805,0.005796429981075768,-0.0,-0.0,5.0,2,1.0
7061,2,0.1438231279485921,0.005182949481862487,-0.0,-0.0,5.0,0,0.0
8249,2,0.14366313375541456,0.004827406830356873,-0.0,-0.0,5.0,0,0.0
8659,2,0.1436517497437839,0.00480210902673317,-0.0,-0.0,5.0,0,0.0
8253,2,0.1436044625280867,0.004697026325183873,-0.0,-0.0,5.0,0,0.0
8208,2,0.14356294721556392,0.004604770075133269,-0.0,-0.0,5.0,0,0.0
1655,72,0.1433101774104807,0.0006941524774026764,-0.0,0.7957805170753431,4.356374025344849,0,0.0
8661,2,0.14330422566672482,0.004029833299935226,-0.0,-0.0,5.0,0,0.0
9438,2,0.14320366687234293,0.003806369312419955,-0.0,-0.0,5.0,0,0.0
9144,2,0.14312237220471472,0.003625714495468335,-0.0,-0.0,5.0,0,0.0
8230,2,0.14309566845121865,0.0035663728210326706,-0.0,-0.0,5.0,0,0.0
6951,2,0.14309293195570896,0.0035602917199000217,-0.0,-0.0,5.0,0,0.0
7588,2,0.14306524118654712,0.0034987566773181378,-0.0,-0.0,5.0,0,0.0
7960,2,0.14291290003828971,0.0031293565947708712,-0.0,-0.0,6.0,0,0.0
6716,80,0.14286567674238151,0.0036139866867621606,-0.0,0.7921652328741675,3.8820979595184326,0,0.0
8221,2,0.14284444893796408,0.003008107236022517,-0.0,-0.0,5.0,0,0.0
6227,80,0.1428369000647004,0.0035803893464290137,-0.0,0.7921652328741675,2.898730993270874,0,0.0
8220,2,0.14283177777278894,0.002979949091188816,-0.0,-0.0,5.0,0,0.0
6102,2,0.14282204860427003,0.00305894600035872,-0.0,-0.0,1.7400000095367432,0,0.0
6055,2,0.1428137160961748,0.002939812032046296,-0.0,-0.0,5.0,0,0.0
8226,2,0.1427297749954381,0.0027532762526314425,-0.0,-0.0,5.0,0,0.0
6065,2,0.14267061416960428,0.002621807750778471,-0.0,-0.0,5.0,0,0.0
7081,2,0.142654344898818,0.0025856538156978637,-0.0,-0.0,5.0,0,0.0
8307,2,0.14246390846120222,0.0021624617321072126,-0.0,-0.0,5.0,0,0.0
8306,2,0.14244883952304568,0.0021289752028704756,-0.0,-0.0,5.0,0,0.0
7045,2,0.14244335892635304,0.002116796099109086,-0.0,-0.0,5.0,0,0.0
6501,2,0.14238371170114644,0.0019842467097610506,-0.0,-0.0,5.0,0,0.0
1169,2,0.14236340381201662,0.0019391180672503339,-0.0,-0.0,5.0,0,0.0
8260,2,0.14219380961454042,0.0015622420728588216,-0.0,-0.0,5.0,0,0.0
8275,2,0.14218346281645336,0.0015083849906900593,-0.0,-0.0,6.0,0,0.0
8242,2,0.14213596968381864,0.001433708893477048,-0.0,-0.0,5.0,0,0.0
9390,2,0.1421144451756466,0.001385876653094753,-0.0,-0.0,5.0,0,0.0
4808,2,0.14210775203246712,0.0013710030015847696,-0.0,-0.0,5.0,0,0.0
6139,2,0.14210615920959271,0.0013674633951972215,-0.0,-0.0,5.0,0,0.0
8149,2,0.14203760862103063,0.001215128753948136,-0.0,-0.0,5.0,0,0.0
4757,2,0.14201265887121567,0.0011596848654704672,-0.0,-0.0,5.0,0,0.0
7484,2,0.14199078192922646,0.001111069438827772,-0.0,-0.0,5.0,0,0.0
9341,2,0.14197232566781384,0.0010700555245775067,-0.0,-0.0,5.0,0,0.0
2832,2,0.1419605915450424,0.0010439796961965175,-0.0,-0.0,5.0,0,0.0
6568,2,0.14191286078103563,0.0009379113317370402,-0.0,-0.0,5.0,0,0.0
1448,2,0.14191225101717558,0.0009365563009369193,-0.0,-0.0,5.0,0,0.0
7087,2,0.14190647429080153,0.0009237191312168047,-0.0,-0.0,5.0,0,0.0
1554,2,0.141900964499149,0.0009114751497667495,-0.0,-0.0,5.0,0,0.0
10,2,0.14189551970265687,0.0008993756020064803,-0.0,-0.0,5.0,0,0.0
6756,2,0.1418888056868437,0.0008844555668661158,-0.0,-0.0,5.0,0,0.0
4758,2,0.1418839623838905,0.0008736926714145721,-0.0,-0.0,5.0,0,0.0
8241,2,0.14187724997996032,0.000858776218236379,-0.0,-0.0,5.0,0,0.0
3019,2,0.1418722519900431,0.0008476695739758622,-0.0,-0.0,5.0,0,0.0
8183,2,0.14185398807683758,0.0008070831001858458,-0.0,-0.0,5.0,0,0.0
9437,2,0.14185202908308467,0.0008027297807349232,-0.0,-0.0,5.0,0,0.0
461,2,0.14185055587583534,0.0007994559868474971,-0.0,-0.0,5.0,0,0.0
6040,2,0.14184551821547423,0.000788261186045025,-0.0,-0.0,5.0,0,0.0
6060,2,0.14182950392098173,0.0007526738649505926,-0.0,-0.0,5.0,0,0.0
4809,2,0.14182648847223403,0.0007459728677334798,-0.0,-0.0,5.0,0,0.0
1437,2,0.14180754565510695,0.0007038777185621736,-0.0,-0.0,5.0,0,0.0
2221,2,0.14178725152591257,0.0006587796536857704,-0.0,-0.0,5.0,0,0.0
4562,2,0.14178666467646217,0.0006574755437960267,-0.0,-0.0,5.0,0,0.0
6874,2,0.14177161606523753,0.0006240341855190401,-0.0,-0.0,5.0,0,0.0
6177,2,0.141768831796466,0.0006178469215822879,-0.0,-0.0,5.0,0,0.0
4553,2,0.1417650257818574,0.0006093891113410077,-0.0,-0.0,5.0,0,0.0
8255,2,0.14175994852297974,0.0007215631039585446,-0.0,-0.0,1.0,0,0.0
6503,2,0.14175970968257243,0.0005975755573743857,-0.0,-0.0,5.0,0,0.0
1793,2,0.14175505111676262,0.000587223188908137,-0.0,-0.0,5.0,0,0.0
602,2,0.1417504434893507,0.0005769840168816653,-0.0,-0.0,5.0,0,0.0
44,2,0.1417296912034621,0.0005308678260180777,-0.0,-0.0,5.0,0,0.0
2542,2,0.14172353817441763,0.0005171944281414653,-0.0,-0.0,5.0,0,0.0
8374,2,0.14172252031456312,0.0005149325173536834,-0.0,-0.0,5.0,0,0.0
7020,2,0.14171931548095132,0.0005078106648830349,-0.0,-0.0,5.0,0,0.0
894,2,0.14171687209124675,0.0005023809099840015,-0.0,-0.0,5.0,0,0.0
7028,2,0.14171631970710433,0.0005011533896674969,-0.0,-0.0,5.0,0,0.0
1478,2,0.1417106232512604,0.0004884945989032108,-0.0,-0.0,5.0,0,0.0
7074,2,0.14170793291724135,0.0004825160788608507,-0.0,-0.0,5.0,0,0.0
7007,2,0.14170576402989868,0.0004776963292104641,-0.0,-0.0,5.0,0,0.0
3386,2,0.14170560665092316,0.0004773465981537939,-0.0,-0.0,5.0,0,0.0
8184,2,0.14170492423266307,0.00047583011313134804,-0.0,-0.0,5.0,0,0.0
266,2,0.14170364853995204,0.00047299524044019936,-0.0,-0.0,5.0,0,0.0
2075,2,0.14170117865275195,0.00046750660221772655,-0.0,-0.0,5.0,0,0.0
1792,2,0.14169713799153483,0.000458527355068572,-0.0,-0.0,5.0,0,0.0
8331,2,0.14169088729152982,0.0004446369106130277,-0.0,-0.0,5.0,0,0.0
2390,2,0.14168805174409332,0.0004383356940874661,-0.0,-0.0,5.0,0,0.0
3376,80,0.14167688594717004,0.0009475354099318656,-0.0,0.7921652328741675,4.68218207359314,0,0.0
6050,2,0.14167662228119315,0.00041293688764265646,-0.0,-0.0,5.0,0,0.0
8330,2,0.14167516011564582,0.00040968763087079196,-0.0,-0.0,5.0,0,0.0
1425,2,0.1416685490736285,0.00039499642638785026,-0.0,-0.0,5.0,0,0.0
8554,2,0.14166830522007673,0.00039445452960618077,-0.0,-0.0,5.0,0,0.0
1710,2,0.14166088911302757,0.000377974291719152,-0.0,-0.0,5.0,0,0.0
8831,2,0.1416607315551776,0.0003776241631636701,-0.0,-0.0,5.0,0,0.0
4186,2,0.14166066474690708,0.00037747570034030176,-0.0,-0.0,5.0,0,0.0
28,2,0.14166053037870113,0.0003771771043270533,-0.0,-0.0,5.0,0,0.0
4563,2,0.1416587744955576,0.00037327514178586707,-0.0,-0.0,5.0,0,0.0
3385,2,0.14165582701630033,0.0003667251878808342,-0.0,-0.0,5.0,0,0.0
8920,2,0.141654945171633,0.0003647655330645261,-0.0,-0.0,5.0,0,0.0
5295,2,0.14165431378951682,0.0003633624616952158,-0.0,-0.0,5.0,0,0.0
9332,2,0.1416530148157258,0.0003604758532707031,-0.0,-0.0,5.0,0,0.0
6059,2,0.14165203428675946,0.0003582969000122116,-0.0,-0.0,5.0,0,0.0
1294,2,0.14164983743822387,0.0003534150143775783,-0.0,-0.0,5.0,0,0.0
8148,2,0.14164779513239176,0.0003488765569729102,-0.0,-0.0,5.0,0,0.0
7885,2,0.14164567553072674,0.00034416633105061045,-0.0,-0.0,5.0,0,0.0
7044,2,0.14164290380120684,0.0003380069321174961,-0.0,-0.0,5.0,0,0.0
601,2,0.14163533648602256,0.00032119067615243857,-0.0,-0.0,5.0,0,0.0
8098,2,0.1416329816735935,0.0003159577596434371,-0.0,-0.0,5.0,0,0.0
4968,2,0.14163247521512454,0.00031483229637907506,-0.0,-0.0,5.0,0,0.0
2471,2,0.1416282577162622,0.0003054600766849713,-0.0,-0.0,5.0,0,0.0
7317,2,0.1416281909437732,0.0003053116933761091,-0.0,-0.0,5.0,0,0.0
6397,2,0.14160959252470046,0.0002639818732144139,-0.0,-0.0,5.0,0,0.0
4598,2,0.1416085800742027,0.0002617319832194376,-0.0,-0.0,5.0,0,0.0
8259,2,0.1416026327715487,0.00024851575509943213,-0.0,-0.0,5.0,0,0.0
6045,2,0.141601958920994,0.00024701830942230885,-0.0,-0.0,5.0,0,0.0
1443,2,0.14160118222831533,0.00024529232569192594,-0.0,-0.0,5.0,0,0.0
6012,2,0.1415969586640988,0.0002359066274330024,-0.0,-0.0,5.0,0,0.0
8231,2,0.1415938184321306,0.00022892833417031966,-0.0,-0.0,5.0,0,0.0
6263,2,0.14159193945495496,0.00022475282933553942,-0.0,-0.0,5.0,0,0.0
8373,2,0.14159063029415894,0.00022184358312216101,-0.0,-0.0,5.0,0,0.0
1473,2,0.14158966208990245,0.0002196920181077866,-0.0,-0.0,5.0,0,0.0
4433,2,0.14158959331732696,0.0001886749926314213,-0.0,-0.0,6.0,0,0.0
5296,2,0.14158435566100483,0.00020789995389081106,-0.0,-0.0,5.0,0,0.0
1460,2,0.1415839913178252,0.0002070903023805304,-0.0,-0.0,5.0,0,0.0
3151,2,0.1415817997216483,0.00020222008865411478,-0.0,-0.0,5.0,0,0.0
6000,2,0.14158139914994985,0.00020132992932420102,-0.0,-0.0,5.0,0,0.0
1467,2,0.14158044752946194,0.00019921521712884527,-0.0,-0.0,5.0,0,0.0
8099,2,0.14157497061822574,0.0001870443032706559,-0.0,-0.0,5.0,0,0.0
4574,2,0.14157456626963688,0.0001861457508509634,-0.0,-0.0,5.0,0,0.0
7039,2,0.14157380385112087,0.0001844514874820291,-0.0,-0.0,5.0,0,0.0
7050,2,0.14157298782397093,0.00018263809381546814,-0.0,-0.0,5.0,0,0.0
36,2,0.14157183174601876,0.0001800690316995368,-0.0,-0.0,5.0,0,0.0
4,2,0.14157056902671694,0.00017726298880660352,-0.0,-0.0,5.0,0,0.0
2719,2,0.14156903219787853,0.00017384781361018398,-0.0,-0.0,5.0,0,0.0
153,2,0.14156787379909713,0.00017127359409596643,-0.0,-0.0,5.0,0,0.0
9391,2,0.14156753165115737,0.00017051326534089917,-0.0,-0.0,5.0,0,0.0
4728,2,0.14156738163514754,0.00017017989643020037,-0.0,-0.0,5.0,0,0.0
747,2,0.14156685975653793,0.00016902016618658422,-0.0,-0.0,5.0,0,0.0
6044,2,0.14156626701769792,0.00016770296876433832,-0.0,-0.0,5.0,0,0.0
4729,2,0.14156589394990904,0.00016687392923353528,-0.0,-0.0,5.0,0,0.0
9231,2,0.14156563855105952,0.00016630637623460398,-0.0,-0.0,5.0,0,0.0
1412,2,0.14156464492935786,0.00016409832800867719,-0.0,-0.0,5.0,0,0.0
4656,2,0.14156431642311695,0.00016336831413998887,-0.0,-0.0,5.0,0,0.0
2667,2,0.14156419379882593,0.00016309581571549714,-0.0,-0.0,5.0,0,0.0
9034,2,0.14156348505193286,0.00016152082261977618,-0.0,-0.0,5.0,0,0.0
7587,2,0.14156225177991935,0.00015878021814530463,-0.0,-0.0,5.0,0,0.0
7075,2,0.14156006851932154,0.00015392852792794898,-0.0,-0.0,5.0,0,0.0
3150,2,0.14155904022969054,0.0001516434398590727,-0.0,-0.0,5.0,0,0.0
8830,2,0.14155876818132432,0.00015103888793410736,-0.0,-0.0,5.0,0,0.0
2873,2,0.14155500031756146,0.00014266585735001058,-0.0,-0.0,5.0,0,0.0
2822,2,0.14155458334289348,0.00014173924697669094,-0.0,-0.0,5.0,0,0.0
6085,2,0.1415542155198926,0.00011005766499949665,-0.0,-0.0,6.0,0,0.0
7884,2,0.14155369791692157,0.0001397716337058208,-0.0,-0.0,5.0,0,0.0
2222,2,0.14155219040998365,0.0001364216182881961,-0.0,-0.0,5.0,0,0.0
1096,2,0.14155021390201586,0.00013202937835976591,-0.0,-0.0,5.0,0,0.0
6659,2,0.14154970224659832,0.0001308923663208006,-0.0,-0.0,5.0,0,0.0
6567,2,0.14154909530095716,0.00012954359822936468,-0.0,-0.0,5.0,0,0.0
2766,2,0.14154835878289723,0.00012790689142949674,-0.0,-0.0,5.0,0,0.0
2789,2,0.1415477108520986,0.00012646704521035446,-0.0,-0.0,5.0,0,0.0
4281,2,0.1415474866711725,0.00012596886537452612,-0.0,-0.0,5.0,0,0.0
1641,2,0.1415464420759221,0.00012364754259586164,-0.0,-0.0,5.0,0,0.0
1094,2,0.14154560026519336,0.00012177685208758504,-0.0,-0.0,5.0,0,0.0
1709,2,0.14154552481328536,0.00012160918118087061,-0.0,-0.0,5.0,0,0.0
11,2,0.14154518145285536,8.998196047227403e-05,-0.0,-0.0,6.0,0,0.0
5515,2,0.14154392386859505,0.00011805152631350069,-0.0,-0.0,5.0,0,0.0
2841,2,0.1415422847575967,0.00011440905742832186,-0.0,-0.0,5.0,0,0.0
6036,2,0.1415420254635127,0.00011383284835275731,-0.0,-0.0,5.0,0,0.0
5749,2,0.14154200970171268,0.00011379782213050138,-0.0,-0.0,5.0,0,0.0
1642,2,0.1415419977333173,0.00011377122569633524,-0.0,-0.0,5.0,0,0.0
5215,2,0.14154071663283785,0.000110924335742002,-0.0,-0.0,5.0,0,0.0
154,2,0.1415392428386021,7.678503990948826e-05,-0.0,-0.0,6.0,0,0.0
9331,2,0.1415378616768898,0.00010457998919077838,-0.0,-0.0,5.0,0,0.0
5644,2,0.14153720608183867,0.00010312311129934137,-0.0,-0.0,5.0,0,0.0
1466,2,0.14153698770820178,0.00010263783655073411,-0.0,-0.0,5.0,0,0.0
3914,2,0.14153651365675773,0.00010158438889729116,-0.0,-0.0,5.0,0,0.0
1442,2,0.14153496730772547,9.814805771446444e-05,-0.0,-0.0,5.0,0,0.0
8297,2,0.1415339516344847,9.589100606832712e-05,-0.0,-0.0,5.0,0,0.0
8052,2,0.14153336647831855,9.459065903238972e-05,-0.0,-0.0,5.0,0,0.0
6066,2,0.1415331176931877,9.403780318606447e-05,-0.0,-0.0,5.0,0,0.0
7816,2,0.141533016162415,9.3812179246755e-05,-0.0,-0.0,5.0,0,0.0
4484,2,0.14153263946818873,9.297508096617335e-05,-0.0,-0.0,5.0,0,0.0
2949,2,0.14152989054001955,8.686635170129797e-05,-0.0,-0.0,5.0,0,0.0
4089,2,0.14152973780323003,8.652693661348465e-05,-0.0,-0.0,5.0,0,0.0
3249,2,0.14152935275414422,8.567127197833813e-05,-0.0,-0.0,5.0,0,0.0
6039,2,0.1415291679537791,8.526060450031459e-05,-0.0,-0.0,5.0,0,0.0
2472,2,0.14152904690398196,8.499160495112346e-05,-0.0,-0.0,5.0,0,0.0
4612,2,0.14152858971076124,8.397562001616343e-05,-0.0,-0.0,5.0,0,0.0
895,2,0.14152857789784928,8.394936910072204e-05,-0.0,-0.0,5.0,0,0.0
7124,2,0.1415282328823927,8.318266808604591e-05,-0.0,-0.0,5.0,0,0.0
5109,2,0.1415272174163367,8.092607685050712e-05,-0.0,-0.0,5.0,0,0.0
6950,2,0.14152667298147933,7.971622161195846e-05,-0.0,-0.0,5.0,0,0.0
43,2,0.14152620696806792,7.868063625326993e-05,-0.0,-0.0,5.0,0,0.0
1666,2,0.14152547451812728,4.618877218764972e-05,-0.0,-0.0,6.0,0,0.0
4282,2,0.14152464973728726,7.522012340732687e-05,-0.0,-0.0,5.0,0,0.0
2631,2,0.14152463115940572,7.51788392261421e-05,-0.0,-0.0,5.0,0,0.0
4613,2,0.14152407843861314,7.39505707981758e-05,-0.0,-0.0,5.0,0,0.0
5750,2,0.14152354728714647,7.277023420559914e-05,-0.0,-0.0,5.0,0,0.0
3018,2,0.14152240393814505,7.022945864687546e-05,-0.0,-0.0,5.0,0,0.0
7486,2,0.14152156606960492,0.00019182431868114413,-0.0,-0.0,1.0,0,0.0
4599,2,0.1415215632184758,6.836119271524943e-05,-0.0,-0.0,5.0,0,0.0
9431,2,0.14152106568060202,6.725555299569308e-05,-0.0,-0.0,5.0,0,0.0
4483,2,0.14151971396451352,6.425173946567053e-05,-0.0,-0.0,5.0,0,0.0
4007,2,0.1415193110842622,6.33564500183148e-05,-0.0,-0.0,5.0,0,0.0
6026,2,0.14151850398290325,6.156289144287896e-05,-0.0,-0.0,5.0,0,0.0
5108,2,0.1415184187457566,6.137347556145478e-05,-0.0,-0.0,5.0,0,0.0
4432,2,0.1415183273485601,6.117037068031905e-05,-0.0,-0.0,5.0,0,0.0
4655,2,0.14151676805855717,5.7705281784947715e-05,-0.0,-0.0,5.0,0,0.0
9232,2,0.14151560037106609,5.5110420693615936e-05,-0.0,-0.0,5.0,0,0.0
2765,2,0.14151485528083296,5.345466462003401e-05,-0.0,-0.0,5.0,0,0.0
1424,2,0.1415142012559238,5.2001275932966884e-05,-0.0,-0.0,5.0,0,0.0
7019,2,0.1415141324858659,5.184845358208179e-05,-0.0,-0.0,5.0,0,0.0
7817,2,0.14151320560424638,4.978871664984563e-05,-0.0,-0.0,5.0,0,0.0
1907,2,0.14151303740246704,4.941493491794624e-05,-0.0,-0.0,5.0,0,0.0
7132,2,0.14151288993240327,4.9087223665145174e-05,-0.0,-0.0,5.0,0,0.0
5412,2,0.1415114594768098,4.590843345742002e-05,-0.0,-0.0,5.0,0,0.0
6757,2,0.14151083323050054,4.4516774992398034e-05,-0.0,-0.0,5.0,0,0.0
2745,2,0.14150964440846597,4.187494824892113e-05,-0.0,-0.0,5.0,0,0.0
7034,2,0.14150951952287436,4.1597424711992126e-05,-0.0,-0.0,5.0,0,0.0
2812,2,0.14150775796540976,3.7682852568443614e-05,-0.0,-0.0,5.0,0,0.0
1455,2,0.1415070832801959,3.6183552093227433e-05,-0.0,-0.0,5.0,0,0.0
3,2,0.14150648881668448,3.486252206785778e-05,-0.0,-0.0,5.0,0,0.0
1472,2,0.14150646724458038,3.9503865278955885e-06,-0.0,-0.0,6.0,0,0.0
1413,2,0.14150613517470378,3.407665099963708e-05,-0.0,-0.0,5.0,0,0.0
7080,2,0.14150599330328398,3.376138117783256e-05,-0.0,-0.0,5.0,0,0.0
6396,2,0.14150598208306633,3.3736447360821487e-05,-0.0,-0.0,5.0,0,0.0
8225,2,0.141505855893785,3.345602673565651e-05,-0.0,-0.0,5.0,0,0.0
9407,2,0.14150568786905257,3.3082638441372936e-05,-0.0,-0.0,5.0,0,0.0
9342,2,0.14150557140146908,1.9596240583563684e-06,-0.0,-0.0,6.0,0,0.0
7056,2,0.14150480989608674,2.6738987535246395e-07,-0.0,-0.0,6.0,0,0.0
63,2,0.14150473233286331,3.0959224687432396e-05,-0.0,-0.0,5.0,0,0.0
20,2,0.14150424235408166,2.9870382950436536e-05,-0.0,-0.0,5.0,0,0.0
7069,2,0.14150419919909188,2.977448297314389e-05,-0.0,-0.0,5.0,0,0.0
7062,2,0.14150377927668298,2.8841322064487862e-05,-0.0,-0.0,5.0,0,0.0
64,2,0.14150347315436498,2.816105024672222e-05,-0.0,-0.0,5.0,0,0.0
357,2,0.14150342750378192,2.8059604506580627e-05,-0.0,-0.0,5.0,0,0.0
5905,2,0.14150255878473092,2.61291177265921e-05,-0.0,-0.0,5.0,0,0.0
1555,2,0.14150224760713884,2.54376119663835e-05,-0.0,-0.0,5.0,0,0.0
5842,2,0.14150215894346274,2.5240581575047827e-05,-0.0,-0.0,5.0,0,0.0
4554,2,0.14150194189464446,2.4758250867784604e-05,-0.0,-0.0,5.0,0,0.0
5514,2,0.1415017698412059,2.4375909893237235e-05,-0.0,-0.0,5.0,0,0.0
7221,2,0.14150147654576567,2.3724142248271463e-05,-0.0,-0.0,5.0,0,0.0
4588,2,0.1415013795312643,2.3508554467421838e-05,-0.0,-0.0,5.0,0,0.0
2720,2,0.14150134548910337,2.3432905220888145e-05,-0.0,-0.0,5.0,0,0.0
4575,2,0.14150106743492682,2.281500705081374e-05,-0.0,-0.0,5.0,0,0.0
2298,2,0.14150079958569098,2.221978652672263e-05,-0.0,-0.0,5.0,0,0.0
4442,2,0.14150073072747416,2.2066768267103853e-05,-0.0,-0.0,5.0,0,0.0
6049,2,0.14150047953061246,2.1508553018856347e-05,-0.0,-0.0,5.0,0,0.0
7123,2,0.14150038945437257,2.130838359692966e-05,-0.0,-0.0,5.0,0,0.0
6013,2,0.14150029020627444,2.1087832267729922e-05,-0.0,-0.0,5.0,0,0.0
8254,2,0.14150000301720572,2.044963433722735e-05,-0.0,-0.0,5.0,0,0.0
4008,2,0.14149974097618767,1.9867320963817825e-05,-0.0,-0.0,5.0,0,0.0
6086,2,0.14149958182628128,1.9513654505143307e-05,-0.0,-0.0,5.0,0,0.0
7057,2,0.14149925155125795,1.877971000885381e-05,-0.0,-0.0,5.0,0,0.0
1362,2,0.14149887607916212,1.794532757370959e-05,-0.0,-0.0,5.0,0,0.0
748,2,0.14149856997755197,1.726510177335605e-05,-0.0,-0.0,5.0,0,0.0
1361,2,0.141497654625017,1.5230985028980015e-05,-0.0,-0.0,5.0,0,0.0
6054,2,0.14149738781373963,1.4638071079264847e-05,-0.0,-0.0,5.0,0,0.0
2863,2,0.1414971531325045,1.4116557223387005e-05,-0.0,-0.0,5.0,0,0.0
8552,2,0.1414970090930186,1.3796469476967665e-05,-0.0,-0.0,5.0,0,0.0
7008,2,0.14149691146287108,1.357951359359788e-05,-0.0,-0.0,5.0,0,0.0
9406,2,0.14149684645151916,1.3435043922704892e-05,-0.0,-0.0,5.0,0,0.0
4389,2,0.14149648158514955,1.262422976799904e-05,-0.0,-0.0,5.0,0,0.0
8298,2,0.1414960550332584,1.1676336676536003e-05,-0.0,-0.0,5.0,0,0.0
5841,2,0.14149590570646842,1.1344499365462113e-05,-0.0,-0.0,5.0,0,0.0
4970,2,0.1414956839231602,1.0851647569420919e-05,-0.0,-0.0,5.0,0,0.0
6138,2,0.14149554357181546,1.0539755692207109e-05,-0.0,-0.0,5.0,0,0.0
5988,2,0.141494668558082,8.595280728940224e-06,-0.0,-0.0,5.0,0,0.0
8209,2,0.14149425579134614,7.67802131595996e-06,-0.0,-0.0,5.0,0,0.0
2803,2,0.14149406713259752,7.258779652352665e-06,-0.0,-0.0,5.0,0,0.0
21,2,0.1414940569607607,7.236175570524139e-06,-0.0,-0.0,5.0,0,0.0
2543,2,0.14149402462624744,7.164321096597703e-06,-0.0,-0.0,5.0,0,0.0
4187,2,0.14149382606180433,6.7230667786244425e-06,-0.0,-0.0,5.0,0,0.0
5906,2,0.1414936478127744,6.326957823210577e-06,-0.0,-0.0,5.0,0,0.0
4544,2,0.14149360729195296,6.236911553325619e-06,-0.0,-0.0,5.0,0,0.0
7086,2,0.14149339966067218,5.775508707173138e-06,-0.0,-0.0,5.0,0,0.0
8771,2,0.14149339759278248,5.770913396707655e-06,-0.0,-0.0,5.0,0,0.0
2668,2,0.1414927082136501,4.238959769198303e-06,-0.0,-0.0,5.0,0,0.0
7040,2,0.14149260829587315,4.016920264859891e-06,-0.0,-0.0,5.0,0,0.0
1449,2,0.14149239592420598,3.544983226744236e-06,-0.0,-0.0,5.0,0,0.0
462,2,0.14149229541109176,3.3216207506736595e-06,-0.0,-0.0,5.0,0,0.0
7485,2,0.14149227378963664,3.2735730726152212e-06,-0.0,-0.0,5.0,0,0.0
4443,2,0.14149220614957778,3.1232618307175386e-06,-0.0,-0.0,5.0,0,0.0
1477,2,0.1414921516148072,3.0020734516078562e-06,-0.0,-0.0,5.0,0,0.0
5413,2,0.1414921150426326,2.9208019525217566e-06,-0.0,-0.0,5.0,0,0.0
2299,2,0.14149192835287994,2.505935835506179e-06,-0.0,-0.0,5.0,0,0.0
4543,2,0.14149186771822625,2.37119216062176e-06,-0.0,-0.0,5.0,0,0.0
1295,2,0.1414918301257658,2.287653359633879e-06,-0.0,-0.0,5.0,0,0.0
356,2,0.14149175945936146,2.1306169055712587e-06,-0.0,-0.0,5.0,0,0.0
7033,2,0.14149173434238638,2.0748014053495467e-06,-0.0,-0.0,5.0,0,0.0
2851,2,0.14149167949248434,1.9529127341932906e-06,-0.0,-0.0,5.0,0,0.0
2874,2,0.14149157950699487,1.7307227575535933e-06,-0.0,-0.0,5.0,0,0.0
2813,2,0.1414914667566643,1.4801664673935733e-06,-0.0,-0.0,5.0,0,0.0
35,2,0.14149144800939234,1.4385058630939085e-06,-0.0,-0.0,5.0,0,0.0
7068,2,0.14149141771617613,1.3711876047928229e-06,-0.0,-0.0,5.0,0,0.0
2950,2,0.1414913870779974,1.3031027632504077e-06,-0.0,-0.0,5.0,0,0.0
29,2,0.1414912502308008,9.98997881862529e-07,-0.0,-0.0,5.0,0,0.0
1454,2,0.14149108176525454,6.246300012779926e-07,-0.0,-0.0,5.0,0,0.0
7051,2,0.14149098099276194,4.0069112883234226e-07,-0.0,-0.0,5.0,0,0.0
1909,2,0.1414909372433583,3.0347023183274757e-07,-0.0,-0.0,5.0,0,0.0
1438,2,0.14149091296341618,2.4951480492863e-07,-0.0,-0.0,5.0,0,0.0
4587,2,0.14149089760047676,2.1537493954948417e-07,-0.0,-0.0,5.0,0,0.0
2802,2,0.14149086374336728,1.4013691851388899e-07,-0.0,-0.0,5.0,0,0.0
982,2,0.14149085067753384,1.1110173303574555e-07,-0.0,-0.0,5.0,0,0.0
2790,2,0.14149084691919928,1.0274987849445694e-07,-0.0,-0.0,5.0,0,0.0
3250,2,0.14149081491710955,3.163412354290074e-08,-0.0,-0.0,5.0,0,0.0
9432,2,0.1414908034737629,6.204464275683108e-09,-0.0,-0.0,5.0,0,0.0
2823,2,0.1414908029784451,5.103758082825038e-09,-0.0,-0.0,5.0,0,0.0
1459,2,0.14149080148969642,1.795427695405749e-09,-0.0,-0.0,5.0,0,0.0
4009,2,0.1414797804953587,9.896748702287184e-05,-0.0,-0.0,1.0,0,0.0
2852,2,0.14143826490390804,6.710617132532626e-06,-0.0,-0.0,1.0,0,0.0
8276,2,0.14143721584821847,1.833521379457359e-05,-0.0,-0.0,0.5478310585021973,0,0.0
750,2,0.14143589615963995,1.4467409812368714e-06,-0.0,-0.0,1.0,0,0.0
6172,2,0.14142773338798448,1.3554155223860498e-05,-0.0,-0.0,0.020000219345092773,0,0.0
8333,2,0.1414213665543184,1.6193569152278542e-08,-0.0,-0.0,0.0002181529998779297,0,0.0
8060,2,0.1414213652902343,5.143052650424806e-10,-0.0,-0.0,0.0006351470947265625,0,0.0
8438,2,0.1414213591148101,1.9114754223892305e-10,-0.0,-0.0,0.0002009868621826172,0,0.0
8510,2,0.1414213587677991,6.756861736789688e-11,-0.0,-0.0,0.0001800060272216797,0,0.0
9439,2,0.1414213562373133,8.43769498715119e-15,-0.0,-0.0,0.0,0,0.0
9433,2,0.14142135623731064,2.55351295663786e-15,-0.0,-0.0,0.0,0,0.0
5907,2,0.1414213562373098,6.661338147750939e-16,-0.0,-0.0,0.0,0,0.0
6067,2,0.14142135623730961,2.220446049250313e-16,-0.0,-0.0,0.0,0,0.0
8250,2,0.14142135623730961,2.220446049250313e-16,-0.0,-0.0,0.0,0,0.0
6569,2,0.14142135623730961,2.220446049250313e-16,-0.0,-0.0,0.0,0,0.0
6265,2,0.14142135623730961,2.220446049250313e-16,-0.0,-0.0,0.0,0,0.0
8227,2,0.14142135623730961,2.220446049250313e-16,-0.0,-0.0,0.0,0,0.0
7082,2,0.14142135623730961,2.220446049250313e-16,-0.0,-0.0,0.0,0,0.0
8150,2,0.14142135623730961,2.220446049250313e-16,-0.0,-0.0,0.0,0,0.0
6140,2,0.14142135623730961,2.220446049250313e-16,-0.0,-0.0,0.0,0,0.0
6952,2,0.14142135623730961,2.220446049250313e-16,-0.0,-0.0,0.0,0,0.0
7063,2,0.14142135623730961,2.220446049250313e-16,-0.0,-0.0,0.0,0,0.0
2608,2,0.14142135623730956,1.1102230246251565e-16,-0.0,-0.0,0.0,0,0.0
9343,2,0.14142135623730956,1.1102230246251565e-16,-0.0,-0.0,0.0,0,0.0
1474,2,0.14142135623730956,1.1102230246251565e-16,-0.0,-0.0,0.0,0,0.0
358,2,0.14142135623730956,1.1102230246251565e-16,-0.0,-0.0,0.0,0,0.0
2824,2,0.14142135623730956,1.1102230246251565e-16,-0.0,-0.0,0.0,0,0.0
2833,2,0.14142135623730956,1.1102230246251565e-16,-0.0,-0.0,0.0,0,0.0
30,2,0.14142135623730956,1.1102230246251565e-16,-0.0,-0.0,0.0,0,0.0
1426,2,0.14142135623730956,1.1102230246251565e-16,-0.0,-0.0,0.0,0,0.0
2767,2,0.14142135623730956,1.1102230246251565e-16,-0.0,-0.0,0.0,0,0.0
1445,2,0.14142135623730956,1.1102230246251565e-16,-0.0,-0.0,0.0,0,0.0
1414,2,0.14142135623730956,1.1102230246251565e-16,-0.0,-0.0,0.0,0,0.0
2814,2,0.14142135623730956,1.1102230246251565e-16,-0.0,-0.0,0.0,0,0.0
3916,2,0.14142135623730956,1.1102230246251565e-16,-0.0,-0.0,0.0,0,0.0
5751,2,0.14142135623730956,1.1102230246251565e-16,-0.0,-0.0,0.0,0,0.0
2951,2,0.14142135623730956,1.1102230246251565e-16,-0.0,-0.0,0.0,0,0.0
2669,2,0.14142135623730956,1.1102230246251565e-16,-0.0,-0.0,0.0,0,0.0
896,2,0.14142135623730956,1.1102230246251565e-16,-0.0,-0.0,0.0,0,0.0
2864,2,0.14142135623730956,1.1102230246251565e-16,-0.0,-0.0,0.0,0,0.0
9145,2,0.14142135623730956,1.1102230246251565e-16,-0.0,-0.0,0.0,0,0.0
4390,2,0.14142135623730956,1.1102230246251565e-16,-0.0,-0.0,0.0,0,0.0
2473,2,0.14142135623730956,1.1102230246251565e-16,-0.0,-0.0,0.0,0,0.0
2675,2,0.14142135623730956,1.1102230246251565e-16,-0.0,-0.0,0.0,0,0.0
3152,2,0.14142135623730956,1.1102230246251565e-16,-0.0,-0.0,0.0,0,0.0
7029,2,0.14142135623730956,1.1102230246251565e-16,-0.0,-0.0,0.0,0,0.0
4600,2,0.14142135623730956,1.1102230246251565e-16,-0.0,-0.0,0.0,0,0.0
8308,2,0.14142135623730956,1.1102230246251565e-16,-0.0,-0.0,0.0,0,0.0
4444,2,0.14142135623730956,1.1102230246251565e-16,-0.0,-0.0,0.0,0,0.0
1439,2,0.14142135623730956,1.1102230246251565e-16,-0.0,-0.0,0.0,0,0.0
6504,2,0.14142135623730956,1.1102230246251565e-16,-0.0,-0.0,0.0,0,0.0
8375,2,0.14142135623730956,1.1102230246251565e-16,-0.0,-0.0,0.0,0,0.0
4614,2,0.14142135623730956,1.1102230246251565e-16,-0.0,-0.0,0.0,0,0.0
4485,2,0.14142135623730956,1.1102230246251565e-16,-0.0,-0.0,0.0,0,0.0
8332,2,0.14142135623730956,1.1102230246251565e-16,-0.0,-0.0,0.0,0,0.0
12,2,0.1414213562373095,0.0,-0.0,-0.0,0.0,0,0.0
65,2,0.1414213562373095,0.0,-0.0,-0.0,0.0,0,0.0
5,2,0.1414213562373095,0.0,-0.0,-0.0,0.0,0,0.0
4555,2,0.1414213562373095,0.0,-0.0,-0.0,0.0,0,0.0
8243,2,0.1414213562373095,0.0,-0.0,-0.0,0.0,0,0.0
8233,2,0.1414213562373095,0.0,-0.0,-0.0,0.0,0,0.0
8237,2,0.1414213562373095,0.0,-0.0,-0.0,0.0,0,0.0
5297,2,0.1414213562373095,0.0,-0.0,-0.0,0.0,0,0.0
7035,2,0.1414213562373095,0.0,-0.0,-0.0,0.0,0,0.0
7021,2,0.1414213562373095,0.0,-0.0,-0.0,0.0,0,0.0
8222,2,0.1414213562373095,0.0,-0.0,-0.0,0.0,0,0.0
8299,2,0.1414213562373095,0.0,-0.0,-0.0,0.0,0,0.0
604,2,0.1414213562373095,0.0,-0.0,-0.0,0.0,0,0.0
6014,2,0.1414213562373095,0.0,-0.0,-0.0,0.0,0,0.0
8261,2,0.1414213562373095,0.0,-0.0,-0.0,0.0,0,0.0
6001,2,0.1414213562373095,0.0,-0.0,-0.0,0.0,0,0.0
2791,2,0.1414213562373095,0.0,-0.0,-0.0,0.0,0,0.0
7009,2,0.1414213562373095,0.0,-0.0,-0.0,0.0,0,0.0
2680,2,0.1414213562373095,0.0,-0.0,-0.0,0.0,0,0.0
6037,2,0.1414213562373095,0.0,-0.0,-0.0,0.0,0,0.0
6051,2,0.1414213562373095,0.0,-0.0,-0.0,0.0,0,0.0
4564,2,0.1414213562373095,0.0,-0.0,-0.0,0.0,0,0.0
156,2,0.1414213562373095,0.0,-0.0,-0.0,0.0,0,0.0
8235,2,0.1414213562373095,0.0,-0.0,-0.0,0.0,0,0.0
8236,2,0.1414213562373095,0.0,-0.0,-0.0,0.0,0,0.0
8232,2,0.1414213562373095,0.0,-0.0,-0.0,0.0,0,0.0
8234,2,0.1414213562373095,0.0,-0.0,-0.0,0.0,0,0.0
4545,2,0.1414213562373095,0.0,-0.0,-0.0,0.0,0,0.0
2077,2,0.1414213562373095,0.0,-0.0,-0.0,0.0,0,0.0
4589,2,0.1414213562373095,0.0,-0.0,-0.0,0.0,0,0.0
2546,2,0.1414213562373095,0.0,-0.0,-0.0,0.0,0,0.0
1556,2,0.1414213562373095,0.0,-0.0,-0.0,0.0,0,0.0
5990,2,0.1414213562373095,0.0,-0.0,-0.0,0.0,0,0.0
1363,2,0.1414213562373095,0.0,-0.0,-0.0,0.0,0,0.0
1643,2,0.1414213562373095,0.0,-0.0,-0.0,0.0,0,0.0
1296,2,0.1414213562373095,0.0,-0.0,-0.0,0.0,0,0.0
6046,2,0.1414213562373095,0.0,-0.0,-0.0,0.0,0,0.0
6027,2,0.1414213562373095,0.0,-0.0,-0.0,0.0,0,0.0
6041,2,0.1414213562373095,0.0,-0.0,-0.0,0.0,0,0.0
4810,2,0.1414213562373095,0.0,-0.0,-0.0,0.0,0,0.0
4434,2,0.1414213562373095,0.0,-0.0,-0.0,0.0,0,0.0
4759,2,0.1414213562373095,0.0,-0.0,-0.0,0.0,0,0.0
5843,2,0.1414213562373095,0.0,-0.0,-0.0,0.0,0,0.0
7224,2,0.1414213562373095,0.0,-0.0,-0.0,0.0,0,0.0
5111,2,0.1414213562373095,0.0,-0.0,-0.0,0.0,0,0.0
4657,2,0.1414213562373095,0.0,-0.0,-0.0,0.0,0,0.0
8445,2,0.1414213562373095,0.0,-0.0,-0.0,0.0,0,0.0
2300,2,0.1414213562373095,0.0,-0.0,-0.0,0.0,0,0.0
4971,2,0.1414213562373095,0.0,-0.0,-0.0,0.0,0,0.0
1910,2,0.1414213562373095,0.0,-0.0,-0.0,0.0,0,0.0
7319,2,0.1414213562373095,0.0,-0.0,-0.0,0.0,0,0.0
7046,2,0.1414213562373095,0.0,-0.0,-0.0,0.0,0,0.0
7070,2,0.1414213562373095,0.0,-0.0,-0.0,0.0,0,0.0
1456,2,0.1414213562373095,0.0,-0.0,-0.0,0.0,0,0.0
3387,2,0.1414213562373095,0.0,-0.0,-0.0,0.0,0,0.0
1479,2,0.1414213562373095,0.0,-0.0,-0.0,0.0,0,0.0
6398,2,0.1414213562373095,0.0,-0.0,-0.0,0.0,0,0.0
7925,2,0.1414213562373095,0.0,-0.0,-0.0,0.0,0,0.0
1794,2,0.1414213562373095,0.0,-0.0,-0.0,0.0,0,0.0
8555,2,0.1414213562373095,0.0,-0.0,-0.0,0.0,0,0.0
983,2,0.1414213562373095,0.0,-0.0,-0.0,0.0,0,0.0
4188,2,0.1414213562373095,0.0,-0.0,-0.0,0.0,0,0.0
463,2,0.1414213562373095,0.0,-0.0,-0.0,0.0,0,0.0
7928,2,0.1414213562373095,0.0,-0.0,-0.0,0.0,0,0.0
5217,2,0.1414213562373095,0.0,-0.0,-0.0,0.0,0,0.0
7052,2,0.1414213562373095,0.0,-0.0,-0.0,0.0,0,0.0
7818,2,0.1414213562373095,0.0,-0.0,-0.0,0.0,0,0.0
37,2,0.1414213562373095,0.0,-0.0,-0.0,0.0,0,0.0
5414,2,0.1414213562373095,0.0,-0.0,-0.0,0.0,0,0.0
45,2,0.1414213562373095,0.0,-0.0,-0.0,0.0,0,0.0
5516,2,0.1414213562373095,0.0,-0.0,-0.0,0.0,0,0.0
7125,2,0.1414213562373095,0.0,-0.0,-0.0,0.0,0,0.0
7076,2,0.1414213562373095,0.0,-0.0,-0.0,0.0,0,0.0
2223,2,0.1414213562373095,0.0,-0.0,-0.0,0.0,0,0.0
7886,2,0.1414213562373095,0.0,-0.0,-0.0,0.0,0,0.0
1461,2,0.1414213562373095,0.0,-0.0,-0.0,0.0,0,0.0
1171,2,0.1414213562373095,0.0,-0.0,-0.0,0.0,0,0.0
2804,2,0.1414213562373095,0.0,-0.0,-0.0,0.0,0,0.0
2632,2,0.1414213562373095,0.0,-0.0,-0.0,0.0,0,0.0
2721,2,0.1414213562373095,0.0,-0.0,-0.0,0.0,0,0.0
8054,2,0.1414213562373095,0.0,-0.0,-0.0,0.0,0,0.0
9333,2,0.1414213562373095,0.0,-0.0,-0.0,0.0,0,0.0
1468,2,0.1414213562373095,0.0,-0.0,-0.0,0.0,0,0.0
8041,2,0.1414213562373094,-2.220446049250313e-16,-0.0,-0.0,0.0,0,0.0
9408,2,0.1414213562373094,-2.220446049250313e-16,-0.0,-0.0,0.0,0,0.0
1444,2,0.1414213562373094,-2.220446049250313e-16,-0.0,-0.0,0.0,0,0.0
1450,2,0.1414213562373094,-2.220446049250313e-16,-0.0,-0.0,0.0,0,0.0
1711,2,0.1414213562373094,-2.220446049250313e-16,-0.0,-0.0,0.0,0,0.0
7058,2,0.1414213562373094,-2.220446049250313e-16,-0.0,-0.0,0.0,0,0.0
2875,2,0.1414213562373094,-2.220446049250313e-16,-0.0,-0.0,0.0,0,0.0
7041,2,0.1414213562373094,-2.220446049250313e-16,-0.0,-0.0,0.0,0,0.0
6061,2,0.1414213562373094,-2.220446049250313e-16,-0.0,-0.0,0.0,0,0.0
6056,2,0.1414213562373094,-2.220446049250313e-16,-0.0,-0.0,0.0,0,0.0
8832,2,0.1414213562373094,-2.220446049250313e-16,-0.0,-0.0,0.0,0,0.0
8772,2,0.1414213562373094,-2.220446049250313e-16,-0.0,-0.0,0.0,0,0.0
22,2,0.1414213562373094,-2.220446049250313e-16,-0.0,-0.0,0.0,0,0.0
2747,2,0.1414213562373094,-2.220446049250313e-16,-0.0,-0.0,0.0,0,0.0
7088,2,0.1414213562373094,-2.220446049250313e-16,-0.0,-0.0,0.0,0,0.0
9392,2,0.1414213562373094,-2.220446049250313e-16,-0.0,-0.0,0.0,0,0.0
3020,2,0.1414213562373094,-2.220446049250313e-16,-0.0,-0.0,0.0,0,0.0
8291,2,0.1414213562373094,-2.220446049250313e-16,-0.0,-0.0,0.0,2,1.0
8238,2,0.1414213562373094,-2.220446049250313e-16,-0.0,-0.0,0.0,0,0.0
8210,2,0.1414213562373094,-2.220446049250313e-16,-0.0,-0.0,0.0,0,0.0
9301,2,0.1414213562373094,-2.220446049250313e-16,-0.0,-0.0,0.0,0,0.0
2842,2,0.1414213562373094,-2.220446049250313e-16,-0.0,-0.0,0.0,0,0.0
2607,2,0.1414213562373094,-2.220446049250313e-16,-0.0,-0.0,0.0,0,0.0
8922,2,0.1414213562373094,-2.220446049250313e-16,-0.0,-0.0,0.0,0,0.0
3870,2,0.1414213562373094,-2.220446049250313e-16,-0.0,-0.0,0.0,2,1.0
6087,2,0.1414213562373094,-2.220446049250313e-16,-0.0,-0.0,0.0,0,0.0
4576,2,0.1414213562373094,-2.220446049250313e-16,-0.0,-0.0,0.0,0,0.0
6660,2,0.1414213562373094,-2.220446049250313e-16,-0.0,-0.0,0.0,0,0.0
1097,2,0.1414213562373094,-2.220446049250313e-16,-0.0,-0.0,0.0,0,0.0
8185,2,0.1414213562373094,-2.220446049250313e-16,-0.0,-0.0,0.0,0,0.0
4730,2,0.1414213562373094,-2.220446049250313e-16,-0.0,-0.0,0.0,0,0.0
5495,104,0.14134285297255267,0.0007015549729769699,-0.0,0.8087983454548103,6.896728992462158,0,0.0
1211,28,0.14058553031473073,0.0004926623489149851,-0.0,0.6836324803598676,1.6209290027618408,0,0.0
4289,88,0.14000723383342856,0.0004838441785164349,-0.0,0.7891227657264254,7.27325701713562,0,0.0
5502,60,0.13930968510971012,0.0009476719391356969,-0.0,0.7531531610247719,6.5066118240356445,0,0.0
7901,112,0.13782341215438054,0.0032699796373110157,-0.0,0.7823084437114712,7.735039949417114,0,0.0
5513,112,0.13656548854090564,0.0004929516701740466,-0.0,0.7823084437114712,7.1402459144592285,0,0.0
8406,144,0.13511478288707257,0.004237711344113104,-0.0,0.7763977590937987,5.866722106933594,0,0.0
2664,136,0.13413374306315073,0.0006111052077829582,-0.0,0.7776452111924718,4.471597909927368,0,0.0
4222,138,0.13341853536841775,0.0007160203172382751,-0.0,0.7736982402632993,1.185089111328125,0,0.0
377,72,0.13279009883269643,0.0009947339602908167,-0.0,0.724634624154699,5.54751992225647,0,0.0
4902,72,0.13266180958420035,0.0008594187393686781,-0.0,0.724634624154699,0.6949071884155273,0,0.0
4220,168,0.13178903296563427,0.0006594905358580094,-0.0,0.7732928294988723,4.896201848983765,0,0.0
424,184,0.1308109829879319,0.0005881083276344512,-0.0,0.7716260535303364,4.192602872848511,0,0.0
3300,68,0.13049014763115407,0.0009440658491021159,-0.0,0.7051386464557544,2.9490139484405518,0,0.0
205,80,0.1304704742243819,0.0006632495368057434,-0.0,0.718453978928621,3.112942934036255,0,0.0
9300,17,0.12992227086760483,0.006550902992141783,-0.0,0.5225593745369408,6.0,0,0.0
5645,17,0.1293011451594069,0.005232352035652532,-0.0,0.5225593745369408,4.0,0,0.0
7455,90,0.12889756609333042,0.0037118378420089027,-0.0,0.7074426950750753,2.0868289470672607,0,0.0
7147,68,0.1287301181191529,0.004421730595941198,-0.0,0.6829088297290057,3.6325719356536865,0,0.0
5467,88,0.12870387688681176,0.0006542062972946239,-0.0,0.7132476540834156,7.363029956817627,0,0.0
3292,76,0.12807495824966814,0.001686681589566752,-0.0,0.6953571854206118,5.097624063491821,0,0.0
3278,108,0.12709450805102068,0.0008335349641647172,-0.0,0.7159008848825839,6.427844047546387,0,0.0
5231,86,0.12677803417457786,0.0006303275508700024,-0.0,0.6988861467404065,6.833528995513916,0,0.0
7149,92,0.12472632608394507,0.00392392255388796,-0.0,0.6800944571437153,6.836468935012817,0,0.0
7832,152,0.121283433569494,0.0035014370631143432,-0.0,0.6894875044540327,4.501375913619995,0,0.0
4918,96,0.12053824756570211,0.0008397787394787137,-0.0,0.6646808651872917,3.2978038787841797,0,0.0
6713,168,0.1201238414757379,0.0037490442350279762,-0.0,0.6860969792734856,6.6160571575164795,0,0.0
7471,176,0.1194368323206051,0.003484885855255304,-0.0,0.6846074050771154,7.340810060501099,0,0.0
6178,3,0.11654180148520403,0.0022273404507431316,-0.0,-0.0,5.0,0,0.0
3833,3,0.11620391806556672,0.0014764884071046813,-0.0,-0.0,5.0,0,0.0
5227,120,0.11617373373336974,0.0005972706411578876,-0.0,0.6504944782382286,5.282757043838501,0,0.0
7961,3,0.11606790415034451,0.0011742352621664232,-0.0,-0.0,5.0,0,0.0
6875,3,0.11590002029888974,0.0008011600367113791,-0.0,-0.0,5.0,0,0.0
7680,3,0.11584906773513323,0.0006879321172524877,-0.0,-0.0,5.0,0,0.0
8270,3,0.11574865202018368,0.0005882428741547097,-0.0,-0.0,1.0,0,0.0
9035,3,0.11571343217359435,0.00038651975827719287,-0.0,-0.0,5.0,0,0.0
51,3,0.11558595546516709,0.00010323818399438078,-0.0,-0.0,5.0,0,0.0
3554,265,0.11556478183548799,0.007335005616006973,0.1953371941946118,0.4705142943295122,7.229065895080566,257,0.969811320754717
4090,3,0.115564172142328,5.483079990753481e-05,-0.0,-0.0,5.0,0,0.0
4394,3,0.11550289858572885,7.298832845259451e-05,-0.0,-0.0,0.0,0,0.0
4139,3,0.1154864654564308,3.647026334585579e-05,-0.0,-0.0,0.0,0,0.0
3481,3,0.11547006393716643,2.2442758318419465e-08,-0.0,-0.0,0.0,0,0.0
3555,3,0.11547005452736993,1.5320994473100313e-09,-0.0,-0.0,0.0,0,0.0
9427,3,0.11547005383792673,3.4416913763379853e-15,-0.0,-0.0,0.0,0,0.0
5780,3,0.11547005383792658,3.1086244689504383e-15,-0.0,-0.0,0.0,0,0.0
9409,3,0.11547005383792612,2.1094237467877974e-15,-0.0,-0.0,0.0,0,0.0
5744,3,0.11547005383792612,2.1094237467877974e-15,-0.0,-0.0,0.0,0,0.0
5835,3,0.11547005383792612,2.1094237467877974e-15,-0.0,-0.0,0.0,0,0.0
5859,3,0.11547005383792612,2.1094237467877974e-15,-0.0,-0.0,0.0,0,0.0
9411,3,0.11547005383792602,1.887379141862766e-15,-0.0,-0.0,0.0,0,0.0
9405,3,0.11547005383792602,1.887379141862766e-15,-0.0,-0.0,0.0,0,0.0
5891,3,0.11547005383792598,1.7763568394002505e-15,-0.0,-0.0,0.0,0,0.0
5991,3,0.11547005383792577,1.3322676295501878e-15,-0.0,-0.0,0.0,0,0.0
5968,3,0.11547005383792577,1.3322676295501878e-15,-0.0,-0.0,0.0,0,0.0
5851,3,0.11547005383792573,1.2212453270876722e-15,-0.0,-0.0,0.0,0,0.0
5768,3,0.11547005383792573,1.2212453270876722e-15,-0.0,-0.0,0.0,0,0.0
5926,3,0.11547005383792573,1.2212453270876722e-15,-0.0,-0.0,0.0,0,0.0
5806,3,0.11547005383792573,1.2212453270876722e-15,-0.0,-0.0,0.0,0,0.0
5823,3,0.11547005383792573,1.2212453270876722e-15,-0.0,-0.0,0.0,0,0.0
5899,3,0.11547005383792573,1.2212453270876722e-15,-0.0,-0.0,0.0,0,0.0
5700,3,0.11547005383792562,9.992007221626409e-16,-0.0,-0.0,0.0,0,0.0
9422,3,0.11547005383792562,9.992007221626409e-16,-0.0,-0.0,0.0,0,0.0
5903,3,0.11547005383792562,9.992007221626409e-16,-0.0,-0.0,0.0,0,0.0
5931,3,0.11547005383792562,9.992007221626409e-16,-0.0,-0.0,0.0,0,0.0
5825,3,0.11547005383792562,9.992007221626409e-16,-0.0,-0.0,0.0,0,0.0
5876,3,0.11547005383792562,9.992007221626409e-16,-0.0,-0.0,0.0,0,0.0
5779,3,0.11547005383792562,9.992007221626409e-16,-0.0,-0.0,0.0,0,0.0
9426,3,0.11547005383792558,8.881784197001252e-16,-0.0,-0.0,0.0,0,0.0
9420,3,0.11547005383792558,8.881784197001252e-16,-0.0,-0.0,0.0,0,0.0
5726,3,0.11547005383792558,8.881784197001252e-16,-0.0,-0.0,0.0,0,0.0
5718,3,0.11547005383792558,8.881784197001252e-16,-0.0,-0.0,0.0,0,0.0
5911,3,0.11547005383792558,8.881784197001252e-16,-0.0,-0.0,0.0,0,0.0
5956,3,0.11547005383792558,8.881784197001252e-16,-0.0,-0.0,0.0,0,0.0
5904,3,0.11547005383792558,8.881784197001252e-16,-0.0,-0.0,0.0,0,0.0
5723,3,0.11547005383792552,7.771561172376096e-16,-0.0,-0.0,0.0,0,0.0
5815,3,0.11547005383792552,7.771561172376096e-16,-0.0,-0.0,0.0,0,0.0
5875,3,0.11547005383792552,7.771561172376096e-16,-0.0,-0.0,0.0,0,0.0
5697,3,0.11547005383792552,7.771561172376096e-16,-0.0,-0.0,0.0,0,0.0
5822,3,0.11547005383792543,5.551115123125783e-16,-0.0,-0.0,0.0,0,0.0
5888,3,0.11547005383792543,5.551115123125783e-16,-0.0,-0.0,0.0,0,0.0
5734,3,0.11547005383792537,4.440892098500626e-16,-0.0,-0.0,0.0,0,0.0
5818,3,0.11547005383792537,4.440892098500626e-16,-0.0,-0.0,0.0,0,0.0
5814,3,0.11547005383792537,4.440892098500626e-16,-0.0,-0.0,0.0,0,0.0
5799,3,0.11547005383792537,4.440892098500626e-16,-0.0,-0.0,0.0,0,0.0
5927,3,0.11547005383792537,4.440892098500626e-16,-0.0,-0.0,0.0,0,0.0
5711,3,0.11547005383792537,4.440892098500626e-16,-0.0,-0.0,0.0,0,0.0
5810,3,0.11547005383792537,4.440892098500626e-16,-0.0,-0.0,0.0,0,0.0
5849,3,0.11547005383792537,4.440892098500626e-16,-0.0,-0.0,0.0,0,0.0
5985,3,0.11547005383792537,4.440892098500626e-16,-0.0,-0.0,0.0,0,0.0
5898,3,0.11547005383792537,4.440892098500626e-16,-0.0,-0.0,0.0,0,0.0
5908,3,0.11547005383792537,4.440892098500626e-16,-0.0,-0.0,0.0,0,0.0
5976,3,0.11547005383792537,4.440892098500626e-16,-0.0,-0.0,0.0,0,0.0
5975,3,0.11547005383792537,4.440892098500626e-16,-0.0,-0.0,0.0,0,0.0
3000,3,0.11547005383792533,3.3306690738754696e-16,-0.0,-0.0,0.0,0,0.0
5966,3,0.11547005383792533,3.3306690738754696e-16,-0.0,-0.0,0.0,0,0.0
5981,3,0.11547005383792533,3.3306690738754696e-16,-0.0,-0.0,0.0,0,0.0
5978,3,0.11547005383792533,3.3306690738754696e-16,-0.0,-0.0,0.0,0,0.0
4520,3,0.11547005383792533,3.3306690738754696e-16,-0.0,-0.0,0.0,0,0.0
4519,3,0.11547005383792533,3.3306690738754696e-16,-0.0,-0.0,0.0,0,0.0
846,3,0.11547005383792533,3.3306690738754696e-16,-0.0,-0.0,0.0,0,0.0
845,3,0.11547005383792533,3.3306690738754696e-16,-0.0,-0.0,0.0,0,0.0
4501,3,0.11547005383792533,3.3306690738754696e-16,-0.0,-0.0,0.0,0,0.0
1364,3,0.11547005383792533,3.3306690738754696e-16,-0.0,-0.0,0.0,0,0.0
2998,3,0.11547005383792533,3.3306690738754696e-16,-0.0,-0.0,0.0,0,0.0
3001,3,0.11547005383792533,3.3306690738754696e-16,-0.0,-0.0,0.0,0,0.0
3006,3,0.11547005383792533,3.3306690738754696e-16,-0.0,-0.0,0.0,0,0.0
3012,3,0.11547005383792533,3.3306690738754696e-16,-0.0,-0.0,0.0,0,0.0
131,3,0.11547005383792533,3.3306690738754696e-16,-0.0,-0.0,0.0,0,0.0
133,3,0.11547005383792533,3.3306690738754696e-16,-0.0,-0.0,0.0,0,0.0
137,3,0.11547005383792533,3.3306690738754696e-16,-0.0,-0.0,0.0,0,0.0
1569,3,0.11547005383792533,3.3306690738754696e-16,-0.0,-0.0,0.0,0,0.0
1571,3,0.11547005383792533,3.3306690738754696e-16,-0.0,-0.0,0.0,0,0.0
1573,3,0.11547005383792533,3.3306690738754696e-16,-0.0,-0.0,0.0,0,0.0
1577,3,0.11547005383792533,3.3306690738754696e-16,-0.0,-0.0,0.0,0,0.0
1591,3,0.11547005383792533,3.3306690738754696e-16,-0.0,-0.0,0.0,0,0.0
5920,3,0.11547005383792533,3.3306690738754696e-16,-0.0,-0.0,0.0,0,0.0
1592,3,0.11547005383792533,3.3306690738754696e-16,-0.0,-0.0,0.0,0,0.0
1595,3,0.11547005383792533,3.3306690738754696e-16,-0.0,-0.0,0.0,0,0.0
5987,3,0.11547005383792533,3.3306690738754696e-16,-0.0,-0.0,0.0,0,0.0
4471,3,0.11547005383792533,3.3306690738754696e-16,-0.0,-0.0,0.0,0,0.0
4488,3,0.11547005383792533,3.3306690738754696e-16,-0.0,-0.0,0.0,0,0.0
4480,3,0.11547005383792533,3.3306690738754696e-16,-0.0,-0.0,0.0,0,0.0
660,3,0.11547005383792533,3.3306690738754696e-16,-0.0,-0.0,0.0,0,0.0
661,3,0.11547005383792533,3.3306690738754696e-16,-0.0,-0.0,0.0,0,0.0
662,3,0.11547005383792533,3.3306690738754696e-16,-0.0,-0.0,0.0,0,0.0
668,3,0.11547005383792533,3.3306690738754696e-16,-0.0,-0.0,0.0,0,0.0
2310,3,0.11547005383792533,3.3306690738754696e-16,-0.0,-0.0,0.0,0,0.0
619,3,0.11547005383792533,3.3306690738754696e-16,-0.0,-0.0,0.0,0,0.0
622,3,0.11547005383792533,3.3306690738754696e-16,-0.0,-0.0,0.0,0,0.0
625,3,0.11547005383792533,3.3306690738754696e-16,-0.0,-0.0,0.0,0,0.0
2965,3,0.11547005383792533,3.3306690738754696e-16,-0.0,-0.0,0.0,0,0.0
634,3,0.11547005383792533,3.3306690738754696e-16,-0.0,-0.0,0.0,0,0.0
609,3,0.11547005383792533,3.3306690738754696e-16,-0.0,-0.0,0.0,0,0.0
612,3,0.11547005383792533,3.3306690738754696e-16,-0.0,-0.0,0.0,0,0.0
2344,3,0.11547005383792533,3.3306690738754696e-16,-0.0,-0.0,0.0,0,0.0
4424,3,0.11547005383792533,3.3306690738754696e-16,-0.0,-0.0,0.0,0,0.0
4425,3,0.11547005383792533,3.3306690738754696e-16,-0.0,-0.0,0.0,0,0.0
4419,3,0.11547005383792533,3.3306690738754696e-16,-0.0,-0.0,0.0,0,0.0
4421,3,0.11547005383792533,3.3306690738754696e-16,-0.0,-0.0,0.0,0,0.0
4408,3,0.11547005383792533,3.3306690738754696e-16,-0.0,-0.0,0.0,0,0.0
4414,3,0.11547005383792533,3.3306690738754696e-16,-0.0,-0.0,0.0,0,0.0
1505,3,0.11547005383792533,3.3306690738754696e-16,-0.0,-0.0,0.0,0,0.0
627,3,0.11547005383792533,3.3306690738754696e-16,-0.0,-0.0,0.0,0,0.0
1372,3,0.11547005383792533,3.3306690738754696e-16,-0.0,-0.0,0.0,0,0.0
1373,3,0.11547005383792533,3.3306690738754696e-16,-0.0,-0.0,0.0,0,0.0
138,3,0.11547005383792533,3.3306690738754696e-16,-0.0,-0.0,0.0,0,0.0
145,3,0.11547005383792533,3.3306690738754696e-16,-0.0,-0.0,0.0,0,0.0
2948,3,0.11547005383792533,3.3306690738754696e-16,-0.0,-0.0,0.0,0,0.0
147,3,0.11547005383792533,3.3306690738754696e-16,-0.0,-0.0,0.0,0,0.0
2953,3,0.11547005383792533,3.3306690738754696e-16,-0.0,-0.0,0.0,0,0.0
4514,3,0.11547005383792533,3.3306690738754696e-16,-0.0,-0.0,0.0,0,0.0
2947,3,0.11547005383792533,3.3306690738754696e-16,-0.0,-0.0,0.0,0,0.0
2970,3,0.11547005383792533,3.3306690738754696e-16,-0.0,-0.0,0.0,0,0.0
5953,3,0.11547005383792533,3.3306690738754696e-16,-0.0,-0.0,0.0,0,0.0
4470,3,0.11547005383792533,3.3306690738754696e-16,-0.0,-0.0,0.0,0,0.0
4531,3,0.11547005383792533,3.3306690738754696e-16,-0.0,-0.0,0.0,0,0.0
4533,3,0.11547005383792533,3.3306690738754696e-16,-0.0,-0.0,0.0,0,0.0
4516,3,0.11547005383792533,3.3306690738754696e-16,-0.0,-0.0,0.0,0,0.0
4518,3,0.11547005383792533,3.3306690738754696e-16,-0.0,-0.0,0.0,0,0.0
2352,3,0.11547005383792533,3.3306690738754696e-16,-0.0,-0.0,0.0,0,0.0
2355,3,0.11547005383792533,3.3306690738754696e-16,-0.0,-0.0,0.0,0,0.0
2356,3,0.11547005383792533,3.3306690738754696e-16,-0.0,-0.0,0.0,0,0.0
2336,3,0.11547005383792533,3.3306690738754696e-16,-0.0,-0.0,0.0,0,0.0
638,3,0.11547005383792533,3.3306690738754696e-16,-0.0,-0.0,0.0,0,0.0
591,3,0.11547005383792533,3.3306690738754696e-16,-0.0,-0.0,0.0,0,0.0
4476,3,0.11547005383792533,3.3306690738754696e-16,-0.0,-0.0,0.0,0,0.0
4512,3,0.11547005383792533,3.3306690738754696e-16,-0.0,-0.0,0.0,0,0.0
1339,3,0.11547005383792533,3.3306690738754696e-16,-0.0,-0.0,0.0,0,0.0
1325,3,0.11547005383792533,3.3306690738754696e-16,-0.0,-0.0,0.0,0,0.0
1330,3,0.11547005383792533,3.3306690738754696e-16,-0.0,-0.0,0.0,0,0.0
1332,3,0.11547005383792533,3.3306690738754696e-16,-0.0,-0.0,0.0,0,0.0
5838,3,0.11547005383792533,3.3306690738754696e-16,-0.0,-0.0,0.0,0,0.0
1336,3,0.11547005383792533,3.3306690738754696e-16,-0.0,-0.0,0.0,0,0.0
5834,3,0.11547005383792533,3.3306690738754696e-16,-0.0,-0.0,0.0,0,0.0
5837,3,0.11547005383792533,3.3306690738754696e-16,-0.0,-0.0,0.0,0,0.0
5862,3,0.11547005383792533,3.3306690738754696e-16,-0.0,-0.0,0.0,0,0.0
4676,3,0.11547005383792533,3.3306690738754696e-16,-0.0,-0.0,0.0,0,0.0
2098,3,0.11547005383792533,3.3306690738754696e-16,-0.0,-0.0,0.0,0,0.0
4679,3,0.11547005383792533,3.3306690738754696e-16,-0.0,-0.0,0.0,0,0.0
539,3,0.11547005383792533,3.3306690738754696e-16,-0.0,-0.0,0.0,0,0.0
4620,3,0.11547005383792533,3.3306690738754696e-16,-0.0,-0.0,0.0,0,0.0
4624,3,0.11547005383792533,3.3306690738754696e-16,-0.0,-0.0,0.0,0,0.0
2078,3,0.11547005383792533,3.3306690738754696e-16,-0.0,-0.0,0.0,0,0.0
4643,3,0.11547005383792533,3.3306690738754696e-16,-0.0,-0.0,0.0,0,0.0
4625,3,0.11547005383792533,3.3306690738754696e-16,-0.0,-0.0,0.0,0,0.0
4626,3,0.11547005383792533,3.3306690738754696e-16,-0.0,-0.0,0.0,0,0.0
4628,3,0.11547005383792533,3.3306690738754696e-16,-0.0,-0.0,0.0,0,0.0
4632,3,0.11547005383792533,3.3306690738754696e-16,-0.0,-0.0,0.0,0,0.0
4642,3,0.11547005383792533,3.3306690738754696e-16,-0.0,-0.0,0.0,0,0.0
4677,3,0.11547005383792533,3.3306690738754696e-16,-0.0,-0.0,0.0,0,0.0
4690,3,0.11547005383792533,3.3306690738754696e-16,-0.0,-0.0,0.0,0,0.0
912,3,0.11547005383792533,3.3306690738754696e-16,-0.0,-0.0,0.0,0,0.0
4695,3,0.11547005383792533,3.3306690738754696e-16,-0.0,-0.0,0.0,0,0.0
4696,3,0.11547005383792533,3.3306690738754696e-16,-0.0,-0.0,0.0,0,0.0
4697,3,0.11547005383792533,3.3306690738754696e-16,-0.0,-0.0,0.0,0,0.0
4686,3,0.11547005383792533,3.3306690738754696e-16,-0.0,-0.0,0.0,0,0.0
2035,3,0.11547005383792533,3.3306690738754696e-16,-0.0,-0.0,0.0,0,0.0
926,3,0.11547005383792533,3.3306690738754696e-16,-0.0,-0.0,0.0,0,0.0
4661,3,0.11547005383792533,3.3306690738754696e-16,-0.0,-0.0,0.0,0,0.0
4648,3,0.11547005383792533,3.3306690738754696e-16,-0.0,-0.0,0.0,0,0.0
3053,3,0.11547005383792533,3.3306690738754696e-16,-0.0,-0.0,0.0,0,0.0
5900,3,0.11547005383792533,3.3306690738754696e-16,-0.0,-0.0,0.0,0,0.0
1318,3,0.11547005383792533,3.3306690738754696e-16,-0.0,-0.0,0.0,0,0.0
1320,3,0.11547005383792533,3.3306690738754696e-16,-0.0,-0.0,0.0,0,0.0
1323,3,0.11547005383792533,3.3306690738754696e-16,-0.0,-0.0,0.0,0,0.0
185,3,0.11547005383792533,3.3306690738754696e-16,-0.0,-0.0,0.0,0,0.0
165,3,0.11547005383792533,3.3306690738754696e-16,-0.0,-0.0,0.0,0,0.0
169,3,0.11547005383792533,3.3306690738754696e-16,-0.0,-0.0,0.0,0,0.0
189,3,0.11547005383792533,3.3306690738754696e-16,-0.0,-0.0,0.0,0,0.0
3072,3,0.11547005383792533,3.3306690738754696e-16,-0.0,-0.0,0.0,0,0.0
3060,3,0.11547005383792533,3.3306690738754696e-16,-0.0,-0.0,0.0,0,0.0
3041,3,0.11547005383792533,3.3306690738754696e-16,-0.0,-0.0,0.0,0,0.0
4674,3,0.11547005383792533,3.3306690738754696e-16,-0.0,-0.0,0.0,0,0.0
2063,3,0.11547005383792533,3.3306690738754696e-16,-0.0,-0.0,0.0,0,0.0
534,3,0.11547005383792533,3.3306690738754696e-16,-0.0,-0.0,0.0,0,0.0
535,3,0.11547005383792533,3.3306690738754696e-16,-0.0,-0.0,0.0,0,0.0
543,3,0.11547005383792533,3.3306690738754696e-16,-0.0,-0.0,0.0,0,0.0
7629,3,0.11547005383792533,3.3306690738754696e-16,-0.0,-0.0,0.0,0,0.0
2083,3,0.11547005383792533,3.3306690738754696e-16,-0.0,-0.0,0.0,0,0.0
2088,3,0.11547005383792533,3.3306690738754696e-16,-0.0,-0.0,0.0,0,0.0
2089,3,0.11547005383792533,3.3306690738754696e-16,-0.0,-0.0,0.0,0,0.0
4536,3,0.11547005383792533,3.3306690738754696e-16,-0.0,-0.0,0.0,0,0.0
1564,3,0.11547005383792533,3.3306690738754696e-16,-0.0,-0.0,0.0,0,0.0
888,3,0.11547005383792533,3.3306690738754696e-16,-0.0,-0.0,0.0,0,0.0
2133,3,0.11547005383792533,3.3306690738754696e-16,-0.0,-0.0,0.0,0,0.0
2138,3,0.11547005383792533,3.3306690738754696e-16,-0.0,-0.0,0.0,0,0.0
834,3,0.11547005383792533,3.3306690738754696e-16,-0.0,-0.0,0.0,0,0.0
835,3,0.11547005383792533,3.3306690738754696e-16,-0.0,-0.0,0.0,0,0.0
581,3,0.11547005383792533,3.3306690738754696e-16,-0.0,-0.0,0.0,0,0.0
587,3,0.11547005383792533,3.3306690738754696e-16,-0.0,-0.0,0.0,0,0.0
547,3,0.11547005383792533,3.3306690738754696e-16,-0.0,-0.0,0.0,0,0.0
545,3,0.11547005383792533,3.3306690738754696e-16,-0.0,-0.0,0.0,0,0.0
559,3,0.11547005383792533,3.3306690738754696e-16,-0.0,-0.0,0.0,0,0.0
852,3,0.11547005383792533,3.3306690738754696e-16,-0.0,-0.0,0.0,0,0.0
853,3,0.11547005383792533,3.3306690738754696e-16,-0.0,-0.0,0.0,0,0.0
2120,3,0.11547005383792533,3.3306690738754696e-16,-0.0,-0.0,0.0,0,0.0
871,3,0.11547005383792533,3.3306690738754696e-16,-0.0,-0.0,0.0,0,0.0
872,3,0.11547005383792533,3.3306690738754696e-16,-0.0,-0.0,0.0,0,0.0
2049,3,0.11547005383792533,3.3306690738754696e-16,-0.0,-0.0,0.0,0,0.0
2052,3,0.11547005383792533,3.3306690738754696e-16,-0.0,-0.0,0.0,0,0.0
2103,3,0.11547005383792533,3.3306690738754696e-16,-0.0,-0.0,0.0,0,0.0
2108,3,0.11547005383792533,3.3306690738754696e-16,-0.0,-0.0,0.0,0,0.0
3037,3,0.11547005383792533,3.3306690738754696e-16,-0.0,-0.0,0.0,0,0.0
3031,3,0.11547005383792533,3.3306690738754696e-16,-0.0,-0.0,0.0,0,0.0
3034,3,0.11547005383792533,3.3306690738754696e-16,-0.0,-0.0,0.0,0,0.0
3067,3,0.11547005383792533,3.3306690738754696e-16,-0.0,-0.0,0.0,0,0.0
2062,3,0.11547005383792533,3.3306690738754696e-16,-0.0,-0.0,0.0,0,0.0
2544,3,0.11547005383792533,3.3306690738754696e-16,-0.0,-0.0,0.0,0,0.0
2532,3,0.11547005383792533,3.3306690738754696e-16,-0.0,-0.0,0.0,0,0.0
3035,3,0.11547005383792533,3.3306690738754696e-16,-0.0,-0.0,0.0,0,0.0
5870,3,0.11547005383792533,3.3306690738754696e-16,-0.0,-0.0,0.0,0,0.0
5901,3,0.11547005383792533,3.3306690738754696e-16,-0.0,-0.0,0.0,0,0.0
5889,3,0.11547005383792533,3.3306690738754696e-16,-0.0,-0.0,0.0,0,0.0
5878,3,0.11547005383792533,3.3306690738754696e-16,-0.0,-0.0,0.0,0,0.0
5881,3,0.11547005383792533,3.3306690738754696e-16,-0.0,-0.0,0.0,0,0.0
1312,3,0.11547005383792533,3.3306690738754696e-16,-0.0,-0.0,0.0,0,0.0
1314,3,0.11547005383792533,3.3306690738754696e-16,-0.0,-0.0,0.0,0,0.0
5896,3,0.11547005383792533,3.3306690738754696e-16,-0.0,-0.0,0.0,0,0.0
3068,3,0.11547005383792533,3.3306690738754696e-16,-0.0,-0.0,0.0,0,0.0
1404,3,0.11547005383792533,3.3306690738754696e-16,-0.0,-0.0,0.0,0,0.0
2622,3,0.11547005383792533,3.3306690738754696e-16,-0.0,-0.0,0.0,0,0.0
2623,3,0.11547005383792533,3.3306690738754696e-16,-0.0,-0.0,0.0,0,0.0
2579,3,0.11547005383792533,3.3306690738754696e-16,-0.0,-0.0,0.0,0,0.0
2883,3,0.11547005383792533,3.3306690738754696e-16,-0.0,-0.0,0.0,0,0.0
2888,3,0.11547005383792533,3.3306690738754696e-16,-0.0,-0.0,0.0,0,0.0
2878,3,0.11547005383792533,3.3306690738754696e-16,-0.0,-0.0,0.0,0,0.0
2880,3,0.11547005383792533,3.3306690738754696e-16,-0.0,-0.0,0.0,0,0.0
2898,3,0.11547005383792533,3.3306690738754696e-16,-0.0,-0.0,0.0,0,0.0
2881,3,0.11547005383792533,3.3306690738754696e-16,-0.0,-0.0,0.0,0,0.0
2882,3,0.11547005383792533,3.3306690738754696e-16,-0.0,-0.0,0.0,0,0.0
2921,3,0.11547005383792533,3.3306690738754696e-16,-0.0,-0.0,0.0,0,0.0
4143,3,0.11547005383792533,3.3306690738754696e-16,-0.0,-0.0,0.0,0,0.0
4146,3,0.11547005383792533,3.3306690738754696e-16,-0.0,-0.0,0.0,0,0.0
4169,3,0.11547005383792533,3.3306690738754696e-16,-0.0,-0.0,0.0,0,0.0
2628,3,0.11547005383792533,3.3306690738754696e-16,-0.0,-0.0,0.0,0,0.0
2271,3,0.11547005383792533,3.3306690738754696e-16,-0.0,-0.0,0.0,0,0.0
4066,3,0.11547005383792533,3.3306690738754696e-16,-0.0,-0.0,0.0,0,0.0
4069,3,0.11547005383792533,3.3306690738754696e-16,-0.0,-0.0,0.0,0,0.0
4095,3,0.11547005383792533,3.3306690738754696e-16,-0.0,-0.0,0.0,0,0.0
3980,3,0.11547005383792533,3.3306690738754696e-16,-0.0,-0.0,0.0,0,0.0
718,3,0.11547005383792533,3.3306690738754696e-16,-0.0,-0.0,0.0,0,0.0
2774,3,0.11547005383792533,3.3306690738754696e-16,-0.0,-0.0,0.0,0,0.0
706,3,0.11547005383792533,3.3306690738754696e-16,-0.0,-0.0,0.0,0,0.0
1484,3,0.11547005383792533,3.3306690738754696e-16,-0.0,-0.0,0.0,0,0.0
2910,3,0.11547005383792533,3.3306690738754696e-16,-0.0,-0.0,0.0,0,0.0
1525,3,0.11547005383792533,3.3306690738754696e-16,-0.0,-0.0,0.0,0,0.0
1529,3,0.11547005383792533,3.3306690738754696e-16,-0.0,-0.0,0.0,0,0.0
2214,3,0.11547005383792533,3.3306690738754696e-16,-0.0,-0.0,0.0,0,0.0
2219,3,0.11547005383792533,3.3306690738754696e-16,-0.0,-0.0,0.0,0,0.0
784,3,0.11547005383792533,3.3306690738754696e-16,-0.0,-0.0,0.0,0,0.0
791,3,0.11547005383792533,3.3306690738754696e-16,-0.0,-0.0,0.0,0,0.0
2228,3,0.11547005383792533,3.3306690738754696e-16,-0.0,-0.0,0.0,0,0.0
2229,3,0.11547005383792533,3.3306690738754696e-16,-0.0,-0.0,0.0,0,0.0
2231,3,0.11547005383792533,3.3306690738754696e-16,-0.0,-0.0,0.0,0,0.0
3932,3,0.11547005383792533,3.3306690738754696e-16,-0.0,-0.0,0.0,0,0.0
2284,3,0.11547005383792533,3.3306690738754696e-16,-0.0,-0.0,0.0,0,0.0
1401,3,0.11547005383792533,3.3306690738754696e-16,-0.0,-0.0,0.0,0,0.0
2275,3,0.11547005383792533,3.3306690738754696e-16,-0.0,-0.0,0.0,0,0.0
3928,3,0.11547005383792533,3.3306690738754696e-16,-0.0,-0.0,0.0,0,0.0
2292,3,0.11547005383792533,3.3306690738754696e-16,-0.0,-0.0,0.0,0,0.0
2280,3,0.11547005383792533,3.3306690738754696e-16,-0.0,-0.0,0.0,0,0.0
672,3,0.11547005383792533,3.3306690738754696e-16,-0.0,-0.0,0.0,0,0.0
673,3,0.11547005383792533,3.3306690738754696e-16,-0.0,-0.0,0.0,0,0.0
4189,3,0.11547005383792533,3.3306690738754696e-16,-0.0,-0.0,0.0,0,0.0
4193,3,0.11547005383792533,3.3306690738754696e-16,-0.0,-0.0,0.0,0,0.0
4196,3,0.11547005383792533,3.3306690738754696e-16,-0.0,-0.0,0.0,0,0.0
4183,3,0.11547005383792533,3.3306690738754696e-16,-0.0,-0.0,0.0,0,0.0
4202,3,0.11547005383792533,3.3306690738754696e-16,-0.0,-0.0,0.0,0,0.0
4206,3,0.11547005383792533,3.3306690738754696e-16,-0.0,-0.0,0.0,0,0.0
2273,3,0.11547005383792533,3.3306690738754696e-16,-0.0,-0.0,0.0,0,0.0
1428,3,0.11547005383792533,3.3306690738754696e-16,-0.0,-0.0,0.0,0,0.0
2660,3,0.11547005383792533,3.3306690738754696e-16,-0.0,-0.0,0.0,0,0.0
2694,3,0.11547005383792533,3.3306690738754696e-16,-0.0,-0.0,0.0,0,0.0
2695,3,0.11547005383792533,3.3306690738754696e-16,-0.0,-0.0,0.0,0,0.0
1680,3,0.11547005383792533,3.3306690738754696e-16,-0.0,-0.0,0.0,0,0.0
1668,3,0.11547005383792533,3.3306690738754696e-16,-0.0,-0.0,0.0,0,0.0
1233,3,0.11547005383792533,3.3306690738754696e-16,-0.0,-0.0,0.0,0,0.0
1688,3,0.11547005383792533,3.3306690738754696e-16,-0.0,-0.0,0.0,0,0.0
1691,3,0.11547005383792533,3.3306690738754696e-16,-0.0,-0.0,0.0,0,0.0
1692,3,0.11547005383792533,3.3306690738754696e-16,-0.0,-0.0,0.0,0,0.0
2490,3,0.11547005383792533,3.3306690738754696e-16,-0.0,-0.0,0.0,0,0.0
4001,3,0.11547005383792533,3.3306690738754696e-16,-0.0,-0.0,0.0,0,0.0
2492,3,0.11547005383792533,3.3306690738754696e-16,-0.0,-0.0,0.0,0,0.0
3212,3,0.11547005383792533,3.3306690738754696e-16,-0.0,-0.0,0.0,0,0.0
3215,3,0.11547005383792533,3.3306690738754696e-16,-0.0,-0.0,0.0,0,0.0
3201,3,0.11547005383792533,3.3306690738754696e-16,-0.0,-0.0,0.0,0,0.0
5518,3,0.11547005383792533,3.3306690738754696e-16,-0.0,-0.0,0.0,0,0.0
5526,3,0.11547005383792533,3.3306690738754696e-16,-0.0,-0.0,0.0,0,0.0
5530,3,0.11547005383792533,3.3306690738754696e-16,-0.0,-0.0,0.0,0,0.0
5532,3,0.11547005383792533,3.3306690738754696e-16,-0.0,-0.0,0.0,0,0.0
5548,3,0.11547005383792533,3.3306690738754696e-16,-0.0,-0.0,0.0,0,0.0
5556,3,0.11547005383792533,3.3306690738754696e-16,-0.0,-0.0,0.0,0,0.0
5543,3,0.11547005383792533,3.3306690738754696e-16,-0.0,-0.0,0.0,0,0.0
1727,3,0.11547005383792533,3.3306690738754696e-16,-0.0,-0.0,0.0,0,0.0
2491,3,0.11547005383792533,3.3306690738754696e-16,-0.0,-0.0,0.0,0,0.0
4002,3,0.11547005383792533,3.3306690738754696e-16,-0.0,-0.0,0.0,0,0.0
3987,3,0.11547005383792533,3.3306690738754696e-16,-0.0,-0.0,0.0,0,0.0
3971,3,0.11547005383792533,3.3306690738754696e-16,-0.0,-0.0,0.0,0,0.0
3972,3,0.11547005383792533,3.3306690738754696e-16,-0.0,-0.0,0.0,0,0.0
4004,3,0.11547005383792533,3.3306690738754696e-16,-0.0,-0.0,0.0,0,0.0
2257,3,0.11547005383792533,3.3306690738754696e-16,-0.0,-0.0,0.0,0,0.0
2242,3,0.11547005383792533,3.3306690738754696e-16,-0.0,-0.0,0.0,0,0.0
4050,3,0.11547005383792533,3.3306690738754696e-16,-0.0,-0.0,0.0,0,0.0
4053,3,0.11547005383792533,3.3306690738754696e-16,-0.0,-0.0,0.0,0,0.0
4055,3,0.11547005383792533,3.3306690738754696e-16,-0.0,-0.0,0.0,0,0.0
2267,3,0.11547005383792533,3.3306690738754696e-16,-0.0,-0.0,0.0,0,0.0
2270,3,0.11547005383792533,3.3306690738754696e-16,-0.0,-0.0,0.0,0,0.0
92,3,0.11547005383792533,3.3306690738754696e-16,-0.0,-0.0,0.0,0,0.0
4012,3,0.11547005383792533,3.3306690738754696e-16,-0.0,-0.0,0.0,0,0.0
4016,3,0.11547005383792533,3.3306690738754696e-16,-0.0,-0.0,0.0,0,0.0
83,3,0.11547005383792533,3.3306690738754696e-16,-0.0,-0.0,0.0,0,0.0
82,3,0.11547005383792533,3.3306690738754696e-16,-0.0,-0.0,0.0,0,0.0
2702,3,0.11547005383792533,3.3306690738754696e-16,-0.0,-0.0,0.0,0,0.0
88,3,0.11547005383792533,3.3306690738754696e-16,-0.0,-0.0,0.0,0,0.0
89,3,0.11547005383792533,3.3306690738754696e-16,-0.0,-0.0,0.0,0,0.0
77,3,0.11547005383792533,3.3306690738754696e-16,-0.0,-0.0,0.0,0,0.0
6276,3,0.11547005383792533,3.3306690738754696e-16,-0.0,-0.0,0.0,0,0.0
4037,3,0.11547005383792533,3.3306690738754696e-16,-0.0,-0.0,0.0,0,0.0
4042,3,0.11547005383792533,3.3306690738754696e-16,-0.0,-0.0,0.0,0,0.0
711,3,0.11547005383792533,3.3306690738754696e-16,-0.0,-0.0,0.0,0,0.0
2252,3,0.11547005383792533,3.3306690738754696e-16,-0.0,-0.0,0.0,0,0.0
3824,3,0.11547005383792533,3.3306690738754696e-16,-0.0,-0.0,0.0,0,0.0
4382,3,0.11547005383792533,3.3306690738754696e-16,-0.0,-0.0,0.0,0,0.0
4368,3,0.11547005383792533,3.3306690738754696e-16,-0.0,-0.0,0.0,0,0.0
4373,3,0.11547005383792533,3.3306690738754696e-16,-0.0,-0.0,0.0,0,0.0
4391,3,0.11547005383792533,3.3306690738754696e-16,-0.0,-0.0,0.0,0,0.0
4392,3,0.11547005383792533,3.3306690738754696e-16,-0.0,-0.0,0.0,0,0.0
4379,3,0.11547005383792533,3.3306690738754696e-16,-0.0,-0.0,0.0,0,0.0
4400,3,0.11547005383792533,3.3306690738754696e-16,-0.0,-0.0,0.0,0,0.0
4385,3,0.11547005383792533,3.3306690738754696e-16,-0.0,-0.0,0.0,0,0.0
4340,3,0.11547005383792533,3.3306690738754696e-16,-0.0,-0.0,0.0,0,0.0
4343,3,0.11547005383792533,3.3306690738754696e-16,-0.0,-0.0,0.0,0,0.0
2571,3,0.11547005383792533,3.3306690738754696e-16,-0.0,-0.0,0.0,0,0.0
4337,3,0.11547005383792533,3.3306690738754696e-16,-0.0,-0.0,0.0,0,0.0
4358,3,0.11547005383792533,3.3306690738754696e-16,-0.0,-0.0,0.0,0,0.0
4365,3,0.11547005383792533,3.3306690738754696e-16,-0.0,-0.0,0.0,0,0.0
4366,3,0.11547005383792533,3.3306690738754696e-16,-0.0,-0.0,0.0,0,0.0
2329,3,0.11547005383792533,3.3306690738754696e-16,-0.0,-0.0,0.0,0,0.0
2331,3,0.11547005383792533,3.3306690738754696e-16,-0.0,-0.0,0.0,0,0.0
3841,3,0.11547005383792533,3.3306690738754696e-16,-0.0,-0.0,0.0,0,0.0
3845,3,0.11547005383792533,3.3306690738754696e-16,-0.0,-0.0,0.0,0,0.0
2326,3,0.11547005383792533,3.3306690738754696e-16,-0.0,-0.0,0.0,0,0.0
3875,3,0.11547005383792533,3.3306690738754696e-16,-0.0,-0.0,0.0,0,0.0
3848,3,0.11547005383792533,3.3306690738754696e-16,-0.0,-0.0,0.0,0,0.0
3856,3,0.11547005383792533,3.3306690738754696e-16,-0.0,-0.0,0.0,0,0.0
4326,3,0.11547005383792533,3.3306690738754696e-16,-0.0,-0.0,0.0,0,0.0
2588,3,0.11547005383792533,3.3306690738754696e-16,-0.0,-0.0,0.0,0,0.0
2930,3,0.11547005383792533,3.3306690738754696e-16,-0.0,-0.0,0.0,0,0.0
4688,3,0.11547005383792533,3.3306690738754696e-16,-0.0,-0.0,0.0,0,0.0
2922,3,0.11547005383792533,3.3306690738754696e-16,-0.0,-0.0,0.0,0,0.0
2936,3,0.11547005383792533,3.3306690738754696e-16,-0.0,-0.0,0.0,0,0.0
1347,3,0.11547005383792533,3.3306690738754696e-16,-0.0,-0.0,0.0,0,0.0
1365,3,0.11547005383792533,3.3306690738754696e-16,-0.0,-0.0,0.0,0,0.0
1366,3,0.11547005383792533,3.3306690738754696e-16,-0.0,-0.0,0.0,0,0.0
1367,3,0.11547005383792533,3.3306690738754696e-16,-0.0,-0.0,0.0,0,0.0
1369,3,0.11547005383792533,3.3306690738754696e-16,-0.0,-0.0,0.0,0,0.0
1356,3,0.11547005383792533,3.3306690738754696e-16,-0.0,-0.0,0.0,0,0.0
4402,3,0.11547005383792533,3.3306690738754696e-16,-0.0,-0.0,0.0,0,0.0
2305,3,0.11547005383792533,3.3306690738754696e-16,-0.0,-0.0,0.0,0,0.0
2165,3,0.11547005383792533,3.3306690738754696e-16,-0.0,-0.0,0.0,0,0.0
2150,3,0.11547005383792533,3.3306690738754696e-16,-0.0,-0.0,0.0,0,0.0
2151,3,0.11547005383792533,3.3306690738754696e-16,-0.0,-0.0,0.0,0,0.0
2155,3,0.11547005383792533,3.3306690738754696e-16,-0.0,-0.0,0.0,0,0.0
2162,3,0.11547005383792533,3.3306690738754696e-16,-0.0,-0.0,0.0,0,0.0
659,3,0.11547005383792533,3.3306690738754696e-16,-0.0,-0.0,0.0,0,0.0
645,3,0.11547005383792533,3.3306690738754696e-16,-0.0,-0.0,0.0,0,0.0
650,3,0.11547005383792533,3.3306690738754696e-16,-0.0,-0.0,0.0,0,0.0
3825,3,0.11547005383792533,3.3306690738754696e-16,-0.0,-0.0,0.0,0,0.0
3830,3,0.11547005383792533,3.3306690738754696e-16,-0.0,-0.0,0.0,0,0.0
2313,3,0.11547005383792533,3.3306690738754696e-16,-0.0,-0.0,0.0,0,0.0
2315,3,0.11547005383792533,3.3306690738754696e-16,-0.0,-0.0,0.0,0,0.0
4403,3,0.11547005383792533,3.3306690738754696e-16,-0.0,-0.0,0.0,0,0.0
4241,3,0.11547005383792533,3.3306690738754696e-16,-0.0,-0.0,0.0,0,0.0
4221,3,0.11547005383792533,3.3306690738754696e-16,-0.0,-0.0,0.0,0,0.0
2210,3,0.11547005383792533,3.3306690738754696e-16,-0.0,-0.0,0.0,0,0.0
781,3,0.11547005383792533,3.3306690738754696e-16,-0.0,-0.0,0.0,0,0.0
2235,3,0.11547005383792533,3.3306690738754696e-16,-0.0,-0.0,0.0,0,0.0
1501,3,0.11547005383792533,3.3306690738754696e-16,-0.0,-0.0,0.0,0,0.0
1502,3,0.11547005383792533,3.3306690738754696e-16,-0.0,-0.0,0.0,0,0.0
1485,3,0.11547005383792533,3.3306690738754696e-16,-0.0,-0.0,0.0,0,0.0
97,3,0.11547005383792533,3.3306690738754696e-16,-0.0,-0.0,0.0,0,0.0
104,3,0.11547005383792533,3.3306690738754696e-16,-0.0,-0.0,0.0,0,0.0
107,3,0.11547005383792533,3.3306690738754696e-16,-0.0,-0.0,0.0,0,0.0
2182,3,0.11547005383792533,3.3306690738754696e-16,-0.0,-0.0,0.0,0,0.0
116,3,0.11547005383792533,3.3306690738754696e-16,-0.0,-0.0,0.0,0,0.0
119,3,0.11547005383792533,3.3306690738754696e-16,-0.0,-0.0,0.0,0,0.0
121,3,0.11547005383792533,3.3306690738754696e-16,-0.0,-0.0,0.0,0,0.0
123,3,0.11547005383792533,3.3306690738754696e-16,-0.0,-0.0,0.0,0,0.0
124,3,0.11547005383792533,3.3306690738754696e-16,-0.0,-0.0,0.0,0,0.0
2560,3,0.11547005383792533,3.3306690738754696e-16,-0.0,-0.0,0.0,0,0.0
2561,3,0.11547005383792533,3.3306690738754696e-16,-0.0,-0.0,0.0,0,0.0
2900,3,0.11547005383792533,3.3306690738754696e-16,-0.0,-0.0,0.0,0,0.0
2582,3,0.11547005383792533,3.3306690738754696e-16,-0.0,-0.0,0.0,0,0.0
2584,3,0.11547005383792533,3.3306690738754696e-16,-0.0,-0.0,0.0,0,0.0
2567,3,0.11547005383792533,3.3306690738754696e-16,-0.0,-0.0,0.0,0,0.0
2570,3,0.11547005383792533,3.3306690738754696e-16,-0.0,-0.0,0.0,0,0.0
114,3,0.11547005383792533,3.3306690738754696e-16,-0.0,-0.0,0.0,0,0.0
4308,3,0.11547005383792533,3.3306690738754696e-16,-0.0,-0.0,0.0,0,0.0
4295,3,0.11547005383792533,3.3306690738754696e-16,-0.0,-0.0,0.0,0,0.0
4296,3,0.11547005383792533,3.3306690738754696e-16,-0.0,-0.0,0.0,0,0.0
2199,3,0.11547005383792533,3.3306690738754696e-16,-0.0,-0.0,0.0,0,0.0
2200,3,0.11547005383792533,3.3306690738754696e-16,-0.0,-0.0,0.0,0,0.0
4274,3,0.11547005383792533,3.3306690738754696e-16,-0.0,-0.0,0.0,0,0.0
4275,3,0.11547005383792533,3.3306690738754696e-16,-0.0,-0.0,0.0,0,0.0
4261,3,0.11547005383792533,3.3306690738754696e-16,-0.0,-0.0,0.0,0,0.0
4277,3,0.11547005383792533,3.3306690738754696e-16,-0.0,-0.0,0.0,0,0.0
829,3,0.11547005383792533,3.3306690738754696e-16,-0.0,-0.0,0.0,0,0.0
4285,3,0.11547005383792533,3.3306690738754696e-16,-0.0,-0.0,0.0,0,0.0
3895,3,0.11547005383792533,3.3306690738754696e-16,-0.0,-0.0,0.0,0,0.0
4258,3,0.11547005383792533,3.3306690738754696e-16,-0.0,-0.0,0.0,0,0.0
701,3,0.11547005383792533,3.3306690738754696e-16,-0.0,-0.0,0.0,0,0.0
678,3,0.11547005383792533,3.3306690738754696e-16,-0.0,-0.0,0.0,0,0.0
679,3,0.11547005383792533,3.3306690738754696e-16,-0.0,-0.0,0.0,0,0.0
685,3,0.11547005383792533,3.3306690738754696e-16,-0.0,-0.0,0.0,0,0.0
3902,3,0.11547005383792533,3.3306690738754696e-16,-0.0,-0.0,0.0,0,0.0
3884,3,0.11547005383792533,3.3306690738754696e-16,-0.0,-0.0,0.0,0,0.0
3921,3,0.11547005383792533,3.3306690738754696e-16,-0.0,-0.0,0.0,0,0.0
2239,3,0.11547005383792533,3.3306690738754696e-16,-0.0,-0.0,0.0,0,0.0
4230,3,0.11547005383792533,3.3306690738754696e-16,-0.0,-0.0,0.0,0,0.0
4244,3,0.11547005383792533,3.3306690738754696e-16,-0.0,-0.0,0.0,0,0.0
4248,3,0.11547005383792533,3.3306690738754696e-16,-0.0,-0.0,0.0,0,0.0
4252,3,0.11547005383792533,3.3306690738754696e-16,-0.0,-0.0,0.0,0,0.0
700,3,0.11547005383792533,3.3306690738754696e-16,-0.0,-0.0,0.0,0,0.0
200,3,0.11547005383792533,3.3306690738754696e-16,-0.0,-0.0,0.0,0,0.0
201,3,0.11547005383792533,3.3306690738754696e-16,-0.0,-0.0,0.0,0,0.0
203,3,0.11547005383792533,3.3306690738754696e-16,-0.0,-0.0,0.0,0,0.0
193,3,0.11547005383792533,3.3306690738754696e-16,-0.0,-0.0,0.0,0,0.0
5581,3,0.11547005383792533,3.3306690738754696e-16,-0.0,-0.0,0.0,0,0.0
1694,3,0.11547005383792533,3.3306690738754696e-16,-0.0,-0.0,0.0,0,0.0
5569,3,0.11547005383792533,3.3306690738754696e-16,-0.0,-0.0,0.0,0,0.0
5570,3,0.11547005383792533,3.3306690738754696e-16,-0.0,-0.0,0.0,0,0.0
5572,3,0.11547005383792533,3.3306690738754696e-16,-0.0,-0.0,0.0,0,0.0
5606,3,0.11547005383792533,3.3306690738754696e-16,-0.0,-0.0,0.0,0,0.0
5610,3,0.11547005383792533,3.3306690738754696e-16,-0.0,-0.0,0.0,0,0.0
4708,3,0.11547005383792533,3.3306690738754696e-16,-0.0,-0.0,0.0,0,0.0
1277,3,0.11547005383792533,3.3306690738754696e-16,-0.0,-0.0,0.0,0,0.0
5563,3,0.11547005383792533,3.3306690738754696e-16,-0.0,-0.0,0.0,0,0.0
1218,3,0.11547005383792533,3.3306690738754696e-16,-0.0,-0.0,0.0,0,0.0
1220,3,0.11547005383792533,3.3306690738754696e-16,-0.0,-0.0,0.0,0,0.0
1676,3,0.11547005383792533,3.3306690738754696e-16,-0.0,-0.0,0.0,0,0.0
260,3,0.11547005383792533,3.3306690738754696e-16,-0.0,-0.0,0.0,0,0.0
3348,3,0.11547005383792533,3.3306690738754696e-16,-0.0,-0.0,0.0,0,0.0
3354,3,0.11547005383792533,3.3306690738754696e-16,-0.0,-0.0,0.0,0,0.0
2400,3,0.11547005383792533,3.3306690738754696e-16,-0.0,-0.0,0.0,0,0.0
3346,3,0.11547005383792533,3.3306690738754696e-16,-0.0,-0.0,0.0,0,0.0
2413,3,0.11547005383792533,3.3306690738754696e-16,-0.0,-0.0,0.0,0,0.0
1276,3,0.11547005383792533,3.3306690738754696e-16,-0.0,-0.0,0.0,0,0.0
3315,3,0.11547005383792533,3.3306690738754696e-16,-0.0,-0.0,0.0,0,0.0
3332,3,0.11547005383792533,3.3306690738754696e-16,-0.0,-0.0,0.0,0,0.0
3333,3,0.11547005383792533,3.3306690738754696e-16,-0.0,-0.0,0.0,0,0.0
3336,3,0.11547005383792533,3.3306690738754696e-16,-0.0,-0.0,0.0,0,0.0
3337,3,0.11547005383792533,3.3306690738754696e-16,-0.0,-0.0,0.0,0,0.0
5338,3,0.11547005383792533,3.3306690738754696e-16,-0.0,-0.0,0.0,0,0.0
5340,3,0.11547005383792533,3.3306690738754696e-16,-0.0,-0.0,0.0,0,0.0
5328,3,0.11547005383792533,3.3306690738754696e-16,-0.0,-0.0,0.0,0,0.0
1138,3,0.11547005383792533,3.3306690738754696e-16,-0.0,-0.0,0.0,0,0.0
1772,3,0.11547005383792533,3.3306690738754696e-16,-0.0,-0.0,0.0,0,0.0
1780,3,0.11547005383792533,3.3306690738754696e-16,-0.0,-0.0,0.0,0,0.0
2475,3,0.11547005383792533,3.3306690738754696e-16,-0.0,-0.0,0.0,0,0.0
1132,3,0.11547005383792533,3.3306690738754696e-16,-0.0,-0.0,0.0,0,0.0
1133,3,0.11547005383792533,3.3306690738754696e-16,-0.0,-0.0,0.0,0,0.0
1134,3,0.11547005383792533,3.3306690738754696e-16,-0.0,-0.0,0.0,0,0.0
1255,3,0.11547005383792533,3.3306690738754696e-16,-0.0,-0.0,0.0,0,0.0
1274,3,0.11547005383792533,3.3306690738754696e-16,-0.0,-0.0,0.0,0,0.0
1262,3,0.11547005383792533,3.3306690738754696e-16,-0.0,-0.0,0.0,0,0.0
5624,3,0.11547005383792533,3.3306690738754696e-16,-0.0,-0.0,0.0,0,0.0
5638,3,0.11547005383792533,3.3306690738754696e-16,-0.0,-0.0,0.0,0,0.0
5639,3,0.11547005383792533,3.3306690738754696e-16,-0.0,-0.0,0.0,0,0.0
5640,3,0.11547005383792533,3.3306690738754696e-16,-0.0,-0.0,0.0,0,0.0
3196,3,0.11547005383792533,3.3306690738754696e-16,-0.0,-0.0,0.0,0,0.0
3199,3,0.11547005383792533,3.3306690738754696e-16,-0.0,-0.0,0.0,0,0.0
1142,3,0.11547005383792533,3.3306690738754696e-16,-0.0,-0.0,0.0,0,0.0
223,3,0.11547005383792533,3.3306690738754696e-16,-0.0,-0.0,0.0,0,0.0
5661,3,0.11547005383792533,3.3306690738754696e-16,-0.0,-0.0,0.0,0,0.0
1634,3,0.11547005383792533,3.3306690738754696e-16,-0.0,-0.0,0.0,0,0.0
1635,3,0.11547005383792533,3.3306690738754696e-16,-0.0,-0.0,0.0,0,0.0
1636,3,0.11547005383792533,3.3306690738754696e-16,-0.0,-0.0,0.0,0,0.0
5657,3,0.11547005383792533,3.3306690738754696e-16,-0.0,-0.0,0.0,0,0.0
1646,3,0.11547005383792533,3.3306690738754696e-16,-0.0,-0.0,0.0,0,0.0
1649,3,0.11547005383792533,3.3306690738754696e-16,-0.0,-0.0,0.0,0,0.0
1815,3,0.11547005383792533,3.3306690738754696e-16,-0.0,-0.0,0.0,0,0.0
1819,3,0.11547005383792533,3.3306690738754696e-16,-0.0,-0.0,0.0,0,0.0
1821,3,0.11547005383792533,3.3306690738754696e-16,-0.0,-0.0,0.0,0,0.0
3351,3,0.11547005383792533,3.3306690738754696e-16,-0.0,-0.0,0.0,0,0.0
3373,3,0.11547005383792533,3.3306690738754696e-16,-0.0,-0.0,0.0,0,0.0
3383,3,0.11547005383792533,3.3306690738754696e-16,-0.0,-0.0,0.0,0,0.0
3368,3,0.11547005383792533,3.3306690738754696e-16,-0.0,-0.0,0.0,0,0.0
3370,3,0.11547005383792533,3.3306690738754696e-16,-0.0,-0.0,0.0,0,0.0
1113,3,0.11547005383792533,3.3306690738754696e-16,-0.0,-0.0,0.0,0,0.0
1092,3,0.11547005383792533,3.3306690738754696e-16,-0.0,-0.0,0.0,0,0.0
1099,3,0.11547005383792533,3.3306690738754696e-16,-0.0,-0.0,0.0,0,0.0
5242,3,0.11547005383792533,3.3306690738754696e-16,-0.0,-0.0,0.0,0,0.0
5243,3,0.11547005383792533,3.3306690738754696e-16,-0.0,-0.0,0.0,0,0.0
1110,3,0.11547005383792533,3.3306690738754696e-16,-0.0,-0.0,0.0,0,0.0
5263,3,0.11547005383792533,3.3306690738754696e-16,-0.0,-0.0,0.0,0,0.0
1804,3,0.11547005383792533,3.3306690738754696e-16,-0.0,-0.0,0.0,0,0.0
5286,3,0.11547005383792533,3.3306690738754696e-16,-0.0,-0.0,0.0,0,0.0
5300,3,0.11547005383792533,3.3306690738754696e-16,-0.0,-0.0,0.0,0,0.0
5280,3,0.11547005383792533,3.3306690738754696e-16,-0.0,-0.0,0.0,0,0.0
5285,3,0.11547005383792533,3.3306690738754696e-16,-0.0,-0.0,0.0,0,0.0
5303,3,0.11547005383792533,3.3306690738754696e-16,-0.0,-0.0,0.0,0,0.0
5305,3,0.11547005383792533,3.3306690738754696e-16,-0.0,-0.0,0.0,0,0.0
5310,3,0.11547005383792533,3.3306690738754696e-16,-0.0,-0.0,0.0,0,0.0
5315,3,0.11547005383792533,3.3306690738754696e-16,-0.0,-0.0,0.0,0,0.0
5278,3,0.11547005383792533,3.3306690738754696e-16,-0.0,-0.0,0.0,0,0.0
5322,3,0.11547005383792533,3.3306690738754696e-16,-0.0,-0.0,0.0,0,0.0
1808,3,0.11547005383792533,3.3306690738754696e-16,-0.0,-0.0,0.0,0,0.0
219,3,0.11547005383792533,3.3306690738754696e-16,-0.0,-0.0,0.0,0,0.0
5671,3,0.11547005383792533,3.3306690738754696e-16,-0.0,-0.0,0.0,0,0.0
5682,3,0.11547005383792533,3.3306690738754696e-16,-0.0,-0.0,0.0,0,0.0
5684,3,0.11547005383792533,3.3306690738754696e-16,-0.0,-0.0,0.0,0,0.0
5686,3,0.11547005383792533,3.3306690738754696e-16,-0.0,-0.0,0.0,0,0.0
5688,3,0.11547005383792533,3.3306690738754696e-16,-0.0,-0.0,0.0,0,0.0
5696,3,0.11547005383792533,3.3306690738754696e-16,-0.0,-0.0,0.0,0,0.0
3141,3,0.11547005383792533,3.3306690738754696e-16,-0.0,-0.0,0.0,0,0.0
3146,3,0.11547005383792533,3.3306690738754696e-16,-0.0,-0.0,0.0,0,0.0
208,3,0.11547005383792533,3.3306690738754696e-16,-0.0,-0.0,0.0,0,0.0
3173,3,0.11547005383792533,3.3306690738754696e-16,-0.0,-0.0,0.0,0,0.0
3149,3,0.11547005383792533,3.3306690738754696e-16,-0.0,-0.0,0.0,0,0.0
3158,3,0.11547005383792533,3.3306690738754696e-16,-0.0,-0.0,0.0,0,0.0
5670,3,0.11547005383792533,3.3306690738754696e-16,-0.0,-0.0,0.0,0,0.0
744,3,0.11547005383792533,3.3306690738754696e-16,-0.0,-0.0,0.0,0,0.0
1388,3,0.11547005383792533,3.3306690738754696e-16,-0.0,-0.0,0.0,0,0.0
1378,3,0.11547005383792533,3.3306690738754696e-16,-0.0,-0.0,0.0,0,0.0
1379,3,0.11547005383792533,3.3306690738754696e-16,-0.0,-0.0,0.0,0,0.0
2604,3,0.11547005383792533,3.3306690738754696e-16,-0.0,-0.0,0.0,0,0.0
2596,3,0.11547005383792533,3.3306690738754696e-16,-0.0,-0.0,0.0,0,0.0
1393,3,0.11547005383792533,3.3306690738754696e-16,-0.0,-0.0,0.0,0,0.0
1397,3,0.11547005383792533,3.3306690738754696e-16,-0.0,-0.0,0.0,0,0.0
1503,3,0.11547005383792533,3.3306690738754696e-16,-0.0,-0.0,0.0,0,0.0
2624,3,0.11547005383792533,3.3306690738754696e-16,-0.0,-0.0,0.0,0,0.0
2625,3,0.11547005383792533,3.3306690738754696e-16,-0.0,-0.0,0.0,0,0.0
3310,3,0.11547005383792533,3.3306690738754696e-16,-0.0,-0.0,0.0,0,0.0
2633,3,0.11547005383792533,3.3306690738754696e-16,-0.0,-0.0,0.0,0,0.0
2755,3,0.11547005383792533,3.3306690738754696e-16,-0.0,-0.0,0.0,0,0.0
1186,3,0.11547005383792533,3.3306690738754696e-16,-0.0,-0.0,0.0,0,0.0
5481,3,0.11547005383792533,3.3306690738754696e-16,-0.0,-0.0,0.0,0,0.0
5487,3,0.11547005383792533,3.3306690738754696e-16,-0.0,-0.0,0.0,0,0.0
1726,3,0.11547005383792533,3.3306690738754696e-16,-0.0,-0.0,0.0,0,0.0
5505,3,0.11547005383792533,3.3306690738754696e-16,-0.0,-0.0,0.0,0,0.0
5493,3,0.11547005383792533,3.3306690738754696e-16,-0.0,-0.0,0.0,0,0.0
1207,3,0.11547005383792533,3.3306690738754696e-16,-0.0,-0.0,0.0,0,0.0
1208,3,0.11547005383792533,3.3306690738754696e-16,-0.0,-0.0,0.0,0,0.0
254,3,0.11547005383792533,3.3306690738754696e-16,-0.0,-0.0,0.0,0,0.0
2629,3,0.11547005383792533,3.3306690738754696e-16,-0.0,-0.0,0.0,0,0.0
4032,3,0.11547005383792533,3.3306690738754696e-16,-0.0,-0.0,0.0,0,0.0
3964,3,0.11547005383792533,3.3306690738754696e-16,-0.0,-0.0,0.0,0,0.0
1194,3,0.11547005383792533,3.3306690738754696e-16,-0.0,-0.0,0.0,0,0.0
704,3,0.11547005383792533,3.3306690738754696e-16,-0.0,-0.0,0.0,0,0.0
2634,3,0.11547005383792533,3.3306690738754696e-16,-0.0,-0.0,0.0,0,0.0
2731,3,0.11547005383792533,3.3306690738754696e-16,-0.0,-0.0,0.0,0,0.0
2718,3,0.11547005383792533,3.3306690738754696e-16,-0.0,-0.0,0.0,0,0.0
4153,3,0.11547005383792533,3.3306690738754696e-16,-0.0,-0.0,0.0,0,0.0
4155,3,0.11547005383792533,3.3306690738754696e-16,-0.0,-0.0,0.0,0,0.0
4157,3,0.11547005383792533,3.3306690738754696e-16,-0.0,-0.0,0.0,0,0.0
4163,3,0.11547005383792533,3.3306690738754696e-16,-0.0,-0.0,0.0,0,0.0
762,3,0.11547005383792533,3.3306690738754696e-16,-0.0,-0.0,0.0,0,0.0
3946,3,0.11547005383792533,3.3306690738754696e-16,-0.0,-0.0,0.0,0,0.0
3948,3,0.11547005383792533,3.3306690738754696e-16,-0.0,-0.0,0.0,0,0.0
4046,3,0.11547005383792533,3.3306690738754696e-16,-0.0,-0.0,0.0,0,0.0
3967,3,0.11547005383792533,3.3306690738754696e-16,-0.0,-0.0,0.0,0,0.0
3956,3,0.11547005383792533,3.3306690738754696e-16,-0.0,-0.0,0.0,0,0.0
4121,3,0.11547005383792533,3.3306690738754696e-16,-0.0,-0.0,0.0,0,0.0
4104,3,0.11547005383792533,3.3306690738754696e-16,-0.0,-0.0,0.0,0,0.0
4135,3,0.11547005383792533,3.3306690738754696e-16,-0.0,-0.0,0.0,0,0.0
4129,3,0.11547005383792533,3.3306690738754696e-16,-0.0,-0.0,0.0,0,0.0
4114,3,0.11547005383792533,3.3306690738754696e-16,-0.0,-0.0,0.0,0,0.0
4133,3,0.11547005383792533,3.3306690738754696e-16,-0.0,-0.0,0.0,0,0.0
752,3,0.11547005383792533,3.3306690738754696e-16,-0.0,-0.0,0.0,0,0.0
4168,3,0.11547005383792533,3.3306690738754696e-16,-0.0,-0.0,0.0,0,0.0
3271,3,0.11547005383792533,3.3306690738754696e-16,-0.0,-0.0,0.0,0,0.0
3274,3,0.11547005383792533,3.3306690738754696e-16,-0.0,-0.0,0.0,0,0.0
3288,3,0.11547005383792533,3.3306690738754696e-16,-0.0,-0.0,0.0,0,0.0
3289,3,0.11547005383792533,3.3306690738754696e-16,-0.0,-0.0,0.0,0,0.0
3291,3,0.11547005383792533,3.3306690738754696e-16,-0.0,-0.0,0.0,0,0.0
3294,3,0.11547005383792533,3.3306690738754696e-16,-0.0,-0.0,0.0,0,0.0
1156,3,0.11547005383792533,3.3306690738754696e-16,-0.0,-0.0,0.0,0,0.0
1176,3,0.11547005383792533,3.3306690738754696e-16,-0.0,-0.0,0.0,0,0.0
1164,3,0.11547005383792533,3.3306690738754696e-16,-0.0,-0.0,0.0,0,0.0
5393,3,0.11547005383792533,3.3306690738754696e-16,-0.0,-0.0,0.0,0,0.0
5395,3,0.11547005383792533,3.3306690738754696e-16,-0.0,-0.0,0.0,0,0.0
3244,3,0.11547005383792533,3.3306690738754696e-16,-0.0,-0.0,0.0,0,0.0
1742,3,0.11547005383792533,3.3306690738754696e-16,-0.0,-0.0,0.0,0,0.0
5403,3,0.11547005383792533,3.3306690738754696e-16,-0.0,-0.0,0.0,0,0.0
1127,3,0.11547005383792533,3.3306690738754696e-16,-0.0,-0.0,0.0,0,0.0
1128,3,0.11547005383792533,3.3306690738754696e-16,-0.0,-0.0,0.0,0,0.0
5365,3,0.11547005383792533,3.3306690738754696e-16,-0.0,-0.0,0.0,0,0.0
5367,3,0.11547005383792533,3.3306690738754696e-16,-0.0,-0.0,0.0,0,0.0
5349,3,0.11547005383792533,3.3306690738754696e-16,-0.0,-0.0,0.0,0,0.0
1730,3,0.11547005383792533,3.3306690738754696e-16,-0.0,-0.0,0.0,0,0.0
1740,3,0.11547005383792533,3.3306690738754696e-16,-0.0,-0.0,0.0,0,0.0
3304,3,0.11547005383792533,3.3306690738754696e-16,-0.0,-0.0,0.0,0,0.0
3306,3,0.11547005383792533,3.3306690738754696e-16,-0.0,-0.0,0.0,0,0.0
3330,3,0.11547005383792533,3.3306690738754696e-16,-0.0,-0.0,0.0,0,0.0
5385,3,0.11547005383792533,3.3306690738754696e-16,-0.0,-0.0,0.0,0,0.0
2448,3,0.11547005383792533,3.3306690738754696e-16,-0.0,-0.0,0.0,0,0.0
2450,3,0.11547005383792533,3.3306690738754696e-16,-0.0,-0.0,0.0,0,0.0
2451,3,0.11547005383792533,3.3306690738754696e-16,-0.0,-0.0,0.0,0,0.0
2453,3,0.11547005383792533,3.3306690738754696e-16,-0.0,-0.0,0.0,0,0.0
3263,3,0.11547005383792533,3.3306690738754696e-16,-0.0,-0.0,0.0,0,0.0
2438,3,0.11547005383792533,3.3306690738754696e-16,-0.0,-0.0,0.0,0,0.0
1215,3,0.11547005383792533,3.3306690738754696e-16,-0.0,-0.0,0.0,0,0.0
5465,3,0.11547005383792533,3.3306690738754696e-16,-0.0,-0.0,0.0,0,0.0
1712,3,0.11547005383792533,3.3306690738754696e-16,-0.0,-0.0,0.0,0,0.0
1700,3,0.11547005383792533,3.3306690738754696e-16,-0.0,-0.0,0.0,0,0.0
1705,3,0.11547005383792533,3.3306690738754696e-16,-0.0,-0.0,0.0,0,0.0
3267,3,0.11547005383792533,3.3306690738754696e-16,-0.0,-0.0,0.0,0,0.0
5419,3,0.11547005383792533,3.3306690738754696e-16,-0.0,-0.0,0.0,0,0.0
5441,3,0.11547005383792533,3.3306690738754696e-16,-0.0,-0.0,0.0,0,0.0
5422,3,0.11547005383792533,3.3306690738754696e-16,-0.0,-0.0,0.0,0,0.0
5425,3,0.11547005383792533,3.3306690738754696e-16,-0.0,-0.0,0.0,0,0.0
5429,3,0.11547005383792533,3.3306690738754696e-16,-0.0,-0.0,0.0,0,0.0
1153,3,0.11547005383792533,3.3306690738754696e-16,-0.0,-0.0,0.0,0,0.0
5444,3,0.11547005383792533,3.3306690738754696e-16,-0.0,-0.0,0.0,0,0.0
5439,3,0.11547005383792533,3.3306690738754696e-16,-0.0,-0.0,0.0,0,0.0
2459,3,0.11547005383792533,3.3306690738754696e-16,-0.0,-0.0,0.0,0,0.0
230,3,0.11547005383792533,3.3306690738754696e-16,-0.0,-0.0,0.0,0,0.0
236,3,0.11547005383792533,3.3306690738754696e-16,-0.0,-0.0,0.0,0,0.0
3266,3,0.11547005383792533,3.3306690738754696e-16,-0.0,-0.0,0.0,0,0.0
1708,3,0.11547005383792533,3.3306690738754696e-16,-0.0,-0.0,0.0,0,0.0
1341,3,0.11547005383792533,3.3306690738754696e-16,-0.0,-0.0,0.0,0,0.0
5803,3,0.11547005383792533,3.3306690738754696e-16,-0.0,-0.0,0.0,0,0.0
5805,3,0.11547005383792533,3.3306690738754696e-16,-0.0,-0.0,0.0,0,0.0
5824,3,0.11547005383792533,3.3306690738754696e-16,-0.0,-0.0,0.0,0,0.0
5809,3,0.11547005383792533,3.3306690738754696e-16,-0.0,-0.0,0.0,0,0.0
3077,3,0.11547005383792533,3.3306690738754696e-16,-0.0,-0.0,0.0,0,0.0
3081,3,0.11547005383792533,3.3306690738754696e-16,-0.0,-0.0,0.0,0,0.0
2508,3,0.11547005383792533,3.3306690738754696e-16,-0.0,-0.0,0.0,0,0.0
3099,3,0.11547005383792533,3.3306690738754696e-16,-0.0,-0.0,0.0,0,0.0
2498,3,0.11547005383792533,3.3306690738754696e-16,-0.0,-0.0,0.0,0,0.0
163,3,0.11547005383792533,3.3306690738754696e-16,-0.0,-0.0,0.0,0,0.0
5245,3,0.11547005383792533,3.3306690738754696e-16,-0.0,-0.0,0.0,0,0.0
1605,3,0.11547005383792533,3.3306690738754696e-16,-0.0,-0.0,0.0,0,0.0
1607,3,0.11547005383792533,3.3306690738754696e-16,-0.0,-0.0,0.0,0,0.0
5788,3,0.11547005383792533,3.3306690738754696e-16,-0.0,-0.0,0.0,0,0.0
5747,3,0.11547005383792533,3.3306690738754696e-16,-0.0,-0.0,0.0,0,0.0
1623,3,0.11547005383792533,3.3306690738754696e-16,-0.0,-0.0,0.0,0,0.0
1625,3,0.11547005383792533,3.3306690738754696e-16,-0.0,-0.0,0.0,0,0.0
1608,3,0.11547005383792533,3.3306690738754696e-16,-0.0,-0.0,0.0,0,0.0
5742,3,0.11547005383792533,3.3306690738754696e-16,-0.0,-0.0,0.0,0,0.0
5758,3,0.11547005383792533,3.3306690738754696e-16,-0.0,-0.0,0.0,0,0.0
962,3,0.11547005383792533,3.3306690738754696e-16,-0.0,-0.0,0.0,0,0.0
965,3,0.11547005383792533,3.3306690738754696e-16,-0.0,-0.0,0.0,0,0.0
1618,3,0.11547005383792533,3.3306690738754696e-16,-0.0,-0.0,0.0,0,0.0
4982,3,0.11547005383792533,3.3306690738754696e-16,-0.0,-0.0,0.0,0,0.0
4987,3,0.11547005383792533,3.3306690738754696e-16,-0.0,-0.0,0.0,0,0.0
4988,3,0.11547005383792533,3.3306690738754696e-16,-0.0,-0.0,0.0,0,0.0
4990,3,0.11547005383792533,3.3306690738754696e-16,-0.0,-0.0,0.0,0,0.0
384,3,0.11547005383792533,3.3306690738754696e-16,-0.0,-0.0,0.0,0,0.0
388,3,0.11547005383792533,3.3306690738754696e-16,-0.0,-0.0,0.0,0,0.0
409,3,0.11547005383792533,3.3306690738754696e-16,-0.0,-0.0,0.0,0,0.0
396,3,0.11547005383792533,3.3306690738754696e-16,-0.0,-0.0,0.0,0,0.0
398,3,0.11547005383792533,3.3306690738754696e-16,-0.0,-0.0,0.0,0,0.0
4941,3,0.11547005383792533,3.3306690738754696e-16,-0.0,-0.0,0.0,0,0.0
4943,3,0.11547005383792533,3.3306690738754696e-16,-0.0,-0.0,0.0,0,0.0
4893,3,0.11547005383792533,3.3306690738754696e-16,-0.0,-0.0,0.0,0,0.0
1022,3,0.11547005383792533,3.3306690738754696e-16,-0.0,-0.0,0.0,0,0.0
4903,3,0.11547005383792533,3.3306690738754696e-16,-0.0,-0.0,0.0,0,0.0
4922,3,0.11547005383792533,3.3306690738754696e-16,-0.0,-0.0,0.0,0,0.0
4915,3,0.11547005383792533,3.3306690738754696e-16,-0.0,-0.0,0.0,0,0.0
4927,3,0.11547005383792533,3.3306690738754696e-16,-0.0,-0.0,0.0,0,0.0
1974,3,0.11547005383792533,3.3306690738754696e-16,-0.0,-0.0,0.0,0,0.0
1979,3,0.11547005383792533,3.3306690738754696e-16,-0.0,-0.0,0.0,0,0.0
1982,3,0.11547005383792533,3.3306690738754696e-16,-0.0,-0.0,0.0,0,0.0
4881,3,0.11547005383792533,3.3306690738754696e-16,-0.0,-0.0,0.0,0,0.0
4864,3,0.11547005383792533,3.3306690738754696e-16,-0.0,-0.0,0.0,0,0.0
4872,3,0.11547005383792533,3.3306690738754696e-16,-0.0,-0.0,0.0,0,0.0
4874,3,0.11547005383792533,3.3306690738754696e-16,-0.0,-0.0,0.0,0,0.0
4959,3,0.11547005383792533,3.3306690738754696e-16,-0.0,-0.0,0.0,0,0.0
937,3,0.11547005383792533,3.3306690738754696e-16,-0.0,-0.0,0.0,0,0.0
945,3,0.11547005383792533,3.3306690738754696e-16,-0.0,-0.0,0.0,0,0.0
946,3,0.11547005383792533,3.3306690738754696e-16,-0.0,-0.0,0.0,0,0.0
947,3,0.11547005383792533,3.3306690738754696e-16,-0.0,-0.0,0.0,0,0.0
1988,3,0.11547005383792533,3.3306690738754696e-16,-0.0,-0.0,0.0,0,0.0
4791,3,0.11547005383792533,3.3306690738754696e-16,-0.0,-0.0,0.0,0,0.0
4797,3,0.11547005383792533,3.3306690738754696e-16,-0.0,-0.0,0.0,0,0.0
2014,3,0.11547005383792533,3.3306690738754696e-16,-0.0,-0.0,0.0,0,0.0
4770,3,0.11547005383792533,3.3306690738754696e-16,-0.0,-0.0,0.0,0,0.0
4753,3,0.11547005383792533,3.3306690738754696e-16,-0.0,-0.0,0.0,0,0.0
4788,3,0.11547005383792533,3.3306690738754696e-16,-0.0,-0.0,0.0,0,0.0
417,3,0.11547005383792533,3.3306690738754696e-16,-0.0,-0.0,0.0,0,0.0
4719,3,0.11547005383792533,3.3306690738754696e-16,-0.0,-0.0,0.0,0,0.0
2041,3,0.11547005383792533,3.3306690738754696e-16,-0.0,-0.0,0.0,0,0.0
4727,3,0.11547005383792533,3.3306690738754696e-16,-0.0,-0.0,0.0,0,0.0
4030,3,0.11547005383792533,3.3306690738754696e-16,-0.0,-0.0,0.0,0,0.0
4747,3,0.11547005383792533,3.3306690738754696e-16,-0.0,-0.0,0.0,0,0.0
486,3,0.11547005383792533,3.3306690738754696e-16,-0.0,-0.0,0.0,0,0.0
498,3,0.11547005383792533,3.3306690738754696e-16,-0.0,-0.0,0.0,0,0.0
499,3,0.11547005383792533,3.3306690738754696e-16,-0.0,-0.0,0.0,0,0.0
505,3,0.11547005383792533,3.3306690738754696e-16,-0.0,-0.0,0.0,0,0.0
507,3,0.11547005383792533,3.3306690738754696e-16,-0.0,-0.0,0.0,0,0.0
510,3,0.11547005383792533,3.3306690738754696e-16,-0.0,-0.0,0.0,0,0.0
511,3,0.11547005383792533,3.3306690738754696e-16,-0.0,-0.0,0.0,0,0.0
4709,3,0.11547005383792533,3.3306690738754696e-16,-0.0,-0.0,0.0,0,0.0
427,3,0.11547005383792533,3.3306690738754696e-16,-0.0,-0.0,0.0,0,0.0
430,3,0.11547005383792533,3.3306690738754696e-16,-0.0,-0.0,0.0,0,0.0
432,3,0.11547005383792533,3.3306690738754696e-16,-0.0,-0.0,0.0,0,0.0
438,3,0.11547005383792533,3.3306690738754696e-16,-0.0,-0.0,0.0,0,0.0
439,3,0.11547005383792533,3.3306690738754696e-16,-0.0,-0.0,0.0,0,0.0
440,3,0.11547005383792533,3.3306690738754696e-16,-0.0,-0.0,0.0,0,0.0
986,3,0.11547005383792533,3.3306690738754696e-16,-0.0,-0.0,0.0,0,0.0
4856,3,0.11547005383792533,3.3306690738754696e-16,-0.0,-0.0,0.0,0,0.0
4857,3,0.11547005383792533,3.3306690738754696e-16,-0.0,-0.0,0.0,0,0.0
4843,3,0.11547005383792533,3.3306690738754696e-16,-0.0,-0.0,0.0,0,0.0
1969,3,0.11547005383792533,3.3306690738754696e-16,-0.0,-0.0,0.0,0,0.0
930,3,0.11547005383792533,3.3306690738754696e-16,-0.0,-0.0,0.0,0,0.0
1952,3,0.11547005383792533,3.3306690738754696e-16,-0.0,-0.0,0.0,0,0.0
4811,3,0.11547005383792533,3.3306690738754696e-16,-0.0,-0.0,0.0,0,0.0
4814,3,0.11547005383792533,3.3306690738754696e-16,-0.0,-0.0,0.0,0,0.0
4819,3,0.11547005383792533,3.3306690738754696e-16,-0.0,-0.0,0.0,0,0.0
4839,3,0.11547005383792533,3.3306690738754696e-16,-0.0,-0.0,0.0,0,0.0
4822,3,0.11547005383792533,3.3306690738754696e-16,-0.0,-0.0,0.0,0,0.0
4824,3,0.11547005383792533,3.3306690738754696e-16,-0.0,-0.0,0.0,0,0.0
4825,3,0.11547005383792533,3.3306690738754696e-16,-0.0,-0.0,0.0,0,0.0
4831,3,0.11547005383792533,3.3306690738754696e-16,-0.0,-0.0,0.0,0,0.0
460,3,0.11547005383792533,3.3306690738754696e-16,-0.0,-0.0,0.0,0,0.0
451,3,0.11547005383792533,3.3306690738754696e-16,-0.0,-0.0,0.0,0,0.0
928,3,0.11547005383792533,3.3306690738754696e-16,-0.0,-0.0,0.0,0,0.0
1971,3,0.11547005383792533,3.3306690738754696e-16,-0.0,-0.0,0.0,0,0.0
5165,3,0.11547005383792533,3.3306690738754696e-16,-0.0,-0.0,0.0,0,0.0
1848,3,0.11547005383792533,3.3306690738754696e-16,-0.0,-0.0,0.0,0,0.0
1855,3,0.11547005383792533,3.3306690738754696e-16,-0.0,-0.0,0.0,0,0.0
1068,3,0.11547005383792533,3.3306690738754696e-16,-0.0,-0.0,0.0,0,0.0
5173,3,0.11547005383792533,3.3306690738754696e-16,-0.0,-0.0,0.0,0,0.0
5175,3,0.11547005383792533,3.3306690738754696e-16,-0.0,-0.0,0.0,0,0.0
5178,3,0.11547005383792533,3.3306690738754696e-16,-0.0,-0.0,0.0,0,0.0
5161,3,0.11547005383792533,3.3306690738754696e-16,-0.0,-0.0,0.0,0,0.0
1085,3,0.11547005383792533,3.3306690738754696e-16,-0.0,-0.0,0.0,0,0.0
5141,3,0.11547005383792533,3.3306690738754696e-16,-0.0,-0.0,0.0,0,0.0
5759,3,0.11547005383792533,3.3306690738754696e-16,-0.0,-0.0,0.0,0,0.0
1017,3,0.11547005383792533,3.3306690738754696e-16,-0.0,-0.0,0.0,0,0.0
5775,3,0.11547005383792533,3.3306690738754696e-16,-0.0,-0.0,0.0,0,0.0
5756,3,0.11547005383792533,3.3306690738754696e-16,-0.0,-0.0,0.0,0,0.0
5757,3,0.11547005383792533,3.3306690738754696e-16,-0.0,-0.0,0.0,0,0.0
1303,3,0.11547005383792533,3.3306690738754696e-16,-0.0,-0.0,0.0,0,0.0
2516,3,0.11547005383792533,3.3306690738754696e-16,-0.0,-0.0,0.0,0,0.0
3121,3,0.11547005383792533,3.3306690738754696e-16,-0.0,-0.0,0.0,0,0.0
2521,3,0.11547005383792533,3.3306690738754696e-16,-0.0,-0.0,0.0,0,0.0
1302,3,0.11547005383792533,3.3306690738754696e-16,-0.0,-0.0,0.0,0,0.0
5727,3,0.11547005383792533,3.3306690738754696e-16,-0.0,-0.0,0.0,0,0.0
5715,3,0.11547005383792533,3.3306690738754696e-16,-0.0,-0.0,0.0,0,0.0
5731,3,0.11547005383792533,3.3306690738754696e-16,-0.0,-0.0,0.0,0,0.0
5763,3,0.11547005383792533,3.3306690738754696e-16,-0.0,-0.0,0.0,0,0.0
5247,3,0.11547005383792533,3.3306690738754696e-16,-0.0,-0.0,0.0,0,0.0
5237,3,0.11547005383792533,3.3306690738754696e-16,-0.0,-0.0,0.0,0,0.0
5240,3,0.11547005383792533,3.3306690738754696e-16,-0.0,-0.0,0.0,0,0.0
5207,3,0.11547005383792533,3.3306690738754696e-16,-0.0,-0.0,0.0,0,0.0
5188,3,0.11547005383792533,3.3306690738754696e-16,-0.0,-0.0,0.0,0,0.0
5191,3,0.11547005383792533,3.3306690738754696e-16,-0.0,-0.0,0.0,0,0.0
5255,3,0.11547005383792533,3.3306690738754696e-16,-0.0,-0.0,0.0,0,0.0
5256,3,0.11547005383792533,3.3306690738754696e-16,-0.0,-0.0,0.0,0,0.0
301,3,0.11547005383792533,3.3306690738754696e-16,-0.0,-0.0,0.0,0,0.0
305,3,0.11547005383792533,3.3306690738754696e-16,-0.0,-0.0,0.0,0,0.0
3411,3,0.11547005383792533,3.3306690738754696e-16,-0.0,-0.0,0.0,0,0.0
5162,3,0.11547005383792533,3.3306690738754696e-16,-0.0,-0.0,0.0,0,0.0
3403,3,0.11547005383792533,3.3306690738754696e-16,-0.0,-0.0,0.0,0,0.0
3404,3,0.11547005383792533,3.3306690738754696e-16,-0.0,-0.0,0.0,0,0.0
3405,3,0.11547005383792533,3.3306690738754696e-16,-0.0,-0.0,0.0,0,0.0
308,3,0.11547005383792533,3.3306690738754696e-16,-0.0,-0.0,0.0,0,0.0
3429,3,0.11547005383792533,3.3306690738754696e-16,-0.0,-0.0,0.0,0,0.0
3406,3,0.11547005383792533,3.3306690738754696e-16,-0.0,-0.0,0.0,0,0.0
5198,3,0.11547005383792533,3.3306690738754696e-16,-0.0,-0.0,0.0,0,0.0
5199,3,0.11547005383792533,3.3306690738754696e-16,-0.0,-0.0,0.0,0,0.0
5220,3,0.11547005383792533,3.3306690738754696e-16,-0.0,-0.0,0.0,0,0.0
5221,3,0.11547005383792533,3.3306690738754696e-16,-0.0,-0.0,0.0,0,0.0
5225,3,0.11547005383792533,3.3306690738754696e-16,-0.0,-0.0,0.0,0,0.0
291,3,0.11547005383792533,3.3306690738754696e-16,-0.0,-0.0,0.0,0,0.0
3397,3,0.11547005383792533,3.3306690738754696e-16,-0.0,-0.0,0.0,0,0.0
1045,3,0.11547005383792533,3.3306690738754696e-16,-0.0,-0.0,0.0,0,0.0
5063,3,0.11547005383792533,3.3306690738754696e-16,-0.0,-0.0,0.0,0,0.0
5064,3,0.11547005383792533,3.3306690738754696e-16,-0.0,-0.0,0.0,0,0.0
5035,3,0.11547005383792533,3.3306690738754696e-16,-0.0,-0.0,0.0,0,0.0
5068,3,0.11547005383792533,3.3306690738754696e-16,-0.0,-0.0,0.0,0,0.0
5069,3,0.11547005383792533,3.3306690738754696e-16,-0.0,-0.0,0.0,0,0.0
369,3,0.11547005383792533,3.3306690738754696e-16,-0.0,-0.0,0.0,0,0.0
361,3,0.11547005383792533,3.3306690738754696e-16,-0.0,-0.0,0.0,0,0.0
2386,3,0.11547005383792533,3.3306690738754696e-16,-0.0,-0.0,0.0,0,0.0
2374,3,0.11547005383792533,3.3306690738754696e-16,-0.0,-0.0,0.0,0,0.0
2376,3,0.11547005383792533,3.3306690738754696e-16,-0.0,-0.0,0.0,0,0.0
5735,3,0.11547005383792533,3.3306690738754696e-16,-0.0,-0.0,0.0,0,0.0
2382,3,0.11547005383792533,3.3306690738754696e-16,-0.0,-0.0,0.0,0,0.0
376,3,0.11547005383792533,3.3306690738754696e-16,-0.0,-0.0,0.0,0,0.0
5036,3,0.11547005383792533,3.3306690738754696e-16,-0.0,-0.0,0.0,0,0.0
5025,3,0.11547005383792533,3.3306690738754696e-16,-0.0,-0.0,0.0,0,0.0
5027,3,0.11547005383792533,3.3306690738754696e-16,-0.0,-0.0,0.0,0,0.0
5031,3,0.11547005383792533,3.3306690738754696e-16,-0.0,-0.0,0.0,0,0.0
1867,3,0.11547005383792533,3.3306690738754696e-16,-0.0,-0.0,0.0,0,0.0
5009,3,0.11547005383792533,3.3306690738754696e-16,-0.0,-0.0,0.0,0,0.0
4994,3,0.11547005383792533,3.3306690738754696e-16,-0.0,-0.0,0.0,0,0.0
1902,3,0.11547005383792533,3.3306690738754696e-16,-0.0,-0.0,0.0,0,0.0
997,3,0.11547005383792533,3.3306690738754696e-16,-0.0,-0.0,0.0,0,0.0
4975,3,0.11547005383792533,3.3306690738754696e-16,-0.0,-0.0,0.0,0,0.0
2381,3,0.11547005383792533,3.3306690738754696e-16,-0.0,-0.0,0.0,0,0.0
5680,3,0.11547005383792533,3.3306690738754696e-16,-0.0,-0.0,0.0,0,0.0
5665,3,0.11547005383792533,3.3306690738754696e-16,-0.0,-0.0,0.0,0,0.0
5142,3,0.11547005383792533,3.3306690738754696e-16,-0.0,-0.0,0.0,0,0.0
5146,3,0.11547005383792533,3.3306690738754696e-16,-0.0,-0.0,0.0,0,0.0
1836,3,0.11547005383792533,3.3306690738754696e-16,-0.0,-0.0,0.0,0,0.0
1840,3,0.11547005383792533,3.3306690738754696e-16,-0.0,-0.0,0.0,0,0.0
1841,3,0.11547005383792533,3.3306690738754696e-16,-0.0,-0.0,0.0,0,0.0
1825,3,0.11547005383792533,3.3306690738754696e-16,-0.0,-0.0,0.0,0,0.0
1826,3,0.11547005383792533,3.3306690738754696e-16,-0.0,-0.0,0.0,0,0.0
1829,3,0.11547005383792533,3.3306690738754696e-16,-0.0,-0.0,0.0,0,0.0
327,3,0.11547005383792533,3.3306690738754696e-16,-0.0,-0.0,0.0,0,0.0
1883,3,0.11547005383792533,3.3306690738754696e-16,-0.0,-0.0,0.0,0,0.0
5125,3,0.11547005383792533,3.3306690738754696e-16,-0.0,-0.0,0.0,0,0.0
5129,3,0.11547005383792533,3.3306690738754696e-16,-0.0,-0.0,0.0,0,0.0
5122,3,0.11547005383792533,3.3306690738754696e-16,-0.0,-0.0,0.0,0,0.0
1027,3,0.11547005383792533,3.3306690738754696e-16,-0.0,-0.0,0.0,0,0.0
1025,3,0.11547005383792533,3.3306690738754696e-16,-0.0,-0.0,0.0,0,0.0
1047,3,0.11547005383792533,3.3306690738754696e-16,-0.0,-0.0,0.0,0,0.0
1038,3,0.11547005383792533,3.3306690738754696e-16,-0.0,-0.0,0.0,0,0.0
1040,3,0.11547005383792533,3.3306690738754696e-16,-0.0,-0.0,0.0,0,0.0
1041,3,0.11547005383792533,3.3306690738754696e-16,-0.0,-0.0,0.0,0,0.0
5067,3,0.11547005383792533,3.3306690738754696e-16,-0.0,-0.0,0.0,0,0.0
1873,3,0.11547005383792533,3.3306690738754696e-16,-0.0,-0.0,0.0,0,0.0
1878,3,0.11547005383792533,3.3306690738754696e-16,-0.0,-0.0,0.0,0,0.0
5092,3,0.11547005383792533,3.3306690738754696e-16,-0.0,-0.0,0.0,0,0.0
7230,3,0.11547005383792523,1.1102230246251565e-16,-0.0,-0.0,0.0,0,0.0
7210,3,0.11547005383792523,1.1102230246251565e-16,-0.0,-0.0,0.0,0,0.0
7213,3,0.11547005383792523,1.1102230246251565e-16,-0.0,-0.0,0.0,0,0.0
7216,3,0.11547005383792523,1.1102230246251565e-16,-0.0,-0.0,0.0,0,0.0
7254,3,0.11547005383792523,1.1102230246251565e-16,-0.0,-0.0,0.0,0,0.0
7240,3,0.11547005383792523,1.1102230246251565e-16,-0.0,-0.0,0.0,0,0.0
7225,3,0.11547005383792523,1.1102230246251565e-16,-0.0,-0.0,0.0,0,0.0
7229,3,0.11547005383792523,1.1102230246251565e-16,-0.0,-0.0,0.0,0,0.0
7271,3,0.11547005383792523,1.1102230246251565e-16,-0.0,-0.0,0.0,0,0.0
7272,3,0.11547005383792523,1.1102230246251565e-16,-0.0,-0.0,0.0,0,0.0
7248,3,0.11547005383792523,1.1102230246251565e-16,-0.0,-0.0,0.0,0,0.0
7267,3,0.11547005383792523,1.1102230246251565e-16,-0.0,-0.0,0.0,0,0.0
7747,3,0.11547005383792523,1.1102230246251565e-16,-0.0,-0.0,0.0,0,0.0
8693,3,0.11547005383792523,1.1102230246251565e-16,-0.0,-0.0,0.0,0,0.0
8696,3,0.11547005383792523,1.1102230246251565e-16,-0.0,-0.0,0.0,0,0.0
7202,3,0.11547005383792523,1.1102230246251565e-16,-0.0,-0.0,0.0,0,0.0
7203,3,0.11547005383792523,1.1102230246251565e-16,-0.0,-0.0,0.0,0,0.0
7205,3,0.11547005383792523,1.1102230246251565e-16,-0.0,-0.0,0.0,0,0.0
7199,3,0.11547005383792523,1.1102230246251565e-16,-0.0,-0.0,0.0,0,0.0
8761,3,0.11547005383792523,1.1102230246251565e-16,-0.0,-0.0,0.0,0,0.0
8743,3,0.11547005383792523,1.1102230246251565e-16,-0.0,-0.0,0.0,0,0.0
7175,3,0.11547005383792523,1.1102230246251565e-16,-0.0,-0.0,0.0,0,0.0
7184,3,0.11547005383792523,1.1102230246251565e-16,-0.0,-0.0,0.0,0,0.0
7140,3,0.11547005383792523,1.1102230246251565e-16,-0.0,-0.0,0.0,0,0.0
8710,3,0.11547005383792523,1.1102230246251565e-16,-0.0,-0.0,0.0,0,0.0
7268,3,0.11547005383792523,1.1102230246251565e-16,-0.0,-0.0,0.0,0,0.0
7377,3,0.11547005383792523,1.1102230246251565e-16,-0.0,-0.0,0.0,0,0.0
7355,3,0.11547005383792523,1.1102230246251565e-16,-0.0,-0.0,0.0,0,0.0
7358,3,0.11547005383792523,1.1102230246251565e-16,-0.0,-0.0,0.0,0,0.0
7348,3,0.11547005383792523,1.1102230246251565e-16,-0.0,-0.0,0.0,0,0.0
7372,3,0.11547005383792523,1.1102230246251565e-16,-0.0,-0.0,0.0,0,0.0
7385,3,0.11547005383792523,1.1102230246251565e-16,-0.0,-0.0,0.0,0,0.0
7388,3,0.11547005383792523,1.1102230246251565e-16,-0.0,-0.0,0.0,0,0.0
7389,3,0.11547005383792523,1.1102230246251565e-16,-0.0,-0.0,0.0,0,0.0
7296,3,0.11547005383792523,1.1102230246251565e-16,-0.0,-0.0,0.0,0,0.0
7335,3,0.11547005383792523,1.1102230246251565e-16,-0.0,-0.0,0.0,0,0.0
7311,3,0.11547005383792523,1.1102230246251565e-16,-0.0,-0.0,0.0,0,0.0
7313,3,0.11547005383792523,1.1102230246251565e-16,-0.0,-0.0,0.0,0,0.0
8577,3,0.11547005383792523,1.1102230246251565e-16,-0.0,-0.0,0.0,0,0.0
7325,3,0.11547005383792523,1.1102230246251565e-16,-0.0,-0.0,0.0,0,0.0
7354,3,0.11547005383792523,1.1102230246251565e-16,-0.0,-0.0,0.0,0,0.0
7341,3,0.11547005383792523,1.1102230246251565e-16,-0.0,-0.0,0.0,0,0.0
7342,3,0.11547005383792523,1.1102230246251565e-16,-0.0,-0.0,0.0,0,0.0
8614,3,0.11547005383792523,1.1102230246251565e-16,-0.0,-0.0,0.0,0,0.0
8603,3,0.11547005383792523,1.1102230246251565e-16,-0.0,-0.0,0.0,0,0.0
8604,3,0.11547005383792523,1.1102230246251565e-16,-0.0,-0.0,0.0,0,0.0
8581,3,0.11547005383792523,1.1102230246251565e-16,-0.0,-0.0,0.0,0,0.0
8649,3,0.11547005383792523,1.1102230246251565e-16,-0.0,-0.0,0.0,0,0.0
8665,3,0.11547005383792523,1.1102230246251565e-16,-0.0,-0.0,0.0,0,0.0
7288,3,0.11547005383792523,1.1102230246251565e-16,-0.0,-0.0,0.0,0,0.0
8585,3,0.11547005383792523,1.1102230246251565e-16,-0.0,-0.0,0.0,0,0.0
8576,3,0.11547005383792523,1.1102230246251565e-16,-0.0,-0.0,0.0,0,0.0
7320,3,0.11547005383792523,1.1102230246251565e-16,-0.0,-0.0,0.0,0,0.0
8852,3,0.11547005383792523,1.1102230246251565e-16,-0.0,-0.0,0.0,0,0.0
8867,3,0.11547005383792523,1.1102230246251565e-16,-0.0,-0.0,0.0,0,0.0
8871,3,0.11547005383792523,1.1102230246251565e-16,-0.0,-0.0,0.0,0,0.0
3380,3,0.11547005383792523,1.1102230246251565e-16,-0.0,-0.0,0.0,0,0.0
8887,3,0.11547005383792523,1.1102230246251565e-16,-0.0,-0.0,0.0,0,0.0
8901,3,0.11547005383792523,1.1102230246251565e-16,-0.0,-0.0,0.0,0,0.0
8923,3,0.11547005383792523,1.1102230246251565e-16,-0.0,-0.0,0.0,0,0.0
8924,3,0.11547005383792523,1.1102230246251565e-16,-0.0,-0.0,0.0,0,0.0
8914,3,0.11547005383792523,1.1102230246251565e-16,-0.0,-0.0,0.0,0,0.0
6992,3,0.11547005383792523,1.1102230246251565e-16,-0.0,-0.0,0.0,0,0.0
6995,3,0.11547005383792523,1.1102230246251565e-16,-0.0,-0.0,0.0,0,0.0
6976,3,0.11547005383792523,1.1102230246251565e-16,-0.0,-0.0,0.0,0,0.0
7164,3,0.11547005383792523,1.1102230246251565e-16,-0.0,-0.0,0.0,0,0.0
8917,3,0.11547005383792523,1.1102230246251565e-16,-0.0,-0.0,0.0,0,0.0
8902,3,0.11547005383792523,1.1102230246251565e-16,-0.0,-0.0,0.0,0,0.0
8900,3,0.11547005383792523,1.1102230246251565e-16,-0.0,-0.0,0.0,0,0.0
6969,3,0.11547005383792523,1.1102230246251565e-16,-0.0,-0.0,0.0,0,0.0
6981,3,0.11547005383792523,1.1102230246251565e-16,-0.0,-0.0,0.0,0,0.0
6944,3,0.11547005383792523,1.1102230246251565e-16,-0.0,-0.0,0.0,0,0.0
6962,3,0.11547005383792523,1.1102230246251565e-16,-0.0,-0.0,0.0,0,0.0
6968,3,0.11547005383792523,1.1102230246251565e-16,-0.0,-0.0,0.0,0,0.0
6949,3,0.11547005383792523,1.1102230246251565e-16,-0.0,-0.0,0.0,0,0.0
6956,3,0.11547005383792523,1.1102230246251565e-16,-0.0,-0.0,0.0,0,0.0
6940,3,0.11547005383792523,1.1102230246251565e-16,-0.0,-0.0,0.0,0,0.0
8955,3,0.11547005383792523,1.1102230246251565e-16,-0.0,-0.0,0.0,0,0.0
7001,3,0.11547005383792523,1.1102230246251565e-16,-0.0,-0.0,0.0,0,0.0
8730,3,0.11547005383792523,1.1102230246251565e-16,-0.0,-0.0,0.0,0,0.0
8717,3,0.11547005383792523,1.1102230246251565e-16,-0.0,-0.0,0.0,0,0.0
8719,3,0.11547005383792523,1.1102230246251565e-16,-0.0,-0.0,0.0,0,0.0
8707,3,0.11547005383792523,1.1102230246251565e-16,-0.0,-0.0,0.0,0,0.0
8798,3,0.11547005383792523,1.1102230246251565e-16,-0.0,-0.0,0.0,0,0.0
8786,3,0.11547005383792523,1.1102230246251565e-16,-0.0,-0.0,0.0,0,0.0
8793,3,0.11547005383792523,1.1102230246251565e-16,-0.0,-0.0,0.0,0,0.0
7098,3,0.11547005383792523,1.1102230246251565e-16,-0.0,-0.0,0.0,0,0.0
3450,3,0.11547005383792523,1.1102230246251565e-16,-0.0,-0.0,0.0,0,0.0
8797,3,0.11547005383792523,1.1102230246251565e-16,-0.0,-0.0,0.0,0,0.0
1078,3,0.11547005383792523,1.1102230246251565e-16,-0.0,-0.0,0.0,0,0.0
7115,3,0.11547005383792523,1.1102230246251565e-16,-0.0,-0.0,0.0,0,0.0
8876,3,0.11547005383792523,1.1102230246251565e-16,-0.0,-0.0,0.0,0,0.0
8861,3,0.11547005383792523,1.1102230246251565e-16,-0.0,-0.0,0.0,0,0.0
8846,3,0.11547005383792523,1.1102230246251565e-16,-0.0,-0.0,0.0,0,0.0
7091,3,0.11547005383792523,1.1102230246251565e-16,-0.0,-0.0,0.0,0,0.0
7092,3,0.11547005383792523,1.1102230246251565e-16,-0.0,-0.0,0.0,0,0.0
8773,3,0.11547005383792523,1.1102230246251565e-16,-0.0,-0.0,0.0,0,0.0
7099,3,0.11547005383792523,1.1102230246251565e-16,-0.0,-0.0,0.0,0,0.0
7103,3,0.11547005383792523,1.1102230246251565e-16,-0.0,-0.0,0.0,0,0.0
8794,3,0.11547005383792523,1.1102230246251565e-16,-0.0,-0.0,0.0,0,0.0
8768,3,0.11547005383792523,1.1102230246251565e-16,-0.0,-0.0,0.0,0,0.0
8769,3,0.11547005383792523,1.1102230246251565e-16,-0.0,-0.0,0.0,0,0.0
8880,3,0.11547005383792523,1.1102230246251565e-16,-0.0,-0.0,0.0,0,0.0
8850,3,0.11547005383792523,1.1102230246251565e-16,-0.0,-0.0,0.0,0,0.0
8833,3,0.11547005383792523,1.1102230246251565e-16,-0.0,-0.0,0.0,0,0.0
7120,3,0.11547005383792523,1.1102230246251565e-16,-0.0,-0.0,0.0,0,0.0
8320,3,0.11547005383792523,1.1102230246251565e-16,-0.0,-0.0,0.0,0,0.0
8322,3,0.11547005383792523,1.1102230246251565e-16,-0.0,-0.0,0.0,0,0.0
8357,3,0.11547005383792523,1.1102230246251565e-16,-0.0,-0.0,0.0,0,0.0
7641,3,0.11547005383792523,1.1102230246251565e-16,-0.0,-0.0,0.0,0,0.0
7646,3,0.11547005383792523,1.1102230246251565e-16,-0.0,-0.0,0.0,0,0.0
7626,3,0.11547005383792523,1.1102230246251565e-16,-0.0,-0.0,0.0,0,0.0
7648,3,0.11547005383792523,1.1102230246251565e-16,-0.0,-0.0,0.0,0,0.0
7654,3,0.11547005383792523,1.1102230246251565e-16,-0.0,-0.0,0.0,0,0.0
7657,3,0.11547005383792523,1.1102230246251565e-16,-0.0,-0.0,0.0,0,0.0
7660,3,0.11547005383792523,1.1102230246251565e-16,-0.0,-0.0,0.0,0,0.0
7615,3,0.11547005383792523,1.1102230246251565e-16,-0.0,-0.0,0.0,0,0.0
7596,3,0.11547005383792523,1.1102230246251565e-16,-0.0,-0.0,0.0,0,0.0
8558,3,0.11547005383792523,1.1102230246251565e-16,-0.0,-0.0,0.0,0,0.0
7598,3,0.11547005383792523,1.1102230246251565e-16,-0.0,-0.0,0.0,0,0.0
8325,3,0.11547005383792523,1.1102230246251565e-16,-0.0,-0.0,0.0,0,0.0
8312,3,0.11547005383792523,1.1102230246251565e-16,-0.0,-0.0,0.0,0,0.0
8313,3,0.11547005383792523,1.1102230246251565e-16,-0.0,-0.0,0.0,0,0.0
8315,3,0.11547005383792523,1.1102230246251565e-16,-0.0,-0.0,0.0,0,0.0
8377,3,0.11547005383792523,1.1102230246251565e-16,-0.0,-0.0,0.0,0,0.0
8379,3,0.11547005383792523,1.1102230246251565e-16,-0.0,-0.0,0.0,0,0.0
8370,3,0.11547005383792523,1.1102230246251565e-16,-0.0,-0.0,0.0,0,0.0
8412,3,0.11547005383792523,1.1102230246251565e-16,-0.0,-0.0,0.0,0,0.0
8393,3,0.11547005383792523,1.1102230246251565e-16,-0.0,-0.0,0.0,0,0.0
8391,3,0.11547005383792523,1.1102230246251565e-16,-0.0,-0.0,0.0,0,0.0
8376,3,0.11547005383792523,1.1102230246251565e-16,-0.0,-0.0,0.0,0,0.0
7597,3,0.11547005383792523,1.1102230246251565e-16,-0.0,-0.0,0.0,0,0.0
7727,3,0.11547005383792523,1.1102230246251565e-16,-0.0,-0.0,0.0,0,0.0
7729,3,0.11547005383792523,1.1102230246251565e-16,-0.0,-0.0,0.0,0,0.0
8182,3,0.11547005383792523,1.1102230246251565e-16,-0.0,-0.0,0.0,0,0.0
7740,3,0.11547005383792523,1.1102230246251565e-16,-0.0,-0.0,0.0,0,0.0
3781,3,0.11547005383792523,1.1102230246251565e-16,-0.0,-0.0,0.0,0,0.0
7710,3,0.11547005383792523,1.1102230246251565e-16,-0.0,-0.0,0.0,0,0.0
3770,3,0.11547005383792523,1.1102230246251565e-16,-0.0,-0.0,0.0,0,0.0
3784,3,0.11547005383792523,1.1102230246251565e-16,-0.0,-0.0,0.0,0,0.0
7703,3,0.11547005383792523,1.1102230246251565e-16,-0.0,-0.0,0.0,0,0.0
7705,3,0.11547005383792523,1.1102230246251565e-16,-0.0,-0.0,0.0,0,0.0
7707,3,0.11547005383792523,1.1102230246251565e-16,-0.0,-0.0,0.0,0,0.0
7688,3,0.11547005383792523,1.1102230246251565e-16,-0.0,-0.0,0.0,0,0.0
8327,3,0.11547005383792523,1.1102230246251565e-16,-0.0,-0.0,0.0,0,0.0
8211,3,0.11547005383792523,1.1102230246251565e-16,-0.0,-0.0,0.0,0,0.0
7699,3,0.11547005383792523,1.1102230246251565e-16,-0.0,-0.0,0.0,0,0.0
7681,3,0.11547005383792523,1.1102230246251565e-16,-0.0,-0.0,0.0,0,0.0
3759,3,0.11547005383792523,1.1102230246251565e-16,-0.0,-0.0,0.0,0,0.0
7669,3,0.11547005383792523,1.1102230246251565e-16,-0.0,-0.0,0.0,0,0.0
7670,3,0.11547005383792523,1.1102230246251565e-16,-0.0,-0.0,0.0,0,0.0
7665,3,0.11547005383792523,1.1102230246251565e-16,-0.0,-0.0,0.0,0,0.0
7666,3,0.11547005383792523,1.1102230246251565e-16,-0.0,-0.0,0.0,0,0.0
7667,3,0.11547005383792523,1.1102230246251565e-16,-0.0,-0.0,0.0,0,0.0
7677,3,0.11547005383792523,1.1102230246251565e-16,-0.0,-0.0,0.0,0,0.0
8349,3,0.11547005383792523,1.1102230246251565e-16,-0.0,-0.0,0.0,0,0.0
8342,3,0.11547005383792523,1.1102230246251565e-16,-0.0,-0.0,0.0,0,0.0
8347,3,0.11547005383792523,1.1102230246251565e-16,-0.0,-0.0,0.0,0,0.0
7692,3,0.11547005383792523,1.1102230246251565e-16,-0.0,-0.0,0.0,0,0.0
7480,3,0.11547005383792523,1.1102230246251565e-16,-0.0,-0.0,0.0,0,0.0
7488,3,0.11547005383792523,1.1102230246251565e-16,-0.0,-0.0,0.0,0,0.0
7464,3,0.11547005383792523,1.1102230246251565e-16,-0.0,-0.0,0.0,0,0.0
7469,3,0.11547005383792523,1.1102230246251565e-16,-0.0,-0.0,0.0,0,0.0
7473,3,0.11547005383792523,1.1102230246251565e-16,-0.0,-0.0,0.0,0,0.0
8501,3,0.11547005383792523,1.1102230246251565e-16,-0.0,-0.0,0.0,0,0.0
8481,3,0.11547005383792523,1.1102230246251565e-16,-0.0,-0.0,0.0,0,0.0
8518,3,0.11547005383792523,1.1102230246251565e-16,-0.0,-0.0,0.0,0,0.0
8520,3,0.11547005383792523,1.1102230246251565e-16,-0.0,-0.0,0.0,0,0.0
8537,3,0.11547005383792523,1.1102230246251565e-16,-0.0,-0.0,0.0,0,0.0
7452,3,0.11547005383792523,1.1102230246251565e-16,-0.0,-0.0,0.0,0,0.0
7440,3,0.11547005383792523,1.1102230246251565e-16,-0.0,-0.0,0.0,0,0.0
8419,3,0.11547005383792523,1.1102230246251565e-16,-0.0,-0.0,0.0,0,0.0
7414,3,0.11547005383792523,1.1102230246251565e-16,-0.0,-0.0,0.0,0,0.0
7397,3,0.11547005383792523,1.1102230246251565e-16,-0.0,-0.0,0.0,0,0.0
7426,3,0.11547005383792523,1.1102230246251565e-16,-0.0,-0.0,0.0,0,0.0
7428,3,0.11547005383792523,1.1102230246251565e-16,-0.0,-0.0,0.0,0,0.0
7429,3,0.11547005383792523,1.1102230246251565e-16,-0.0,-0.0,0.0,0,0.0
7438,3,0.11547005383792523,1.1102230246251565e-16,-0.0,-0.0,0.0,0,0.0
8477,3,0.11547005383792523,1.1102230246251565e-16,-0.0,-0.0,0.0,0,0.0
7446,3,0.11547005383792523,1.1102230246251565e-16,-0.0,-0.0,0.0,0,0.0
7447,3,0.11547005383792523,1.1102230246251565e-16,-0.0,-0.0,0.0,0,0.0
7432,3,0.11547005383792523,1.1102230246251565e-16,-0.0,-0.0,0.0,0,0.0
8561,3,0.11547005383792523,1.1102230246251565e-16,-0.0,-0.0,0.0,0,0.0
8574,3,0.11547005383792523,1.1102230246251565e-16,-0.0,-0.0,0.0,0,0.0
7441,3,0.11547005383792523,1.1102230246251565e-16,-0.0,-0.0,0.0,0,0.0
8403,3,0.11547005383792523,1.1102230246251565e-16,-0.0,-0.0,0.0,0,0.0
8407,3,0.11547005383792523,1.1102230246251565e-16,-0.0,-0.0,0.0,0,0.0
7554,3,0.11547005383792523,1.1102230246251565e-16,-0.0,-0.0,0.0,0,0.0
7555,3,0.11547005383792523,1.1102230246251565e-16,-0.0,-0.0,0.0,0,0.0
7557,3,0.11547005383792523,1.1102230246251565e-16,-0.0,-0.0,0.0,0,0.0
7563,3,0.11547005383792523,1.1102230246251565e-16,-0.0,-0.0,0.0,0,0.0
7584,3,0.11547005383792523,1.1102230246251565e-16,-0.0,-0.0,0.0,0,0.0
7590,3,0.11547005383792523,1.1102230246251565e-16,-0.0,-0.0,0.0,0,0.0
7567,3,0.11547005383792523,1.1102230246251565e-16,-0.0,-0.0,0.0,0,0.0
8454,3,0.11547005383792523,1.1102230246251565e-16,-0.0,-0.0,0.0,0,0.0
8456,3,0.11547005383792523,1.1102230246251565e-16,-0.0,-0.0,0.0,0,0.0
8457,3,0.11547005383792523,1.1102230246251565e-16,-0.0,-0.0,0.0,0,0.0
7463,3,0.11547005383792523,1.1102230246251565e-16,-0.0,-0.0,0.0,0,0.0
7512,3,0.11547005383792523,1.1102230246251565e-16,-0.0,-0.0,0.0,0,0.0
7514,3,0.11547005383792523,1.1102230246251565e-16,-0.0,-0.0,0.0,0,0.0
7489,3,0.11547005383792523,1.1102230246251565e-16,-0.0,-0.0,0.0,0,0.0
7494,3,0.11547005383792523,1.1102230246251565e-16,-0.0,-0.0,0.0,0,0.0
7497,3,0.11547005383792523,1.1102230246251565e-16,-0.0,-0.0,0.0,0,0.0
7527,3,0.11547005383792523,1.1102230246251565e-16,-0.0,-0.0,0.0,0,0.0
7532,3,0.11547005383792523,1.1102230246251565e-16,-0.0,-0.0,0.0,0,0.0
7511,3,0.11547005383792523,1.1102230246251565e-16,-0.0,-0.0,0.0,0,0.0
7551,3,0.11547005383792523,1.1102230246251565e-16,-0.0,-0.0,0.0,0,0.0
7534,3,0.11547005383792523,1.1102230246251565e-16,-0.0,-0.0,0.0,0,0.0
7541,3,0.11547005383792523,1.1102230246251565e-16,-0.0,-0.0,0.0,0,0.0
7542,3,0.11547005383792523,1.1102230246251565e-16,-0.0,-0.0,0.0,0,0.0
8429,3,0.11547005383792523,1.1102230246251565e-16,-0.0,-0.0,0.0,0,0.0
8478,3,0.11547005383792523,1.1102230246251565e-16,-0.0,-0.0,0.0,0,0.0
6088,3,0.11547005383792523,1.1102230246251565e-16,-0.0,-0.0,0.0,0,0.0
6133,3,0.11547005383792523,1.1102230246251565e-16,-0.0,-0.0,0.0,0,0.0
9257,3,0.11547005383792523,1.1102230246251565e-16,-0.0,-0.0,0.0,0,0.0
9242,3,0.11547005383792523,1.1102230246251565e-16,-0.0,-0.0,0.0,0,0.0
9241,3,0.11547005383792523,1.1102230246251565e-16,-0.0,-0.0,0.0,0,0.0
6083,3,0.11547005383792523,1.1102230246251565e-16,-0.0,-0.0,0.0,0,0.0
9254,3,0.11547005383792523,1.1102230246251565e-16,-0.0,-0.0,0.0,0,0.0
6428,3,0.11547005383792523,1.1102230246251565e-16,-0.0,-0.0,0.0,0,0.0
6415,3,0.11547005383792523,1.1102230246251565e-16,-0.0,-0.0,0.0,0,0.0
6449,3,0.11547005383792523,1.1102230246251565e-16,-0.0,-0.0,0.0,0,0.0
6451,3,0.11547005383792523,1.1102230246251565e-16,-0.0,-0.0,0.0,0,0.0
6431,3,0.11547005383792523,1.1102230246251565e-16,-0.0,-0.0,0.0,0,0.0
8983,3,0.11547005383792523,1.1102230246251565e-16,-0.0,-0.0,0.0,0,0.0
6426,3,0.11547005383792523,1.1102230246251565e-16,-0.0,-0.0,0.0,0,0.0
6110,3,0.11547005383792523,1.1102230246251565e-16,-0.0,-0.0,0.0,0,0.0
6093,3,0.11547005383792523,1.1102230246251565e-16,-0.0,-0.0,0.0,0,0.0
6096,3,0.11547005383792523,1.1102230246251565e-16,-0.0,-0.0,0.0,0,0.0
6437,3,0.11547005383792523,1.1102230246251565e-16,-0.0,-0.0,0.0,0,0.0
6445,3,0.11547005383792523,1.1102230246251565e-16,-0.0,-0.0,0.0,0,0.0
6446,3,0.11547005383792523,1.1102230246251565e-16,-0.0,-0.0,0.0,0,0.0
9280,3,0.11547005383792523,1.1102230246251565e-16,-0.0,-0.0,0.0,0,0.0
9285,3,0.11547005383792523,1.1102230246251565e-16,-0.0,-0.0,0.0,0,0.0
6389,3,0.11547005383792523,1.1102230246251565e-16,-0.0,-0.0,0.0,0,0.0
6392,3,0.11547005383792523,1.1102230246251565e-16,-0.0,-0.0,0.0,0,0.0
6395,3,0.11547005383792523,1.1102230246251565e-16,-0.0,-0.0,0.0,0,0.0
6432,3,0.11547005383792523,1.1102230246251565e-16,-0.0,-0.0,0.0,0,0.0
6491,3,0.11547005383792523,1.1102230246251565e-16,-0.0,-0.0,0.0,0,0.0
6468,3,0.11547005383792523,1.1102230246251565e-16,-0.0,-0.0,0.0,0,0.0
6469,3,0.11547005383792523,1.1102230246251565e-16,-0.0,-0.0,0.0,0,0.0
5954,3,0.11547005383792523,1.1102230246251565e-16,-0.0,-0.0,0.0,0,0.0
6496,3,0.11547005383792523,1.1102230246251565e-16,-0.0,-0.0,0.0,0,0.0
6497,3,0.11547005383792523,1.1102230246251565e-16,-0.0,-0.0,0.0,0,0.0
6500,3,0.11547005383792523,1.1102230246251565e-16,-0.0,-0.0,0.0,0,0.0
5982,3,0.11547005383792523,1.1102230246251565e-16,-0.0,-0.0,0.0,0,0.0
5983,3,0.11547005383792523,1.1102230246251565e-16,-0.0,-0.0,0.0,0,0.0
5974,3,0.11547005383792523,1.1102230246251565e-16,-0.0,-0.0,0.0,0,0.0
5960,3,0.11547005383792523,1.1102230246251565e-16,-0.0,-0.0,0.0,0,0.0
9187,3,0.11547005383792523,1.1102230246251565e-16,-0.0,-0.0,0.0,0,0.0
6109,3,0.11547005383792523,1.1102230246251565e-16,-0.0,-0.0,0.0,0,0.0
9177,3,0.11547005383792523,1.1102230246251565e-16,-0.0,-0.0,0.0,0,0.0
6510,3,0.11547005383792523,1.1102230246251565e-16,-0.0,-0.0,0.0,0,0.0
5984,3,0.11547005383792523,1.1102230246251565e-16,-0.0,-0.0,0.0,0,0.0
6470,3,0.11547005383792523,1.1102230246251565e-16,-0.0,-0.0,0.0,0,0.0
6471,3,0.11547005383792523,1.1102230246251565e-16,-0.0,-0.0,0.0,0,0.0
6475,3,0.11547005383792523,1.1102230246251565e-16,-0.0,-0.0,0.0,0,0.0
6476,3,0.11547005383792523,1.1102230246251565e-16,-0.0,-0.0,0.0,0,0.0
9229,3,0.11547005383792523,1.1102230246251565e-16,-0.0,-0.0,0.0,0,0.0
9262,3,0.11547005383792523,1.1102230246251565e-16,-0.0,-0.0,0.0,0,0.0
6456,3,0.11547005383792523,1.1102230246251565e-16,-0.0,-0.0,0.0,0,0.0
6461,3,0.11547005383792523,1.1102230246251565e-16,-0.0,-0.0,0.0,0,0.0
6463,3,0.11547005383792523,1.1102230246251565e-16,-0.0,-0.0,0.0,0,0.0
6123,3,0.11547005383792523,1.1102230246251565e-16,-0.0,-0.0,0.0,0,0.0
9191,3,0.11547005383792523,1.1102230246251565e-16,-0.0,-0.0,0.0,0,0.0
6223,3,0.11547005383792523,1.1102230246251565e-16,-0.0,-0.0,0.0,0,0.0
6212,3,0.11547005383792523,1.1102230246251565e-16,-0.0,-0.0,0.0,0,0.0
6214,3,0.11547005383792523,1.1102230246251565e-16,-0.0,-0.0,0.0,0,0.0
6244,3,0.11547005383792523,1.1102230246251565e-16,-0.0,-0.0,0.0,0,0.0
8013,3,0.11547005383792523,1.1102230246251565e-16,-0.0,-0.0,0.0,0,0.0
8019,3,0.11547005383792523,1.1102230246251565e-16,-0.0,-0.0,0.0,0,0.0
8023,3,0.11547005383792523,1.1102230246251565e-16,-0.0,-0.0,0.0,0,0.0
8008,3,0.11547005383792523,1.1102230246251565e-16,-0.0,-0.0,0.0,0,0.0
8010,3,0.11547005383792523,1.1102230246251565e-16,-0.0,-0.0,0.0,0,0.0
9414,3,0.11547005383792523,1.1102230246251565e-16,-0.0,-0.0,0.0,0,0.0
9418,3,0.11547005383792523,1.1102230246251565e-16,-0.0,-0.0,0.0,0,0.0
9410,3,0.11547005383792523,1.1102230246251565e-16,-0.0,-0.0,0.0,0,0.0
9290,3,0.11547005383792523,1.1102230246251565e-16,-0.0,-0.0,0.0,0,0.0
9369,3,0.11547005383792523,1.1102230246251565e-16,-0.0,-0.0,0.0,0,0.0
6262,3,0.11547005383792523,1.1102230246251565e-16,-0.0,-0.0,0.0,0,0.0
6270,3,0.11547005383792523,1.1102230246251565e-16,-0.0,-0.0,0.0,0,0.0
6251,3,0.11547005383792523,1.1102230246251565e-16,-0.0,-0.0,0.0,0,0.0
6252,3,0.11547005383792523,1.1102230246251565e-16,-0.0,-0.0,0.0,0,0.0
6255,3,0.11547005383792523,1.1102230246251565e-16,-0.0,-0.0,0.0,0,0.0
6283,3,0.11547005383792523,1.1102230246251565e-16,-0.0,-0.0,0.0,0,0.0
6277,3,0.11547005383792523,1.1102230246251565e-16,-0.0,-0.0,0.0,0,0.0
6278,3,0.11547005383792523,1.1102230246251565e-16,-0.0,-0.0,0.0,0,0.0
6315,3,0.11547005383792523,1.1102230246251565e-16,-0.0,-0.0,0.0,0,0.0
6316,3,0.11547005383792523,1.1102230246251565e-16,-0.0,-0.0,0.0,0,0.0
6304,3,0.11547005383792523,1.1102230246251565e-16,-0.0,-0.0,0.0,0,0.0
9370,3,0.11547005383792523,1.1102230246251565e-16,-0.0,-0.0,0.0,0,0.0
9295,3,0.11547005383792523,1.1102230246251565e-16,-0.0,-0.0,0.0,0,0.0
6401,3,0.11547005383792523,1.1102230246251565e-16,-0.0,-0.0,0.0,0,0.0
6387,3,0.11547005383792523,1.1102230246251565e-16,-0.0,-0.0,0.0,0,0.0
6166,3,0.11547005383792523,1.1102230246251565e-16,-0.0,-0.0,0.0,0,0.0
6157,3,0.11547005383792523,1.1102230246251565e-16,-0.0,-0.0,0.0,0,0.0
6149,3,0.11547005383792523,1.1102230246251565e-16,-0.0,-0.0,0.0,0,0.0
6181,3,0.11547005383792523,1.1102230246251565e-16,-0.0,-0.0,0.0,0,0.0
6186,3,0.11547005383792523,1.1102230246251565e-16,-0.0,-0.0,0.0,0,0.0
6160,3,0.11547005383792523,1.1102230246251565e-16,-0.0,-0.0,0.0,0,0.0
6162,3,0.11547005383792523,1.1102230246251565e-16,-0.0,-0.0,0.0,0,0.0
6379,3,0.11547005383792523,1.1102230246251565e-16,-0.0,-0.0,0.0,0,0.0
6197,3,0.11547005383792523,1.1102230246251565e-16,-0.0,-0.0,0.0,0,0.0
6222,3,0.11547005383792523,1.1102230246251565e-16,-0.0,-0.0,0.0,0,0.0
6243,3,0.11547005383792523,1.1102230246251565e-16,-0.0,-0.0,0.0,0,0.0
6354,3,0.11547005383792523,1.1102230246251565e-16,-0.0,-0.0,0.0,0,0.0
6355,3,0.11547005383792523,1.1102230246251565e-16,-0.0,-0.0,0.0,0,0.0
6358,3,0.11547005383792523,1.1102230246251565e-16,-0.0,-0.0,0.0,0,0.0
6199,3,0.11547005383792523,1.1102230246251565e-16,-0.0,-0.0,0.0,0,0.0
6206,3,0.11547005383792523,1.1102230246251565e-16,-0.0,-0.0,0.0,0,0.0
9303,3,0.11547005383792523,1.1102230246251565e-16,-0.0,-0.0,0.0,0,0.0
9309,3,0.11547005383792523,1.1102230246251565e-16,-0.0,-0.0,0.0,0,0.0
6332,3,0.11547005383792523,1.1102230246251565e-16,-0.0,-0.0,0.0,0,0.0
6334,3,0.11547005383792523,1.1102230246251565e-16,-0.0,-0.0,0.0,0,0.0
6336,3,0.11547005383792523,1.1102230246251565e-16,-0.0,-0.0,0.0,0,0.0
6346,3,0.11547005383792523,1.1102230246251565e-16,-0.0,-0.0,0.0,0,0.0
6218,3,0.11547005383792523,1.1102230246251565e-16,-0.0,-0.0,0.0,0,0.0
6198,3,0.11547005383792523,1.1102230246251565e-16,-0.0,-0.0,0.0,0,0.0
6773,3,0.11547005383792523,1.1102230246251565e-16,-0.0,-0.0,0.0,0,0.0
6774,3,0.11547005383792523,1.1102230246251565e-16,-0.0,-0.0,0.0,0,0.0
6775,3,0.11547005383792523,1.1102230246251565e-16,-0.0,-0.0,0.0,0,0.0
6777,3,0.11547005383792523,1.1102230246251565e-16,-0.0,-0.0,0.0,0,0.0
6782,3,0.11547005383792523,1.1102230246251565e-16,-0.0,-0.0,0.0,0,0.0
9058,3,0.11547005383792523,1.1102230246251565e-16,-0.0,-0.0,0.0,0,0.0
6759,3,0.11547005383792523,1.1102230246251565e-16,-0.0,-0.0,0.0,0,0.0
6761,3,0.11547005383792523,1.1102230246251565e-16,-0.0,-0.0,0.0,0,0.0
6763,3,0.11547005383792523,1.1102230246251565e-16,-0.0,-0.0,0.0,0,0.0
6722,3,0.11547005383792523,1.1102230246251565e-16,-0.0,-0.0,0.0,0,0.0
6723,3,0.11547005383792523,1.1102230246251565e-16,-0.0,-0.0,0.0,0,0.0
6707,3,0.11547005383792523,1.1102230246251565e-16,-0.0,-0.0,0.0,0,0.0
6482,3,0.11547005383792523,1.1102230246251565e-16,-0.0,-0.0,0.0,0,0.0
6717,3,0.11547005383792523,1.1102230246251565e-16,-0.0,-0.0,0.0,0,0.0
6720,3,0.11547005383792523,1.1102230246251565e-16,-0.0,-0.0,0.0,0,0.0
6729,3,0.11547005383792523,1.1102230246251565e-16,-0.0,-0.0,0.0,0,0.0
5712,3,0.11547005383792523,1.1102230246251565e-16,-0.0,-0.0,0.0,0,0.0
5714,3,0.11547005383792523,1.1102230246251565e-16,-0.0,-0.0,0.0,0,0.0
5699,3,0.11547005383792523,1.1102230246251565e-16,-0.0,-0.0,0.0,0,0.0
5708,3,0.11547005383792523,1.1102230246251565e-16,-0.0,-0.0,0.0,0,0.0
6690,3,0.11547005383792523,1.1102230246251565e-16,-0.0,-0.0,0.0,0,0.0
5730,3,0.11547005383792523,1.1102230246251565e-16,-0.0,-0.0,0.0,0,0.0
5719,3,0.11547005383792523,1.1102230246251565e-16,-0.0,-0.0,0.0,0,0.0
5754,3,0.11547005383792523,1.1102230246251565e-16,-0.0,-0.0,0.0,0,0.0
5739,3,0.11547005383792523,1.1102230246251565e-16,-0.0,-0.0,0.0,0,0.0
5668,3,0.11547005383792523,1.1102230246251565e-16,-0.0,-0.0,0.0,0,0.0
8992,3,0.11547005383792523,1.1102230246251565e-16,-0.0,-0.0,0.0,0,0.0
8979,3,0.11547005383792523,1.1102230246251565e-16,-0.0,-0.0,0.0,0,0.0
6880,3,0.11547005383792523,1.1102230246251565e-16,-0.0,-0.0,0.0,0,0.0
6883,3,0.11547005383792523,1.1102230246251565e-16,-0.0,-0.0,0.0,0,0.0
6899,3,0.11547005383792523,1.1102230246251565e-16,-0.0,-0.0,0.0,0,0.0
6876,3,0.11547005383792523,1.1102230246251565e-16,-0.0,-0.0,0.0,0,0.0
6865,3,0.11547005383792523,1.1102230246251565e-16,-0.0,-0.0,0.0,0,0.0
6854,3,0.11547005383792523,1.1102230246251565e-16,-0.0,-0.0,0.0,0,0.0
8964,3,0.11547005383792523,1.1102230246251565e-16,-0.0,-0.0,0.0,0,0.0
9032,3,0.11547005383792523,1.1102230246251565e-16,-0.0,-0.0,0.0,0,0.0
9018,3,0.11547005383792523,1.1102230246251565e-16,-0.0,-0.0,0.0,0,0.0
9025,3,0.11547005383792523,1.1102230246251565e-16,-0.0,-0.0,0.0,0,0.0
6771,3,0.11547005383792523,1.1102230246251565e-16,-0.0,-0.0,0.0,0,0.0
9027,3,0.11547005383792523,1.1102230246251565e-16,-0.0,-0.0,0.0,0,0.0
6837,3,0.11547005383792523,1.1102230246251565e-16,-0.0,-0.0,0.0,0,0.0
6823,3,0.11547005383792523,1.1102230246251565e-16,-0.0,-0.0,0.0,0,0.0
6815,3,0.11547005383792523,1.1102230246251565e-16,-0.0,-0.0,0.0,0,0.0
6832,3,0.11547005383792523,1.1102230246251565e-16,-0.0,-0.0,0.0,0,0.0
6816,3,0.11547005383792523,1.1102230246251565e-16,-0.0,-0.0,0.0,0,0.0
6819,3,0.11547005383792523,1.1102230246251565e-16,-0.0,-0.0,0.0,0,0.0
9011,3,0.11547005383792523,1.1102230246251565e-16,-0.0,-0.0,0.0,0,0.0
9002,3,0.11547005383792523,1.1102230246251565e-16,-0.0,-0.0,0.0,0,0.0
6827,3,0.11547005383792523,1.1102230246251565e-16,-0.0,-0.0,0.0,0,0.0
9048,3,0.11547005383792523,1.1102230246251565e-16,-0.0,-0.0,0.0,0,0.0
6794,3,0.11547005383792523,1.1102230246251565e-16,-0.0,-0.0,0.0,0,0.0
6785,3,0.11547005383792523,1.1102230246251565e-16,-0.0,-0.0,0.0,0,0.0
9010,3,0.11547005383792523,1.1102230246251565e-16,-0.0,-0.0,0.0,0,0.0
9164,3,0.11547005383792523,1.1102230246251565e-16,-0.0,-0.0,0.0,0,0.0
9171,3,0.11547005383792523,1.1102230246251565e-16,-0.0,-0.0,0.0,0,0.0
9156,3,0.11547005383792523,1.1102230246251565e-16,-0.0,-0.0,0.0,0,0.0
6577,3,0.11547005383792523,1.1102230246251565e-16,-0.0,-0.0,0.0,0,0.0
5932,3,0.11547005383792523,1.1102230246251565e-16,-0.0,-0.0,0.0,0,0.0
5917,3,0.11547005383792523,1.1102230246251565e-16,-0.0,-0.0,0.0,0,0.0
6547,3,0.11547005383792523,1.1102230246251565e-16,-0.0,-0.0,0.0,0,0.0
6551,3,0.11547005383792523,1.1102230246251565e-16,-0.0,-0.0,0.0,0,0.0
6553,3,0.11547005383792523,1.1102230246251565e-16,-0.0,-0.0,0.0,0,0.0
6584,3,0.11547005383792523,1.1102230246251565e-16,-0.0,-0.0,0.0,0,0.0
6572,3,0.11547005383792523,1.1102230246251565e-16,-0.0,-0.0,0.0,0,0.0
6555,3,0.11547005383792523,1.1102230246251565e-16,-0.0,-0.0,0.0,0,0.0
5745,3,0.11547005383792523,1.1102230246251565e-16,-0.0,-0.0,0.0,0,0.0
6560,3,0.11547005383792523,1.1102230246251565e-16,-0.0,-0.0,0.0,0,0.0
9159,3,0.11547005383792523,1.1102230246251565e-16,-0.0,-0.0,0.0,0,0.0
9160,3,0.11547005383792523,1.1102230246251565e-16,-0.0,-0.0,0.0,0,0.0
6524,3,0.11547005383792523,1.1102230246251565e-16,-0.0,-0.0,0.0,0,0.0
6540,3,0.11547005383792523,1.1102230246251565e-16,-0.0,-0.0,0.0,0,0.0
6545,3,0.11547005383792523,1.1102230246251565e-16,-0.0,-0.0,0.0,0,0.0
6513,3,0.11547005383792523,1.1102230246251565e-16,-0.0,-0.0,0.0,0,0.0
6515,3,0.11547005383792523,1.1102230246251565e-16,-0.0,-0.0,0.0,0,0.0
6516,3,0.11547005383792523,1.1102230246251565e-16,-0.0,-0.0,0.0,0,0.0
6518,3,0.11547005383792523,1.1102230246251565e-16,-0.0,-0.0,0.0,0,0.0
6521,3,0.11547005383792523,1.1102230246251565e-16,-0.0,-0.0,0.0,0,0.0
5945,3,0.11547005383792523,1.1102230246251565e-16,-0.0,-0.0,0.0,0,0.0
5950,3,0.11547005383792523,1.1102230246251565e-16,-0.0,-0.0,0.0,0,0.0
6559,3,0.11547005383792523,1.1102230246251565e-16,-0.0,-0.0,0.0,0,0.0
5748,3,0.11547005383792523,1.1102230246251565e-16,-0.0,-0.0,0.0,0,0.0
5753,3,0.11547005383792523,1.1102230246251565e-16,-0.0,-0.0,0.0,0,0.0
9091,3,0.11547005383792523,1.1102230246251565e-16,-0.0,-0.0,0.0,0,0.0
9074,3,0.11547005383792523,1.1102230246251565e-16,-0.0,-0.0,0.0,0,0.0
9078,3,0.11547005383792523,1.1102230246251565e-16,-0.0,-0.0,0.0,0,0.0
9083,3,0.11547005383792523,1.1102230246251565e-16,-0.0,-0.0,0.0,0,0.0
9089,3,0.11547005383792523,1.1102230246251565e-16,-0.0,-0.0,0.0,0,0.0
9107,3,0.11547005383792523,1.1102230246251565e-16,-0.0,-0.0,0.0,0,0.0
9112,3,0.11547005383792523,1.1102230246251565e-16,-0.0,-0.0,0.0,0,0.0
9095,3,0.11547005383792523,1.1102230246251565e-16,-0.0,-0.0,0.0,0,0.0
9115,3,0.11547005383792523,1.1102230246251565e-16,-0.0,-0.0,0.0,0,0.0
9119,3,0.11547005383792523,1.1102230246251565e-16,-0.0,-0.0,0.0,0,0.0
5850,3,0.11547005383792523,1.1102230246251565e-16,-0.0,-0.0,0.0,0,0.0
6652,3,0.11547005383792523,1.1102230246251565e-16,-0.0,-0.0,0.0,0,0.0
6629,3,0.11547005383792523,1.1102230246251565e-16,-0.0,-0.0,0.0,0,0.0
6667,3,0.11547005383792523,1.1102230246251565e-16,-0.0,-0.0,0.0,0,0.0
6670,3,0.11547005383792523,1.1102230246251565e-16,-0.0,-0.0,0.0,0,0.0
6614,3,0.11547005383792523,1.1102230246251565e-16,-0.0,-0.0,0.0,0,0.0
6595,3,0.11547005383792523,1.1102230246251565e-16,-0.0,-0.0,0.0,0,0.0
6624,3,0.11547005383792523,1.1102230246251565e-16,-0.0,-0.0,0.0,0,0.0
6608,3,0.11547005383792523,1.1102230246251565e-16,-0.0,-0.0,0.0,0,0.0
5812,3,0.11547005383792523,1.1102230246251565e-16,-0.0,-0.0,0.0,0,0.0
9150,3,0.11547005383792523,1.1102230246251565e-16,-0.0,-0.0,0.0,0,0.0
9131,3,0.11547005383792523,1.1102230246251565e-16,-0.0,-0.0,0.0,0,0.0
9142,3,0.11547005383792523,1.1102230246251565e-16,-0.0,-0.0,0.0,0,0.0
5864,3,0.11547005383792523,1.1102230246251565e-16,-0.0,-0.0,0.0,0,0.0
6642,3,0.11547005383792523,1.1102230246251565e-16,-0.0,-0.0,0.0,0,0.0
7869,3,0.11547005383792523,1.1102230246251565e-16,-0.0,-0.0,0.0,0,0.0
9360,3,0.11547005383792523,1.1102230246251565e-16,-0.0,-0.0,0.0,0,0.0
8139,3,0.11547005383792523,1.1102230246251565e-16,-0.0,-0.0,0.0,0,0.0
7798,3,0.11547005383792523,1.1102230246251565e-16,-0.0,-0.0,0.0,0,0.0
7800,3,0.11547005383792523,1.1102230246251565e-16,-0.0,-0.0,0.0,0,0.0
7802,3,0.11547005383792523,1.1102230246251565e-16,-0.0,-0.0,0.0,0,0.0
8160,3,0.11547005383792523,1.1102230246251565e-16,-0.0,-0.0,0.0,0,0.0
7962,3,0.11547005383792523,1.1102230246251565e-16,-0.0,-0.0,0.0,0,0.0
7825,3,0.11547005383792523,1.1102230246251565e-16,-0.0,-0.0,0.0,0,0.0
7944,3,0.11547005383792523,1.1102230246251565e-16,-0.0,-0.0,0.0,0,0.0
8001,3,0.11547005383792523,1.1102230246251565e-16,-0.0,-0.0,0.0,0,0.0
8130,3,0.11547005383792523,1.1102230246251565e-16,-0.0,-0.0,0.0,0,0.0
7805,3,0.11547005383792523,1.1102230246251565e-16,-0.0,-0.0,0.0,0,0.0
7842,3,0.11547005383792523,1.1102230246251565e-16,-0.0,-0.0,0.0,0,0.0
7896,3,0.11547005383792523,1.1102230246251565e-16,-0.0,-0.0,0.0,0,0.0
9368,3,0.11547005383792523,1.1102230246251565e-16,-0.0,-0.0,0.0,0,0.0
7758,3,0.11547005383792523,1.1102230246251565e-16,-0.0,-0.0,0.0,0,0.0
8046,3,0.11547005383792523,1.1102230246251565e-16,-0.0,-0.0,0.0,0,0.0
8134,3,0.11547005383792523,1.1102230246251565e-16,-0.0,-0.0,0.0,0,0.0
7759,3,0.11547005383792523,1.1102230246251565e-16,-0.0,-0.0,0.0,0,0.0
9362,3,0.11547005383792523,1.1102230246251565e-16,-0.0,-0.0,0.0,0,0.0
7776,3,0.11547005383792523,1.1102230246251565e-16,-0.0,-0.0,0.0,0,0.0
8128,3,0.11547005383792523,1.1102230246251565e-16,-0.0,-0.0,0.0,0,0.0
9372,3,0.11547005383792523,1.1102230246251565e-16,-0.0,-0.0,0.0,0,0.0
8093,3,0.11547005383792523,1.1102230246251565e-16,-0.0,-0.0,0.0,0,0.0
7983,3,0.11547005383792523,1.1102230246251565e-16,-0.0,-0.0,0.0,0,0.0
8071,3,0.11547005383792523,1.1102230246251565e-16,-0.0,-0.0,0.0,0,0.0
7924,3,0.11547005383792523,1.1102230246251565e-16,-0.0,-0.0,0.0,0,0.0
8072,3,0.11547005383792523,1.1102230246251565e-16,-0.0,-0.0,0.0,0,0.0
6293,3,0.11547005383792523,1.1102230246251565e-16,-0.0,-0.0,0.0,0,0.0
8076,3,0.11547005383792523,1.1102230246251565e-16,-0.0,-0.0,0.0,0,0.0
8104,3,0.11547005383792523,1.1102230246251565e-16,-0.0,-0.0,0.0,0,0.0
8173,3,0.11547005383792523,1.1102230246251565e-16,-0.0,-0.0,0.0,0,0.0
7979,3,0.11547005383792523,1.1102230246251565e-16,-0.0,-0.0,0.0,0,0.0
7923,3,0.11547005383792523,1.1102230246251565e-16,-0.0,-0.0,0.0,0,0.0
9378,3,0.11547005383792523,1.1102230246251565e-16,-0.0,-0.0,0.0,0,0.0
7922,3,0.11547005383792523,1.1102230246251565e-16,-0.0,-0.0,0.0,0,0.0
7921,3,0.11547005383792523,1.1102230246251565e-16,-0.0,-0.0,0.0,0,0.0
8108,3,0.11547005383792523,1.1102230246251565e-16,-0.0,-0.0,0.0,0,0.0
7992,3,0.11547005383792523,1.1102230246251565e-16,-0.0,-0.0,0.0,0,0.0
8121,3,0.11547005383792523,1.1102230246251565e-16,-0.0,-0.0,0.0,0,0.0
7932,3,0.11547005383792523,1.1102230246251565e-16,-0.0,-0.0,0.0,0,0.0
9377,3,0.11547005383792523,1.1102230246251565e-16,-0.0,-0.0,0.0,0,0.0
7780,3,0.11547005383792523,1.1102230246251565e-16,-0.0,-0.0,0.0,0,0.0
7996,3,0.11547005383792523,1.1102230246251565e-16,-0.0,-0.0,0.0,0,0.0
9380,3,0.11547005383792523,1.1102230246251565e-16,-0.0,-0.0,0.0,0,0.0
7828,3,0.11547005383792523,1.1102230246251565e-16,-0.0,-0.0,0.0,0,0.0
7815,3,0.11547005383792523,1.1102230246251565e-16,-0.0,-0.0,0.0,0,0.0
7890,3,0.11547005383792523,1.1102230246251565e-16,-0.0,-0.0,0.0,0,0.0
8004,3,0.11547005383792523,1.1102230246251565e-16,-0.0,-0.0,0.0,0,0.0
8083,3,0.11547005383792523,1.1102230246251565e-16,-0.0,-0.0,0.0,0,0.0
7809,3,0.11547005383792523,1.1102230246251565e-16,-0.0,-0.0,0.0,0,0.0
9374,3,0.11547005383792523,1.1102230246251565e-16,-0.0,-0.0,0.0,0,0.0
8005,3,0.11547005383792523,1.1102230246251565e-16,-0.0,-0.0,0.0,0,0.0
7738,3,0.11547005383792523,1.1102230246251565e-16,-0.0,-0.0,0.0,0,0.0
7789,3,0.11547005383792523,1.1102230246251565e-16,-0.0,-0.0,0.0,0,0.0
7788,3,0.11547005383792523,1.1102230246251565e-16,-0.0,-0.0,0.0,0,0.0
8127,3,0.11547005383792523,1.1102230246251565e-16,-0.0,-0.0,0.0,0,0.0
7974,3,0.11547005383792523,1.1102230246251565e-16,-0.0,-0.0,0.0,0,0.0
7725,3,0.11547005383792523,1.1102230246251565e-16,-0.0,-0.0,0.0,0,0.0
7812,3,0.11547005383792523,1.1102230246251565e-16,-0.0,-0.0,0.0,0,0.0
7835,3,0.11547005383792523,1.1102230246251565e-16,-0.0,-0.0,0.0,0,0.0
8086,3,0.11547005383792523,1.1102230246251565e-16,-0.0,-0.0,0.0,0,0.0
8112,3,0.11547005383792523,1.1102230246251565e-16,-0.0,-0.0,0.0,0,0.0
8045,3,0.11547005383792523,1.1102230246251565e-16,-0.0,-0.0,0.0,0,0.0
8044,3,0.11547005383792523,1.1102230246251565e-16,-0.0,-0.0,0.0,0,0.0
8066,3,0.11547005383792523,1.1102230246251565e-16,-0.0,-0.0,0.0,0,0.0
7723,3,0.11547005383792523,1.1102230246251565e-16,-0.0,-0.0,0.0,0,0.0
9424,3,0.11547005383792523,1.1102230246251565e-16,-0.0,-0.0,0.0,0,0.0
7754,3,0.11547005383792523,1.1102230246251565e-16,-0.0,-0.0,0.0,0,0.0
9421,3,0.11547005383792523,1.1102230246251565e-16,-0.0,-0.0,0.0,0,0.0
7775,3,0.11547005383792523,1.1102230246251565e-16,-0.0,-0.0,0.0,0,0.0
7857,3,0.11547005383792523,1.1102230246251565e-16,-0.0,-0.0,0.0,0,0.0
7752,3,0.11547005383792523,1.1102230246251565e-16,-0.0,-0.0,0.0,0,0.0
7751,3,0.11547005383792523,1.1102230246251565e-16,-0.0,-0.0,0.0,0,0.0
7756,3,0.11547005383792523,1.1102230246251565e-16,-0.0,-0.0,0.0,0,0.0
9352,3,0.11547005383792523,1.1102230246251565e-16,-0.0,-0.0,0.0,0,0.0
7860,3,0.11547005383792523,1.1102230246251565e-16,-0.0,-0.0,0.0,0,0.0
7870,3,0.11547005383792523,1.1102230246251565e-16,-0.0,-0.0,0.0,0,0.0
9425,3,0.11547005383792523,1.1102230246251565e-16,-0.0,-0.0,0.0,0,0.0
7774,3,0.11547005383792523,1.1102230246251565e-16,-0.0,-0.0,0.0,0,0.0
7773,3,0.11547005383792523,1.1102230246251565e-16,-0.0,-0.0,0.0,0,0.0
6308,3,0.11547005383792523,1.1102230246251565e-16,-0.0,-0.0,0.0,0,0.0
7829,3,0.11547005383792523,1.1102230246251565e-16,-0.0,-0.0,0.0,0,0.0
3144,3,0.11547005383792518,0.0,-0.0,-0.0,0.0,0,0.0
3139,3,0.11547005383792518,0.0,-0.0,-0.0,0.0,0,0.0
3168,3,0.11547005383792518,0.0,-0.0,-0.0,0.0,0,0.0
6708,3,0.11547005383792518,0.0,-0.0,-0.0,0.0,0,0.0
5693,3,0.11547005383792518,0.0,-0.0,-0.0,0.0,0,0.0
4172,3,0.11547005383792518,0.0,-0.0,-0.0,0.0,0,0.0
3138,3,0.11547005383792518,0.0,-0.0,-0.0,0.0,0,0.0
4179,3,0.11547005383792518,0.0,-0.0,-0.0,0.0,0,0.0
6703,3,0.11547005383792518,0.0,-0.0,-0.0,0.0,0,0.0
4177,3,0.11547005383792518,0.0,-0.0,-0.0,0.0,0,0.0
3155,3,0.11547005383792518,0.0,-0.0,-0.0,0.0,0,0.0
4112,3,0.11547005383792518,0.0,-0.0,-0.0,0.0,0,0.0
6714,3,0.11547005383792518,0.0,-0.0,-0.0,0.0,0,0.0
4111,3,0.11547005383792518,0.0,-0.0,-0.0,0.0,0,0.0
5664,3,0.11547005383792518,0.0,-0.0,-0.0,0.0,0,0.0
5694,3,0.11547005383792518,0.0,-0.0,-0.0,0.0,0,0.0
1663,3,0.11547005383792518,0.0,-0.0,-0.0,0.0,0,0.0
5690,3,0.11547005383792518,0.0,-0.0,-0.0,0.0,0,0.0
8049,3,0.11547005383792518,0.0,-0.0,-0.0,0.0,0,0.0
3163,3,0.11547005383792518,0.0,-0.0,-0.0,0.0,0,0.0
5677,3,0.11547005383792518,0.0,-0.0,-0.0,0.0,0,0.0
5675,3,0.11547005383792518,0.0,-0.0,-0.0,0.0,0,0.0
1309,3,0.11547005383792518,0.0,-0.0,-0.0,0.0,0,0.0
5673,3,0.11547005383792518,0.0,-0.0,-0.0,0.0,0,0.0
6743,3,0.11547005383792518,0.0,-0.0,-0.0,0.0,0,0.0
6701,3,0.11547005383792518,0.0,-0.0,-0.0,0.0,0,0.0
6710,3,0.11547005383792518,0.0,-0.0,-0.0,0.0,0,0.0
6728,3,0.11547005383792518,0.0,-0.0,-0.0,0.0,0,0.0
6741,3,0.11547005383792518,0.0,-0.0,-0.0,0.0,0,0.0
3176,3,0.11547005383792518,0.0,-0.0,-0.0,0.0,0,0.0
3175,3,0.11547005383792518,0.0,-0.0,-0.0,0.0,0,0.0
3174,3,0.11547005383792518,0.0,-0.0,-0.0,0.0,0,0.0
222,3,0.11547005383792518,0.0,-0.0,-0.0,0.0,0,0.0
221,3,0.11547005383792518,0.0,-0.0,-0.0,0.0,0,0.0
3231,3,0.11547005383792518,0.0,-0.0,-0.0,0.0,0,0.0
3197,3,0.11547005383792518,0.0,-0.0,-0.0,0.0,0,0.0
2467,3,0.11547005383792518,0.0,-0.0,-0.0,0.0,0,0.0
2465,3,0.11547005383792518,0.0,-0.0,-0.0,0.0,0,0.0
2479,3,0.11547005383792518,0.0,-0.0,-0.0,0.0,0,0.0
2476,3,0.11547005383792518,0.0,-0.0,-0.0,0.0,0,0.0
2474,3,0.11547005383792518,0.0,-0.0,-0.0,0.0,0,0.0
4164,3,0.11547005383792518,0.0,-0.0,-0.0,0.0,0,0.0
5611,3,0.11547005383792518,0.0,-0.0,-0.0,0.0,0,0.0
5634,3,0.11547005383792518,0.0,-0.0,-0.0,0.0,0,0.0
5632,3,0.11547005383792518,0.0,-0.0,-0.0,0.0,0,0.0
5627,3,0.11547005383792518,0.0,-0.0,-0.0,0.0,0,0.0
5642,3,0.11547005383792518,0.0,-0.0,-0.0,0.0,0,0.0
5651,3,0.11547005383792518,0.0,-0.0,-0.0,0.0,0,0.0
5647,3,0.11547005383792518,0.0,-0.0,-0.0,0.0,0,0.0
3236,3,0.11547005383792518,0.0,-0.0,-0.0,0.0,0,0.0
8064,3,0.11547005383792518,0.0,-0.0,-0.0,0.0,0,0.0
6781,3,0.11547005383792518,0.0,-0.0,-0.0,0.0,0,0.0
1265,3,0.11547005383792518,0.0,-0.0,-0.0,0.0,0,0.0
1264,3,0.11547005383792518,0.0,-0.0,-0.0,0.0,0,0.0
1257,3,0.11547005383792518,0.0,-0.0,-0.0,0.0,0,0.0
2487,3,0.11547005383792518,0.0,-0.0,-0.0,0.0,0,0.0
1644,3,0.11547005383792518,0.0,-0.0,-0.0,0.0,0,0.0
1639,3,0.11547005383792518,0.0,-0.0,-0.0,0.0,0,0.0
1653,3,0.11547005383792518,0.0,-0.0,-0.0,0.0,0,0.0
1650,3,0.11547005383792518,0.0,-0.0,-0.0,0.0,0,0.0
1662,3,0.11547005383792518,0.0,-0.0,-0.0,0.0,0,0.0
1660,3,0.11547005383792518,0.0,-0.0,-0.0,0.0,0,0.0
1657,3,0.11547005383792518,0.0,-0.0,-0.0,0.0,0,0.0
1654,3,0.11547005383792518,0.0,-0.0,-0.0,0.0,0,0.0
6751,3,0.11547005383792518,0.0,-0.0,-0.0,0.0,0,0.0
6748,3,0.11547005383792518,0.0,-0.0,-0.0,0.0,0,0.0
6746,3,0.11547005383792518,0.0,-0.0,-0.0,0.0,0,0.0
213,3,0.11547005383792518,0.0,-0.0,-0.0,0.0,0,0.0
3187,3,0.11547005383792518,0.0,-0.0,-0.0,0.0,0,0.0
3937,3,0.11547005383792518,0.0,-0.0,-0.0,0.0,0,0.0
5662,3,0.11547005383792518,0.0,-0.0,-0.0,0.0,0,0.0
5655,3,0.11547005383792518,0.0,-0.0,-0.0,0.0,0,0.0
9065,3,0.11547005383792518,0.0,-0.0,-0.0,0.0,0,0.0
9064,3,0.11547005383792518,0.0,-0.0,-0.0,0.0,0,0.0
9061,3,0.11547005383792518,0.0,-0.0,-0.0,0.0,0,0.0
8063,3,0.11547005383792518,0.0,-0.0,-0.0,0.0,0,0.0
6739,3,0.11547005383792518,0.0,-0.0,-0.0,0.0,0,0.0
6738,3,0.11547005383792518,0.0,-0.0,-0.0,0.0,0,0.0
6736,3,0.11547005383792518,0.0,-0.0,-0.0,0.0,0,0.0
6734,3,0.11547005383792518,0.0,-0.0,-0.0,0.0,0,0.0
3157,3,0.11547005383792518,0.0,-0.0,-0.0,0.0,0,0.0
3189,3,0.11547005383792518,0.0,-0.0,-0.0,0.0,0,0.0
2302,3,0.11547005383792518,0.0,-0.0,-0.0,0.0,0,0.0
5784,3,0.11547005383792518,0.0,-0.0,-0.0,0.0,0,0.0
5782,3,0.11547005383792518,0.0,-0.0,-0.0,0.0,0,0.0
1617,3,0.11547005383792518,0.0,-0.0,-0.0,0.0,0,0.0
4119,3,0.11547005383792518,0.0,-0.0,-0.0,0.0,0,0.0
7965,3,0.11547005383792518,0.0,-0.0,-0.0,0.0,0,0.0
736,3,0.11547005383792518,0.0,-0.0,-0.0,0.0,0,0.0
6641,3,0.11547005383792518,0.0,-0.0,-0.0,0.0,0,0.0
6661,3,0.11547005383792518,0.0,-0.0,-0.0,0.0,0,0.0
6657,3,0.11547005383792518,0.0,-0.0,-0.0,0.0,0,0.0
6655,3,0.11547005383792518,0.0,-0.0,-0.0,0.0,0,0.0
6653,3,0.11547005383792518,0.0,-0.0,-0.0,0.0,0,0.0
162,3,0.11547005383792518,0.0,-0.0,-0.0,0.0,0,0.0
161,3,0.11547005383792518,0.0,-0.0,-0.0,0.0,0,0.0
3137,3,0.11547005383792518,0.0,-0.0,-0.0,0.0,0,0.0
742,3,0.11547005383792518,0.0,-0.0,-0.0,0.0,0,0.0
9114,3,0.11547005383792518,0.0,-0.0,-0.0,0.0,0,0.0
5817,3,0.11547005383792518,0.0,-0.0,-0.0,0.0,0,0.0
6637,3,0.11547005383792518,0.0,-0.0,-0.0,0.0,0,0.0
6633,3,0.11547005383792518,0.0,-0.0,-0.0,0.0,0,0.0
7956,3,0.11547005383792518,0.0,-0.0,-0.0,0.0,0,0.0
9094,3,0.11547005383792518,0.0,-0.0,-0.0,0.0,0,0.0
9092,3,0.11547005383792518,0.0,-0.0,-0.0,0.0,0,0.0
9110,3,0.11547005383792518,0.0,-0.0,-0.0,0.0,0,0.0
9108,3,0.11547005383792518,0.0,-0.0,-0.0,0.0,0,0.0
7963,3,0.11547005383792518,0.0,-0.0,-0.0,0.0,0,0.0
164,3,0.11547005383792518,0.0,-0.0,-0.0,0.0,0,0.0
4132,3,0.11547005383792518,0.0,-0.0,-0.0,0.0,0,0.0
741,3,0.11547005383792518,0.0,-0.0,-0.0,0.0,0,0.0
5798,3,0.11547005383792518,0.0,-0.0,-0.0,0.0,0,0.0
4136,3,0.11547005383792518,0.0,-0.0,-0.0,0.0,0,0.0
5820,3,0.11547005383792518,0.0,-0.0,-0.0,0.0,0,0.0
3082,3,0.11547005383792518,0.0,-0.0,-0.0,0.0,0,0.0
3079,3,0.11547005383792518,0.0,-0.0,-0.0,0.0,0,0.0
3078,3,0.11547005383792518,0.0,-0.0,-0.0,0.0,0,0.0
3073,3,0.11547005383792518,0.0,-0.0,-0.0,0.0,0,0.0
3093,3,0.11547005383792518,0.0,-0.0,-0.0,0.0,0,0.0
4126,3,0.11547005383792518,0.0,-0.0,-0.0,0.0,0,0.0
4127,3,0.11547005383792518,0.0,-0.0,-0.0,0.0,0,0.0
6622,3,0.11547005383792518,0.0,-0.0,-0.0,0.0,0,0.0
6621,3,0.11547005383792518,0.0,-0.0,-0.0,0.0,0,0.0
6617,3,0.11547005383792518,0.0,-0.0,-0.0,0.0,0,0.0
5785,3,0.11547005383792518,0.0,-0.0,-0.0,0.0,0,0.0
1629,3,0.11547005383792518,0.0,-0.0,-0.0,0.0,0,0.0
5802,3,0.11547005383792518,0.0,-0.0,-0.0,0.0,0,0.0
4128,3,0.11547005383792518,0.0,-0.0,-0.0,0.0,0,0.0
6593,3,0.11547005383792518,0.0,-0.0,-0.0,0.0,0,0.0
1343,3,0.11547005383792518,0.0,-0.0,-0.0,0.0,0,0.0
1342,3,0.11547005383792518,0.0,-0.0,-0.0,0.0,0,0.0
6607,3,0.11547005383792518,0.0,-0.0,-0.0,0.0,0,0.0
6599,3,0.11547005383792518,0.0,-0.0,-0.0,0.0,0,0.0
6615,3,0.11547005383792518,0.0,-0.0,-0.0,0.0,0,0.0
4130,3,0.11547005383792518,0.0,-0.0,-0.0,0.0,0,0.0
6676,3,0.11547005383792518,0.0,-0.0,-0.0,0.0,0,0.0
6675,3,0.11547005383792518,0.0,-0.0,-0.0,0.0,0,0.0
4115,3,0.11547005383792518,0.0,-0.0,-0.0,0.0,0,0.0
4116,3,0.11547005383792518,0.0,-0.0,-0.0,0.0,0,0.0
5793,3,0.11547005383792518,0.0,-0.0,-0.0,0.0,0,0.0
6693,3,0.11547005383792518,0.0,-0.0,-0.0,0.0,0,0.0
4141,3,0.11547005383792518,0.0,-0.0,-0.0,0.0,0,0.0
6688,3,0.11547005383792518,0.0,-0.0,-0.0,0.0,0,0.0
1311,3,0.11547005383792518,0.0,-0.0,-0.0,0.0,0,0.0
5710,3,0.11547005383792518,0.0,-0.0,-0.0,0.0,0,0.0
4145,3,0.11547005383792518,0.0,-0.0,-0.0,0.0,0,0.0
5702,3,0.11547005383792518,0.0,-0.0,-0.0,0.0,0,0.0
4148,3,0.11547005383792518,0.0,-0.0,-0.0,0.0,0,0.0
7939,3,0.11547005383792518,0.0,-0.0,-0.0,0.0,0,0.0
5728,3,0.11547005383792518,0.0,-0.0,-0.0,0.0,0,0.0
5722,3,0.11547005383792518,0.0,-0.0,-0.0,0.0,0,0.0
1273,3,0.11547005383792518,0.0,-0.0,-0.0,0.0,0,0.0
3135,3,0.11547005383792518,0.0,-0.0,-0.0,0.0,0,0.0
9088,3,0.11547005383792518,0.0,-0.0,-0.0,0.0,0,0.0
3131,3,0.11547005383792518,0.0,-0.0,-0.0,0.0,0,0.0
3129,3,0.11547005383792518,0.0,-0.0,-0.0,0.0,0,0.0
3128,3,0.11547005383792518,0.0,-0.0,-0.0,0.0,0,0.0
1300,3,0.11547005383792518,0.0,-0.0,-0.0,0.0,0,0.0
1298,3,0.11547005383792518,0.0,-0.0,-0.0,0.0,0,0.0
2522,3,0.11547005383792518,0.0,-0.0,-0.0,0.0,0,0.0
2520,3,0.11547005383792518,0.0,-0.0,-0.0,0.0,0,0.0
2519,3,0.11547005383792518,0.0,-0.0,-0.0,0.0,0,0.0
3119,3,0.11547005383792518,0.0,-0.0,-0.0,0.0,0,0.0
3116,3,0.11547005383792518,0.0,-0.0,-0.0,0.0,0,0.0
3109,3,0.11547005383792518,0.0,-0.0,-0.0,0.0,0,0.0
3108,3,0.11547005383792518,0.0,-0.0,-0.0,0.0,0,0.0
3105,3,0.11547005383792518,0.0,-0.0,-0.0,0.0,0,0.0
214,3,0.11547005383792518,0.0,-0.0,-0.0,0.0,0,0.0
3134,3,0.11547005383792518,0.0,-0.0,-0.0,0.0,0,0.0
9086,3,0.11547005383792518,0.0,-0.0,-0.0,0.0,0,0.0
7929,3,0.11547005383792518,0.0,-0.0,-0.0,0.0,0,0.0
9080,3,0.11547005383792518,0.0,-0.0,-0.0,0.0,0,0.0
2517,3,0.11547005383792518,0.0,-0.0,-0.0,0.0,0,0.0
2525,3,0.11547005383792518,0.0,-0.0,-0.0,0.0,0,0.0
2523,3,0.11547005383792518,0.0,-0.0,-0.0,0.0,0,0.0
1304,3,0.11547005383792518,0.0,-0.0,-0.0,0.0,0,0.0
9057,3,0.11547005383792518,0.0,-0.0,-0.0,0.0,0,0.0
9077,3,0.11547005383792518,0.0,-0.0,-0.0,0.0,0,0.0
9075,3,0.11547005383792518,0.0,-0.0,-0.0,0.0,0,0.0
7933,3,0.11547005383792518,0.0,-0.0,-0.0,0.0,0,0.0
9072,3,0.11547005383792518,0.0,-0.0,-0.0,0.0,0,0.0
5760,3,0.11547005383792518,0.0,-0.0,-0.0,0.0,0,0.0
4150,3,0.11547005383792518,0.0,-0.0,-0.0,0.0,0,0.0
1281,3,0.11547005383792518,0.0,-0.0,-0.0,0.0,0,0.0
1293,3,0.11547005383792518,0.0,-0.0,-0.0,0.0,0,0.0
1292,3,0.11547005383792518,0.0,-0.0,-0.0,0.0,0,0.0
1307,3,0.11547005383792518,0.0,-0.0,-0.0,0.0,0,0.0
1610,3,0.11547005383792518,0.0,-0.0,-0.0,0.0,0,0.0
1626,3,0.11547005383792518,0.0,-0.0,-0.0,0.0,0,0.0
1620,3,0.11547005383792518,0.0,-0.0,-0.0,0.0,0,0.0
5743,3,0.11547005383792518,0.0,-0.0,-0.0,0.0,0,0.0
5740,3,0.11547005383792518,0.0,-0.0,-0.0,0.0,0,0.0
7926,3,0.11547005383792518,0.0,-0.0,-0.0,0.0,0,0.0
4167,3,0.11547005383792518,0.0,-0.0,-0.0,0.0,0,0.0
5720,3,0.11547005383792518,0.0,-0.0,-0.0,0.0,0,0.0
4170,3,0.11547005383792518,0.0,-0.0,-0.0,0.0,0,0.0
5737,3,0.11547005383792518,0.0,-0.0,-0.0,0.0,0,0.0
1282,3,0.11547005383792518,0.0,-0.0,-0.0,0.0,0,0.0
6911,3,0.11547005383792518,0.0,-0.0,-0.0,0.0,0,0.0
6906,3,0.11547005383792518,0.0,-0.0,-0.0,0.0,0,0.0
6905,3,0.11547005383792518,0.0,-0.0,-0.0,0.0,0,0.0
3242,3,0.11547005383792518,0.0,-0.0,-0.0,0.0,0,0.0
3260,3,0.11547005383792518,0.0,-0.0,-0.0,0.0,0,0.0
3254,3,0.11547005383792518,0.0,-0.0,-0.0,0.0,0,0.0
3261,3,0.11547005383792518,0.0,-0.0,-0.0,0.0,0,0.0
2452,3,0.11547005383792518,0.0,-0.0,-0.0,0.0,0,0.0
4190,3,0.11547005383792518,0.0,-0.0,-0.0,0.0,0,0.0
7905,3,0.11547005383792518,0.0,-0.0,-0.0,0.0,0,0.0
1213,3,0.11547005383792518,0.0,-0.0,-0.0,0.0,0,0.0
7912,3,0.11547005383792518,0.0,-0.0,-0.0,0.0,0,0.0
8976,3,0.11547005383792518,0.0,-0.0,-0.0,0.0,0,0.0
5590,3,0.11547005383792518,0.0,-0.0,-0.0,0.0,0,0.0
7914,3,0.11547005383792518,0.0,-0.0,-0.0,0.0,0,0.0
8989,3,0.11547005383792518,0.0,-0.0,-0.0,0.0,0,0.0
7916,3,0.11547005383792518,0.0,-0.0,-0.0,0.0,0,0.0
3248,3,0.11547005383792518,0.0,-0.0,-0.0,0.0,0,0.0
3247,3,0.11547005383792518,0.0,-0.0,-0.0,0.0,0,0.0
8935,3,0.11547005383792518,0.0,-0.0,-0.0,0.0,0,0.0
8951,3,0.11547005383792518,0.0,-0.0,-0.0,0.0,0,0.0
8949,3,0.11547005383792518,0.0,-0.0,-0.0,0.0,0,0.0
8948,3,0.11547005383792518,0.0,-0.0,-0.0,0.0,0,0.0
226,3,0.11547005383792518,0.0,-0.0,-0.0,0.0,0,0.0
225,3,0.11547005383792518,0.0,-0.0,-0.0,0.0,0,0.0
8958,3,0.11547005383792518,0.0,-0.0,-0.0,0.0,0,0.0
7920,3,0.11547005383792518,0.0,-0.0,-0.0,0.0,0,0.0
8972,3,0.11547005383792518,0.0,-0.0,-0.0,0.0,0,0.0
1196,3,0.11547005383792518,0.0,-0.0,-0.0,0.0,0,0.0
5474,3,0.11547005383792518,0.0,-0.0,-0.0,0.0,0,0.0
5489,3,0.11547005383792518,0.0,-0.0,-0.0,0.0,0,0.0
5486,3,0.11547005383792518,0.0,-0.0,-0.0,0.0,0,0.0
5482,3,0.11547005383792518,0.0,-0.0,-0.0,0.0,0,0.0
5479,3,0.11547005383792518,0.0,-0.0,-0.0,0.0,0,0.0
5494,3,0.11547005383792518,0.0,-0.0,-0.0,0.0,0,0.0
5490,3,0.11547005383792518,0.0,-0.0,-0.0,0.0,0,0.0
4201,3,0.11547005383792518,0.0,-0.0,-0.0,0.0,0,0.0
6871,3,0.11547005383792518,0.0,-0.0,-0.0,0.0,0,0.0
6870,3,0.11547005383792518,0.0,-0.0,-0.0,0.0,0,0.0
6868,3,0.11547005383792518,0.0,-0.0,-0.0,0.0,0,0.0
6867,3,0.11547005383792518,0.0,-0.0,-0.0,0.0,0,0.0
6915,3,0.11547005383792518,0.0,-0.0,-0.0,0.0,0,0.0
1185,3,0.11547005383792518,0.0,-0.0,-0.0,0.0,0,0.0
4204,3,0.11547005383792518,0.0,-0.0,-0.0,0.0,0,0.0
5463,3,0.11547005383792518,0.0,-0.0,-0.0,0.0,0,0.0
5459,3,0.11547005383792518,0.0,-0.0,-0.0,0.0,0,0.0
5458,3,0.11547005383792518,0.0,-0.0,-0.0,0.0,0,0.0
5455,3,0.11547005383792518,0.0,-0.0,-0.0,0.0,0,0.0
5470,3,0.11547005383792518,0.0,-0.0,-0.0,0.0,0,0.0
1707,3,0.11547005383792518,0.0,-0.0,-0.0,0.0,0,0.0
1706,3,0.11547005383792518,0.0,-0.0,-0.0,0.0,0,0.0
1724,3,0.11547005383792518,0.0,-0.0,-0.0,0.0,0,0.0
6900,3,0.11547005383792518,0.0,-0.0,-0.0,0.0,0,0.0
4205,3,0.11547005383792518,0.0,-0.0,-0.0,0.0,0,0.0
6890,3,0.11547005383792518,0.0,-0.0,-0.0,0.0,0,0.0
6887,3,0.11547005383792518,0.0,-0.0,-0.0,0.0,0,0.0
4203,3,0.11547005383792518,0.0,-0.0,-0.0,0.0,0,0.0
1173,3,0.11547005383792518,0.0,-0.0,-0.0,0.0,0,0.0
1166,3,0.11547005383792518,0.0,-0.0,-0.0,0.0,0,0.0
1178,3,0.11547005383792518,0.0,-0.0,-0.0,0.0,0,0.0
1175,3,0.11547005383792518,0.0,-0.0,-0.0,0.0,0,0.0
1755,3,0.11547005383792518,0.0,-0.0,-0.0,0.0,0,0.0
1750,3,0.11547005383792518,0.0,-0.0,-0.0,0.0,0,0.0
5383,3,0.11547005383792518,0.0,-0.0,-0.0,0.0,0,0.0
3283,3,0.11547005383792518,0.0,-0.0,-0.0,0.0,0,0.0
3295,3,0.11547005383792518,0.0,-0.0,-0.0,0.0,0,0.0
249,3,0.11547005383792518,0.0,-0.0,-0.0,0.0,0,0.0
6973,3,0.11547005383792518,0.0,-0.0,-0.0,0.0,0,0.0
6972,3,0.11547005383792518,0.0,-0.0,-0.0,0.0,0,0.0
7845,3,0.11547005383792518,0.0,-0.0,-0.0,0.0,0,0.0
5418,3,0.11547005383792518,0.0,-0.0,-0.0,0.0,0,0.0
1157,3,0.11547005383792518,0.0,-0.0,-0.0,0.0,0,0.0
235,3,0.11547005383792518,0.0,-0.0,-0.0,0.0,0,0.0
233,3,0.11547005383792518,0.0,-0.0,-0.0,0.0,0,0.0
232,3,0.11547005383792518,0.0,-0.0,-0.0,0.0,0,0.0
2462,3,0.11547005383792518,0.0,-0.0,-0.0,0.0,0,0.0
2457,3,0.11547005383792518,0.0,-0.0,-0.0,0.0,0,0.0
2455,3,0.11547005383792518,0.0,-0.0,-0.0,0.0,0,0.0
3272,3,0.11547005383792518,0.0,-0.0,-0.0,0.0,0,0.0
3286,3,0.11547005383792518,0.0,-0.0,-0.0,0.0,0,0.0
7846,3,0.11547005383792518,0.0,-0.0,-0.0,0.0,0,0.0
286,3,0.11547005383792518,0.0,-0.0,-0.0,0.0,0,0.0
8913,3,0.11547005383792518,0.0,-0.0,-0.0,0.0,0,0.0
8910,3,0.11547005383792518,0.0,-0.0,-0.0,0.0,0,0.0
1158,3,0.11547005383792518,0.0,-0.0,-0.0,0.0,0,0.0
5430,3,0.11547005383792518,0.0,-0.0,-0.0,0.0,0,0.0
5423,3,0.11547005383792518,0.0,-0.0,-0.0,0.0,0,0.0
5438,3,0.11547005383792518,0.0,-0.0,-0.0,0.0,0,0.0
5433,3,0.11547005383792518,0.0,-0.0,-0.0,0.0,0,0.0
5454,3,0.11547005383792518,0.0,-0.0,-0.0,0.0,0,0.0
5450,3,0.11547005383792518,0.0,-0.0,-0.0,0.0,0,0.0
6974,3,0.11547005383792518,0.0,-0.0,-0.0,0.0,0,0.0
4207,3,0.11547005383792518,0.0,-0.0,-0.0,0.0,0,0.0
4208,3,0.11547005383792518,0.0,-0.0,-0.0,0.0,0,0.0
4211,3,0.11547005383792518,0.0,-0.0,-0.0,0.0,0,0.0
768,3,0.11547005383792518,0.0,-0.0,-0.0,0.0,0,0.0
6961,3,0.11547005383792518,0.0,-0.0,-0.0,0.0,0,0.0
6958,3,0.11547005383792518,0.0,-0.0,-0.0,0.0,0,0.0
1174,3,0.11547005383792518,0.0,-0.0,-0.0,0.0,0,0.0
1719,3,0.11547005383792518,0.0,-0.0,-0.0,0.0,0,0.0
1717,3,0.11547005383792518,0.0,-0.0,-0.0,0.0,0,0.0
1715,3,0.11547005383792518,0.0,-0.0,-0.0,0.0,0,0.0
1714,3,0.11547005383792518,0.0,-0.0,-0.0,0.0,0,0.0
6930,3,0.11547005383792518,0.0,-0.0,-0.0,0.0,0,0.0
6922,3,0.11547005383792518,0.0,-0.0,-0.0,0.0,0,0.0
6916,3,0.11547005383792518,0.0,-0.0,-0.0,0.0,0,0.0
5378,3,0.11547005383792518,0.0,-0.0,-0.0,0.0,0,0.0
5377,3,0.11547005383792518,0.0,-0.0,-0.0,0.0,0,0.0
5392,3,0.11547005383792518,0.0,-0.0,-0.0,0.0,0,0.0
5409,3,0.11547005383792518,0.0,-0.0,-0.0,0.0,0,0.0
5407,3,0.11547005383792518,0.0,-0.0,-0.0,0.0,0,0.0
5405,3,0.11547005383792518,0.0,-0.0,-0.0,0.0,0,0.0
6985,3,0.11547005383792518,0.0,-0.0,-0.0,0.0,0,0.0
5421,3,0.11547005383792518,0.0,-0.0,-0.0,0.0,0,0.0
5580,3,0.11547005383792518,0.0,-0.0,-0.0,0.0,0,0.0
2486,3,0.11547005383792518,0.0,-0.0,-0.0,0.0,0,0.0
2483,3,0.11547005383792518,0.0,-0.0,-0.0,0.0,0,0.0
2481,3,0.11547005383792518,0.0,-0.0,-0.0,0.0,0,0.0
8117,3,0.11547005383792518,0.0,-0.0,-0.0,0.0,0,0.0
9046,3,0.11547005383792518,0.0,-0.0,-0.0,0.0,0,0.0
9045,3,0.11547005383792518,0.0,-0.0,-0.0,0.0,0,0.0
9044,3,0.11547005383792518,0.0,-0.0,-0.0,0.0,0,0.0
9043,3,0.11547005383792518,0.0,-0.0,-0.0,0.0,0,0.0
8118,3,0.11547005383792518,0.0,-0.0,-0.0,0.0,0,0.0
2445,3,0.11547005383792518,0.0,-0.0,-0.0,0.0,0,0.0
9006,3,0.11547005383792518,0.0,-0.0,-0.0,0.0,0,0.0
9003,3,0.11547005383792518,0.0,-0.0,-0.0,0.0,0,0.0
248,3,0.11547005383792518,0.0,-0.0,-0.0,0.0,0,0.0
8999,3,0.11547005383792518,0.0,-0.0,-0.0,0.0,0,0.0
9014,3,0.11547005383792518,0.0,-0.0,-0.0,0.0,0,0.0
8120,3,0.11547005383792518,0.0,-0.0,-0.0,0.0,0,0.0
1228,3,0.11547005383792518,0.0,-0.0,-0.0,0.0,0,0.0
6818,3,0.11547005383792518,0.0,-0.0,-0.0,0.0,0,0.0
4191,3,0.11547005383792518,0.0,-0.0,-0.0,0.0,0,0.0
1247,3,0.11547005383792518,0.0,-0.0,-0.0,0.0,0,0.0
1244,3,0.11547005383792518,0.0,-0.0,-0.0,0.0,0,0.0
1243,3,0.11547005383792518,0.0,-0.0,-0.0,0.0,0,0.0
4182,3,0.11547005383792518,0.0,-0.0,-0.0,0.0,0,0.0
5559,3,0.11547005383792518,0.0,-0.0,-0.0,0.0,0,0.0
1672,3,0.11547005383792518,0.0,-0.0,-0.0,0.0,0,0.0
1669,3,0.11547005383792518,0.0,-0.0,-0.0,0.0,0,0.0
8119,3,0.11547005383792518,0.0,-0.0,-0.0,0.0,0,0.0
5617,3,0.11547005383792518,0.0,-0.0,-0.0,0.0,0,0.0
5613,3,0.11547005383792518,0.0,-0.0,-0.0,0.0,0,0.0
8069,3,0.11547005383792518,0.0,-0.0,-0.0,0.0,0,0.0
6770,3,0.11547005383792518,0.0,-0.0,-0.0,0.0,0,0.0
6768,3,0.11547005383792518,0.0,-0.0,-0.0,0.0,0,0.0
1249,3,0.11547005383792518,0.0,-0.0,-0.0,0.0,0,0.0
6786,3,0.11547005383792518,0.0,-0.0,-0.0,0.0,0,0.0
8113,3,0.11547005383792518,0.0,-0.0,-0.0,0.0,0,0.0
1278,3,0.11547005383792518,0.0,-0.0,-0.0,0.0,0,0.0
1275,3,0.11547005383792518,0.0,-0.0,-0.0,0.0,0,0.0
6795,3,0.11547005383792518,0.0,-0.0,-0.0,0.0,0,0.0
8114,3,0.11547005383792518,0.0,-0.0,-0.0,0.0,0,0.0
6787,3,0.11547005383792518,0.0,-0.0,-0.0,0.0,0,0.0
5571,3,0.11547005383792518,0.0,-0.0,-0.0,0.0,0,0.0
5576,3,0.11547005383792518,0.0,-0.0,-0.0,0.0,0,0.0
5596,3,0.11547005383792518,0.0,-0.0,-0.0,0.0,0,0.0
5594,3,0.11547005383792518,0.0,-0.0,-0.0,0.0,0,0.0
5591,3,0.11547005383792518,0.0,-0.0,-0.0,0.0,0,0.0
9098,3,0.11547005383792518,0.0,-0.0,-0.0,0.0,0,0.0
5586,3,0.11547005383792518,0.0,-0.0,-0.0,0.0,0,0.0
5600,3,0.11547005383792518,0.0,-0.0,-0.0,0.0,0,0.0
5598,3,0.11547005383792518,0.0,-0.0,-0.0,0.0,0,0.0
9042,3,0.11547005383792518,0.0,-0.0,-0.0,0.0,0,0.0
9055,3,0.11547005383792518,0.0,-0.0,-0.0,0.0,0,0.0
202,3,0.11547005383792518,0.0,-0.0,-0.0,0.0,0,0.0
197,3,0.11547005383792518,0.0,-0.0,-0.0,0.0,0,0.0
196,3,0.11547005383792518,0.0,-0.0,-0.0,0.0,0,0.0
5574,3,0.11547005383792518,0.0,-0.0,-0.0,0.0,0,0.0
6811,3,0.11547005383792518,0.0,-0.0,-0.0,0.0,0,0.0
2489,3,0.11547005383792518,0.0,-0.0,-0.0,0.0,0,0.0
3204,3,0.11547005383792518,0.0,-0.0,-0.0,0.0,0,0.0
3202,3,0.11547005383792518,0.0,-0.0,-0.0,0.0,0,0.0
3200,3,0.11547005383792518,0.0,-0.0,-0.0,0.0,0,0.0
3218,3,0.11547005383792518,0.0,-0.0,-0.0,0.0,0,0.0
3214,3,0.11547005383792518,0.0,-0.0,-0.0,0.0,0,0.0
686,3,0.11547005383792518,0.0,-0.0,-0.0,0.0,0,0.0
9009,3,0.11547005383792518,0.0,-0.0,-0.0,0.0,0,0.0
9007,3,0.11547005383792518,0.0,-0.0,-0.0,0.0,0,0.0
9024,3,0.11547005383792518,0.0,-0.0,-0.0,0.0,0,0.0
4212,3,0.11547005383792518,0.0,-0.0,-0.0,0.0,0,0.0
4214,3,0.11547005383792518,0.0,-0.0,-0.0,0.0,0,0.0
9028,3,0.11547005383792518,0.0,-0.0,-0.0,0.0,0,0.0
1667,3,0.11547005383792518,0.0,-0.0,-0.0,0.0,0,0.0
242,3,0.11547005383792518,0.0,-0.0,-0.0,0.0,0,0.0
4199,3,0.11547005383792518,0.0,-0.0,-0.0,0.0,0,0.0
8962,3,0.11547005383792518,0.0,-0.0,-0.0,0.0,0,0.0
8961,3,0.11547005383792518,0.0,-0.0,-0.0,0.0,0,0.0
255,3,0.11547005383792518,0.0,-0.0,-0.0,0.0,0,0.0
8982,3,0.11547005383792518,0.0,-0.0,-0.0,0.0,0,0.0
8980,3,0.11547005383792518,0.0,-0.0,-0.0,0.0,0,0.0
5506,3,0.11547005383792518,0.0,-0.0,-0.0,0.0,0,0.0
5503,3,0.11547005383792518,0.0,-0.0,-0.0,0.0,0,0.0
1210,3,0.11547005383792518,0.0,-0.0,-0.0,0.0,0,0.0
1203,3,0.11547005383792518,0.0,-0.0,-0.0,0.0,0,0.0
1200,3,0.11547005383792518,0.0,-0.0,-0.0,0.0,0,0.0
6885,3,0.11547005383792518,0.0,-0.0,-0.0,0.0,0,0.0
6884,3,0.11547005383792518,0.0,-0.0,-0.0,0.0,0,0.0
246,3,0.11547005383792518,0.0,-0.0,-0.0,0.0,0,0.0
1681,3,0.11547005383792518,0.0,-0.0,-0.0,0.0,0,0.0
1673,3,0.11547005383792518,0.0,-0.0,-0.0,0.0,0,0.0
1687,3,0.11547005383792518,0.0,-0.0,-0.0,0.0,0,0.0
1231,3,0.11547005383792518,0.0,-0.0,-0.0,0.0,0,0.0
6807,3,0.11547005383792518,0.0,-0.0,-0.0,0.0,0,0.0
6806,3,0.11547005383792518,0.0,-0.0,-0.0,0.0,0,0.0
6805,3,0.11547005383792518,0.0,-0.0,-0.0,0.0,0,0.0
6803,3,0.11547005383792518,0.0,-0.0,-0.0,0.0,0,0.0
1221,3,0.11547005383792518,0.0,-0.0,-0.0,0.0,0,0.0
4185,3,0.11547005383792518,0.0,-0.0,-0.0,0.0,0,0.0
6812,3,0.11547005383792518,0.0,-0.0,-0.0,0.0,0,0.0
5566,3,0.11547005383792518,0.0,-0.0,-0.0,0.0,0,0.0
5517,3,0.11547005383792518,0.0,-0.0,-0.0,0.0,0,0.0
2494,3,0.11547005383792518,0.0,-0.0,-0.0,0.0,0,0.0
5547,3,0.11547005383792518,0.0,-0.0,-0.0,0.0,0,0.0
5544,3,0.11547005383792518,0.0,-0.0,-0.0,0.0,0,0.0
5538,3,0.11547005383792518,0.0,-0.0,-0.0,0.0,0,0.0
5552,3,0.11547005383792518,0.0,-0.0,-0.0,0.0,0,0.0
6863,3,0.11547005383792518,0.0,-0.0,-0.0,0.0,0,0.0
6861,3,0.11547005383792518,0.0,-0.0,-0.0,0.0,0,0.0
3213,3,0.11547005383792518,0.0,-0.0,-0.0,0.0,0,0.0
6825,3,0.11547005383792518,0.0,-0.0,-0.0,0.0,0,0.0
6822,3,0.11547005383792518,0.0,-0.0,-0.0,0.0,0,0.0
6820,3,0.11547005383792518,0.0,-0.0,-0.0,0.0,0,0.0
6841,3,0.11547005383792518,0.0,-0.0,-0.0,0.0,0,0.0
7891,3,0.11547005383792518,0.0,-0.0,-0.0,0.0,0,0.0
5522,3,0.11547005383792518,0.0,-0.0,-0.0,0.0,0,0.0
7892,3,0.11547005383792518,0.0,-0.0,-0.0,0.0,0,0.0
5534,3,0.11547005383792518,0.0,-0.0,-0.0,0.0,0,0.0
1385,3,0.11547005383792518,0.0,-0.0,-0.0,0.0,0,0.0
1382,3,0.11547005383792518,0.0,-0.0,-0.0,0.0,0,0.0
1398,3,0.11547005383792518,0.0,-0.0,-0.0,0.0,0,0.0
1491,3,0.11547005383792518,0.0,-0.0,-0.0,0.0,0,0.0
1490,3,0.11547005383792518,0.0,-0.0,-0.0,0.0,0,0.0
1487,3,0.11547005383792518,0.0,-0.0,-0.0,0.0,0,0.0
1498,3,0.11547005383792518,0.0,-0.0,-0.0,0.0,0,0.0
9271,3,0.11547005383792518,0.0,-0.0,-0.0,0.0,0,0.0
9269,3,0.11547005383792518,0.0,-0.0,-0.0,0.0,0,0.0
9268,3,0.11547005383792518,0.0,-0.0,-0.0,0.0,0,0.0
106,3,0.11547005383792518,0.0,-0.0,-0.0,0.0,0,0.0
2777,3,0.11547005383792518,0.0,-0.0,-0.0,0.0,0,0.0
6386,3,0.11547005383792518,0.0,-0.0,-0.0,0.0,0,0.0
5832,3,0.11547005383792518,0.0,-0.0,-0.0,0.0,0,0.0
6400,3,0.11547005383792518,0.0,-0.0,-0.0,0.0,0,0.0
6142,3,0.11547005383792518,0.0,-0.0,-0.0,0.0,0,0.0
6137,3,0.11547005383792518,0.0,-0.0,-0.0,0.0,0,0.0
1482,3,0.11547005383792518,0.0,-0.0,-0.0,0.0,0,0.0
1481,3,0.11547005383792518,0.0,-0.0,-0.0,0.0,0,0.0
9296,3,0.11547005383792518,0.0,-0.0,-0.0,0.0,0,0.0
2758,3,0.11547005383792518,0.0,-0.0,-0.0,0.0,0,0.0
9293,3,0.11547005383792518,0.0,-0.0,-0.0,0.0,0,0.0
2712,3,0.11547005383792518,0.0,-0.0,-0.0,0.0,0,0.0
6368,3,0.11547005383792518,0.0,-0.0,-0.0,0.0,0,0.0
2715,3,0.11547005383792518,0.0,-0.0,-0.0,0.0,0,0.0
2752,3,0.11547005383792518,0.0,-0.0,-0.0,0.0,0,0.0
2894,3,0.11547005383792518,0.0,-0.0,-0.0,0.0,0,0.0
2757,3,0.11547005383792518,0.0,-0.0,-0.0,0.0,0,0.0
6193,3,0.11547005383792518,0.0,-0.0,-0.0,0.0,0,0.0
6190,3,0.11547005383792518,0.0,-0.0,-0.0,0.0,0,0.0
1407,3,0.11547005383792518,0.0,-0.0,-0.0,0.0,0,0.0
1400,3,0.11547005383792518,0.0,-0.0,-0.0,0.0,0,0.0
6383,3,0.11547005383792518,0.0,-0.0,-0.0,0.0,0,0.0
9364,3,0.11547005383792518,0.0,-0.0,-0.0,0.0,0,0.0
6375,3,0.11547005383792518,0.0,-0.0,-0.0,0.0,0,0.0
2576,3,0.11547005383792518,0.0,-0.0,-0.0,0.0,0,0.0
2887,3,0.11547005383792518,0.0,-0.0,-0.0,0.0,0,0.0
2897,3,0.11547005383792518,0.0,-0.0,-0.0,0.0,0,0.0
6165,3,0.11547005383792518,0.0,-0.0,-0.0,0.0,0,0.0
6164,3,0.11547005383792518,0.0,-0.0,-0.0,0.0,0,0.0
9365,3,0.11547005383792518,0.0,-0.0,-0.0,0.0,0,0.0
2611,3,0.11547005383792518,0.0,-0.0,-0.0,0.0,0,0.0
6182,3,0.11547005383792518,0.0,-0.0,-0.0,0.0,0,0.0
9349,3,0.11547005383792518,0.0,-0.0,-0.0,0.0,0,0.0
6179,3,0.11547005383792518,0.0,-0.0,-0.0,0.0,0,0.0
1396,3,0.11547005383792518,0.0,-0.0,-0.0,0.0,0,0.0
6150,3,0.11547005383792518,0.0,-0.0,-0.0,0.0,0,0.0
6147,3,0.11547005383792518,0.0,-0.0,-0.0,0.0,0,0.0
6158,3,0.11547005383792518,0.0,-0.0,-0.0,0.0,0,0.0
9355,3,0.11547005383792518,0.0,-0.0,-0.0,0.0,0,0.0
6152,3,0.11547005383792518,0.0,-0.0,-0.0,0.0,0,0.0
9357,3,0.11547005383792518,0.0,-0.0,-0.0,0.0,0,0.0
2617,3,0.11547005383792518,0.0,-0.0,-0.0,0.0,0,0.0
2614,3,0.11547005383792518,0.0,-0.0,-0.0,0.0,0,0.0
2613,3,0.11547005383792518,0.0,-0.0,-0.0,0.0,0,0.0
2612,3,0.11547005383792518,0.0,-0.0,-0.0,0.0,0,0.0
9367,3,0.11547005383792518,0.0,-0.0,-0.0,0.0,0,0.0
117,3,0.11547005383792518,0.0,-0.0,-0.0,0.0,0,0.0
2908,3,0.11547005383792518,0.0,-0.0,-0.0,0.0,0,0.0
2906,3,0.11547005383792518,0.0,-0.0,-0.0,0.0,0,0.0
2902,3,0.11547005383792518,0.0,-0.0,-0.0,0.0,0,0.0
2901,3,0.11547005383792518,0.0,-0.0,-0.0,0.0,0,0.0
2565,3,0.11547005383792518,0.0,-0.0,-0.0,0.0,0,0.0
2563,3,0.11547005383792518,0.0,-0.0,-0.0,0.0,0,0.0
8036,3,0.11547005383792518,0.0,-0.0,-0.0,0.0,0,0.0
9253,3,0.11547005383792518,0.0,-0.0,-0.0,0.0,0,0.0
2914,3,0.11547005383792518,0.0,-0.0,-0.0,0.0,0,0.0
2913,3,0.11547005383792518,0.0,-0.0,-0.0,0.0,0,0.0
2912,3,0.11547005383792518,0.0,-0.0,-0.0,0.0,0,0.0
2587,3,0.11547005383792518,0.0,-0.0,-0.0,0.0,0,0.0
2893,3,0.11547005383792518,0.0,-0.0,-0.0,0.0,0,0.0
2926,3,0.11547005383792518,0.0,-0.0,-0.0,0.0,0,0.0
8037,3,0.11547005383792518,0.0,-0.0,-0.0,0.0,0,0.0
6080,3,0.11547005383792518,0.0,-0.0,-0.0,0.0,0,0.0
7997,3,0.11547005383792518,0.0,-0.0,-0.0,0.0,0,0.0
9249,3,0.11547005383792518,0.0,-0.0,-0.0,0.0,0,0.0
9248,3,0.11547005383792518,0.0,-0.0,-0.0,0.0,0,0.0
7999,3,0.11547005383792518,0.0,-0.0,-0.0,0.0,0,0.0
9256,3,0.11547005383792518,0.0,-0.0,-0.0,0.0,0,0.0
6134,3,0.11547005383792518,0.0,-0.0,-0.0,0.0,0,0.0
8003,3,0.11547005383792518,0.0,-0.0,-0.0,0.0,0,0.0
6129,3,0.11547005383792518,0.0,-0.0,-0.0,0.0,0,0.0
1528,3,0.11547005383792518,0.0,-0.0,-0.0,0.0,0,0.0
1526,3,0.11547005383792518,0.0,-0.0,-0.0,0.0,0,0.0
1524,3,0.11547005383792518,0.0,-0.0,-0.0,0.0,0,0.0
2927,3,0.11547005383792518,0.0,-0.0,-0.0,0.0,0,0.0
2892,3,0.11547005383792518,0.0,-0.0,-0.0,0.0,0,0.0
9288,3,0.11547005383792518,0.0,-0.0,-0.0,0.0,0,0.0
9287,3,0.11547005383792518,0.0,-0.0,-0.0,0.0,0,0.0
70,3,0.11547005383792518,0.0,-0.0,-0.0,0.0,0,0.0
727,3,0.11547005383792518,0.0,-0.0,-0.0,0.0,0,0.0
126,3,0.11547005383792518,0.0,-0.0,-0.0,0.0,0,0.0
6447,3,0.11547005383792518,0.0,-0.0,-0.0,0.0,0,0.0
728,3,0.11547005383792518,0.0,-0.0,-0.0,0.0,0,0.0
729,3,0.11547005383792518,0.0,-0.0,-0.0,0.0,0,0.0
730,3,0.11547005383792518,0.0,-0.0,-0.0,0.0,0,0.0
6098,3,0.11547005383792518,0.0,-0.0,-0.0,0.0,0,0.0
4003,3,0.11547005383792518,0.0,-0.0,-0.0,0.0,0,0.0
3994,3,0.11547005383792518,0.0,-0.0,-0.0,0.0,0,0.0
102,3,0.11547005383792518,0.0,-0.0,-0.0,0.0,0,0.0
3996,3,0.11547005383792518,0.0,-0.0,-0.0,0.0,0,0.0
6419,3,0.11547005383792518,0.0,-0.0,-0.0,0.0,0,0.0
6434,3,0.11547005383792518,0.0,-0.0,-0.0,0.0,0,0.0
7990,3,0.11547005383792518,0.0,-0.0,-0.0,0.0,0,0.0
6430,3,0.11547005383792518,0.0,-0.0,-0.0,0.0,0,0.0
7976,3,0.11547005383792518,0.0,-0.0,-0.0,0.0,0,0.0
7978,3,0.11547005383792518,0.0,-0.0,-0.0,0.0,0,0.0
2911,3,0.11547005383792518,0.0,-0.0,-0.0,0.0,0,0.0
2568,3,0.11547005383792518,0.0,-0.0,-0.0,0.0,0,0.0
1497,3,0.11547005383792518,0.0,-0.0,-0.0,0.0,0,0.0
1494,3,0.11547005383792518,0.0,-0.0,-0.0,0.0,0,0.0
6407,3,0.11547005383792518,0.0,-0.0,-0.0,0.0,0,0.0
6406,3,0.11547005383792518,0.0,-0.0,-0.0,0.0,0,0.0
7982,3,0.11547005383792518,0.0,-0.0,-0.0,0.0,0,0.0
3995,3,0.11547005383792518,0.0,-0.0,-0.0,0.0,0,0.0
1430,3,0.11547005383792518,0.0,-0.0,-0.0,0.0,0,0.0
1429,3,0.11547005383792518,0.0,-0.0,-0.0,0.0,0,0.0
57,3,0.11547005383792518,0.0,-0.0,-0.0,0.0,0,0.0
8015,3,0.11547005383792518,0.0,-0.0,-0.0,0.0,0,0.0
87,3,0.11547005383792518,0.0,-0.0,-0.0,0.0,0,0.0
95,3,0.11547005383792518,0.0,-0.0,-0.0,0.0,0,0.0
9417,3,0.11547005383792518,0.0,-0.0,-0.0,0.0,0,0.0
9415,3,0.11547005383792518,0.0,-0.0,-0.0,0.0,0,0.0
8012,3,0.11547005383792518,0.0,-0.0,-0.0,0.0,0,0.0
8009,3,0.11547005383792518,0.0,-0.0,-0.0,0.0,0,0.0
4019,3,0.11547005383792518,0.0,-0.0,-0.0,0.0,0,0.0
8022,3,0.11547005383792518,0.0,-0.0,-0.0,0.0,0,0.0
8021,3,0.11547005383792518,0.0,-0.0,-0.0,0.0,0,0.0
6194,3,0.11547005383792518,0.0,-0.0,-0.0,0.0,0,0.0
4035,3,0.11547005383792518,0.0,-0.0,-0.0,0.0,0,0.0
4034,3,0.11547005383792518,0.0,-0.0,-0.0,0.0,0,0.0
4031,3,0.11547005383792518,0.0,-0.0,-0.0,0.0,0,0.0
4044,3,0.11547005383792518,0.0,-0.0,-0.0,0.0,0,0.0
4039,3,0.11547005383792518,0.0,-0.0,-0.0,0.0,0,0.0
8014,3,0.11547005383792518,0.0,-0.0,-0.0,0.0,0,0.0
2776,3,0.11547005383792518,0.0,-0.0,-0.0,0.0,0,0.0
81,3,0.11547005383792518,0.0,-0.0,-0.0,0.0,0,0.0
4018,3,0.11547005383792518,0.0,-0.0,-0.0,0.0,0,0.0
4014,3,0.11547005383792518,0.0,-0.0,-0.0,0.0,0,0.0
4013,3,0.11547005383792518,0.0,-0.0,-0.0,0.0,0,0.0
4011,3,0.11547005383792518,0.0,-0.0,-0.0,0.0,0,0.0
4027,3,0.11547005383792518,0.0,-0.0,-0.0,0.0,0,0.0
4021,3,0.11547005383792518,0.0,-0.0,-0.0,0.0,0,0.0
9373,3,0.11547005383792518,0.0,-0.0,-0.0,0.0,0,0.0
6327,3,0.11547005383792518,0.0,-0.0,-0.0,0.0,0,0.0
6317,3,0.11547005383792518,0.0,-0.0,-0.0,0.0,0,0.0
2699,3,0.11547005383792518,0.0,-0.0,-0.0,0.0,0,0.0
2690,3,0.11547005383792518,0.0,-0.0,-0.0,0.0,0,0.0
2682,3,0.11547005383792518,0.0,-0.0,-0.0,0.0,0,0.0
2788,3,0.11547005383792518,0.0,-0.0,-0.0,0.0,0,0.0
2696,3,0.11547005383792518,0.0,-0.0,-0.0,0.0,0,0.0
2697,3,0.11547005383792518,0.0,-0.0,-0.0,0.0,0,0.0
6274,3,0.11547005383792518,0.0,-0.0,-0.0,0.0,0,0.0
6289,3,0.11547005383792518,0.0,-0.0,-0.0,0.0,0,0.0
6288,3,0.11547005383792518,0.0,-0.0,-0.0,0.0,0,0.0
2744,3,0.11547005383792518,0.0,-0.0,-0.0,0.0,0,0.0
1433,3,0.11547005383792518,0.0,-0.0,-0.0,0.0,0,0.0
6311,3,0.11547005383792518,0.0,-0.0,-0.0,0.0,0,0.0
1427,3,0.11547005383792518,0.0,-0.0,-0.0,0.0,0,0.0
2750,3,0.11547005383792518,0.0,-0.0,-0.0,0.0,0,0.0
2689,3,0.11547005383792518,0.0,-0.0,-0.0,0.0,0,0.0
2726,3,0.11547005383792518,0.0,-0.0,-0.0,0.0,0,0.0
2728,3,0.11547005383792518,0.0,-0.0,-0.0,0.0,0,0.0
6269,3,0.11547005383792518,0.0,-0.0,-0.0,0.0,0,0.0
6268,3,0.11547005383792518,0.0,-0.0,-0.0,0.0,0,0.0
2733,3,0.11547005383792518,0.0,-0.0,-0.0,0.0,0,0.0
2659,3,0.11547005383792518,0.0,-0.0,-0.0,0.0,0,0.0
2773,3,0.11547005383792518,0.0,-0.0,-0.0,0.0,0,0.0
2771,3,0.11547005383792518,0.0,-0.0,-0.0,0.0,0,0.0
2663,3,0.11547005383792518,0.0,-0.0,-0.0,0.0,0,0.0
2661,3,0.11547005383792518,0.0,-0.0,-0.0,0.0,0,0.0
6282,3,0.11547005383792518,0.0,-0.0,-0.0,0.0,0,0.0
9379,3,0.11547005383792518,0.0,-0.0,-0.0,0.0,0,0.0
9317,3,0.11547005383792518,0.0,-0.0,-0.0,0.0,0,0.0
9316,3,0.11547005383792518,0.0,-0.0,-0.0,0.0,0,0.0
9313,3,0.11547005383792518,0.0,-0.0,-0.0,0.0,0,0.0
2640,3,0.11547005383792518,0.0,-0.0,-0.0,0.0,0,0.0
2606,3,0.11547005383792518,0.0,-0.0,-0.0,0.0,0,0.0
2601,3,0.11547005383792518,0.0,-0.0,-0.0,0.0,0,0.0
2598,3,0.11547005383792518,0.0,-0.0,-0.0,0.0,0,0.0
2595,3,0.11547005383792518,0.0,-0.0,-0.0,0.0,0,0.0
9289,3,0.11547005383792518,0.0,-0.0,-0.0,0.0,0,0.0
54,3,0.11547005383792518,0.0,-0.0,-0.0,0.0,0,0.0
9308,3,0.11547005383792518,0.0,-0.0,-0.0,0.0,0,0.0
9307,3,0.11547005383792518,0.0,-0.0,-0.0,0.0,0,0.0
4025,3,0.11547005383792518,0.0,-0.0,-0.0,0.0,0,0.0
9305,3,0.11547005383792518,0.0,-0.0,-0.0,0.0,0,0.0
9318,3,0.11547005383792518,0.0,-0.0,-0.0,0.0,0,0.0
1420,3,0.11547005383792518,0.0,-0.0,-0.0,0.0,0,0.0
6200,3,0.11547005383792518,0.0,-0.0,-0.0,0.0,0,0.0
6303,3,0.11547005383792518,0.0,-0.0,-0.0,0.0,0,0.0
6362,3,0.11547005383792518,0.0,-0.0,-0.0,0.0,0,0.0
1416,3,0.11547005383792518,0.0,-0.0,-0.0,0.0,0,0.0
6296,3,0.11547005383792518,0.0,-0.0,-0.0,0.0,0,0.0
1377,3,0.11547005383792518,0.0,-0.0,-0.0,0.0,0,0.0
6297,3,0.11547005383792518,0.0,-0.0,-0.0,0.0,0,0.0
6242,3,0.11547005383792518,0.0,-0.0,-0.0,0.0,0,0.0
6300,3,0.11547005383792518,0.0,-0.0,-0.0,0.0,0,0.0
9383,3,0.11547005383792518,0.0,-0.0,-0.0,0.0,0,0.0
6196,3,0.11547005383792518,0.0,-0.0,-0.0,0.0,0,0.0
9306,3,0.11547005383792518,0.0,-0.0,-0.0,0.0,0,0.0
4022,3,0.11547005383792518,0.0,-0.0,-0.0,0.0,0,0.0
6236,3,0.11547005383792518,0.0,-0.0,-0.0,0.0,0,0.0
6232,3,0.11547005383792518,0.0,-0.0,-0.0,0.0,0,0.0
6229,3,0.11547005383792518,0.0,-0.0,-0.0,0.0,0,0.0
6226,3,0.11547005383792518,0.0,-0.0,-0.0,0.0,0,0.0
6225,3,0.11547005383792518,0.0,-0.0,-0.0,0.0,0,0.0
6247,3,0.11547005383792518,0.0,-0.0,-0.0,0.0,0,0.0
6246,3,0.11547005383792518,0.0,-0.0,-0.0,0.0,0,0.0
8018,3,0.11547005383792518,0.0,-0.0,-0.0,0.0,0,0.0
56,3,0.11547005383792518,0.0,-0.0,-0.0,0.0,0,0.0
76,3,0.11547005383792518,0.0,-0.0,-0.0,0.0,0,0.0
6209,3,0.11547005383792518,0.0,-0.0,-0.0,0.0,0,0.0
78,3,0.11547005383792518,0.0,-0.0,-0.0,0.0,0,0.0
6312,3,0.11547005383792518,0.0,-0.0,-0.0,0.0,0,0.0
6219,3,0.11547005383792518,0.0,-0.0,-0.0,0.0,0,0.0
9376,3,0.11547005383792518,0.0,-0.0,-0.0,0.0,0,0.0
6215,3,0.11547005383792518,0.0,-0.0,-0.0,0.0,0,0.0
6331,3,0.11547005383792518,0.0,-0.0,-0.0,0.0,0,0.0
6349,3,0.11547005383792518,0.0,-0.0,-0.0,0.0,0,0.0
6348,3,0.11547005383792518,0.0,-0.0,-0.0,0.0,0,0.0
6347,3,0.11547005383792518,0.0,-0.0,-0.0,0.0,0,0.0
6343,3,0.11547005383792518,0.0,-0.0,-0.0,0.0,0,0.0
6341,3,0.11547005383792518,0.0,-0.0,-0.0,0.0,0,0.0
6339,3,0.11547005383792518,0.0,-0.0,-0.0,0.0,0,0.0
2787,3,0.11547005383792518,0.0,-0.0,-0.0,0.0,0,0.0
2626,3,0.11547005383792518,0.0,-0.0,-0.0,0.0,0,0.0
9348,3,0.11547005383792518,0.0,-0.0,-0.0,0.0,0,0.0
6314,3,0.11547005383792518,0.0,-0.0,-0.0,0.0,0,0.0
60,3,0.11547005383792518,0.0,-0.0,-0.0,0.0,0,0.0
3032,3,0.11547005383792518,0.0,-0.0,-0.0,0.0,0,0.0
5940,3,0.11547005383792518,0.0,-0.0,-0.0,0.0,0,0.0
5939,3,0.11547005383792518,0.0,-0.0,-0.0,0.0,0,0.0
8075,3,0.11547005383792518,0.0,-0.0,-0.0,0.0,0,0.0
6552,3,0.11547005383792518,0.0,-0.0,-0.0,0.0,0,0.0
6548,3,0.11547005383792518,0.0,-0.0,-0.0,0.0,0,0.0
3960,3,0.11547005383792518,0.0,-0.0,-0.0,0.0,0,0.0
6546,3,0.11547005383792518,0.0,-0.0,-0.0,0.0,0,0.0
1582,3,0.11547005383792518,0.0,-0.0,-0.0,0.0,0,0.0
1590,3,0.11547005383792518,0.0,-0.0,-0.0,0.0,0,0.0
1588,3,0.11547005383792518,0.0,-0.0,-0.0,0.0,0,0.0
5921,3,0.11547005383792518,0.0,-0.0,-0.0,0.0,0,0.0
3958,3,0.11547005383792518,0.0,-0.0,-0.0,0.0,0,0.0
6075,3,0.11547005383792518,0.0,-0.0,-0.0,0.0,0,0.0
5913,3,0.11547005383792518,0.0,-0.0,-0.0,0.0,0,0.0
3942,3,0.11547005383792518,0.0,-0.0,-0.0,0.0,0,0.0
1319,3,0.11547005383792518,0.0,-0.0,-0.0,0.0,0,0.0
1316,3,0.11547005383792518,0.0,-0.0,-0.0,0.0,0,0.0
176,3,0.11547005383792518,0.0,-0.0,-0.0,0.0,0,0.0
174,3,0.11547005383792518,0.0,-0.0,-0.0,0.0,0,0.0
187,3,0.11547005383792518,0.0,-0.0,-0.0,0.0,0,0.0
181,3,0.11547005383792518,0.0,-0.0,-0.0,0.0,0,0.0
177,3,0.11547005383792518,0.0,-0.0,-0.0,0.0,0,0.0
9130,3,0.11547005383792518,0.0,-0.0,-0.0,0.0,0,0.0
5884,3,0.11547005383792518,0.0,-0.0,-0.0,0.0,0,0.0
5882,3,0.11547005383792518,0.0,-0.0,-0.0,0.0,0,0.0
5890,3,0.11547005383792518,0.0,-0.0,-0.0,0.0,0,0.0
5915,3,0.11547005383792518,0.0,-0.0,-0.0,0.0,0,0.0
3974,3,0.11547005383792518,0.0,-0.0,-0.0,0.0,0,0.0
3009,3,0.11547005383792518,0.0,-0.0,-0.0,0.0,0,0.0
3024,3,0.11547005383792518,0.0,-0.0,-0.0,0.0,0,0.0
3023,3,0.11547005383792518,0.0,-0.0,-0.0,0.0,0,0.0
3022,3,0.11547005383792518,0.0,-0.0,-0.0,0.0,0,0.0
9202,3,0.11547005383792518,0.0,-0.0,-0.0,0.0,0,0.0
136,3,0.11547005383792518,0.0,-0.0,-0.0,0.0,0,0.0
6509,3,0.11547005383792518,0.0,-0.0,-0.0,0.0,0,0.0
715,3,0.11547005383792518,0.0,-0.0,-0.0,0.0,0,0.0
2995,3,0.11547005383792518,0.0,-0.0,-0.0,0.0,0,0.0
2994,3,0.11547005383792518,0.0,-0.0,-0.0,0.0,0,0.0
2987,3,0.11547005383792518,0.0,-0.0,-0.0,0.0,0,0.0
3007,3,0.11547005383792518,0.0,-0.0,-0.0,0.0,0,0.0
6586,3,0.11547005383792518,0.0,-0.0,-0.0,0.0,0,0.0
3016,3,0.11547005383792518,0.0,-0.0,-0.0,0.0,0,0.0
3015,3,0.11547005383792518,0.0,-0.0,-0.0,0.0,0,0.0
3011,3,0.11547005383792518,0.0,-0.0,-0.0,0.0,0,0.0
2530,3,0.11547005383792518,0.0,-0.0,-0.0,0.0,0,0.0
2528,3,0.11547005383792518,0.0,-0.0,-0.0,0.0,0,0.0
3036,3,0.11547005383792518,0.0,-0.0,-0.0,0.0,0,0.0
2538,3,0.11547005383792518,0.0,-0.0,-0.0,0.0,0,0.0
2534,3,0.11547005383792518,0.0,-0.0,-0.0,0.0,0,0.0
2531,3,0.11547005383792518,0.0,-0.0,-0.0,0.0,0,0.0
717,3,0.11547005383792518,0.0,-0.0,-0.0,0.0,0,0.0
719,3,0.11547005383792518,0.0,-0.0,-0.0,0.0,0,0.0
6561,3,0.11547005383792518,0.0,-0.0,-0.0,0.0,0,0.0
8031,3,0.11547005383792518,0.0,-0.0,-0.0,0.0,0,0.0
765,3,0.11547005383792518,0.0,-0.0,-0.0,0.0,0,0.0
3002,3,0.11547005383792518,0.0,-0.0,-0.0,0.0,0,0.0
1329,3,0.11547005383792518,0.0,-0.0,-0.0,0.0,0,0.0
1326,3,0.11547005383792518,0.0,-0.0,-0.0,0.0,0,0.0
1338,3,0.11547005383792518,0.0,-0.0,-0.0,0.0,0,0.0
1337,3,0.11547005383792518,0.0,-0.0,-0.0,0.0,0,0.0
8903,3,0.11547005383792518,0.0,-0.0,-0.0,0.0,0,0.0
5831,3,0.11547005383792518,0.0,-0.0,-0.0,0.0,0,0.0
5830,3,0.11547005383792518,0.0,-0.0,-0.0,0.0,0,0.0
9149,3,0.11547005383792518,0.0,-0.0,-0.0,0.0,0,0.0
9141,3,0.11547005383792518,0.0,-0.0,-0.0,0.0,0,0.0
3040,3,0.11547005383792518,0.0,-0.0,-0.0,0.0,0,0.0
2556,3,0.11547005383792518,0.0,-0.0,-0.0,0.0,0,0.0
2555,3,0.11547005383792518,0.0,-0.0,-0.0,0.0,0,0.0
2554,3,0.11547005383792518,0.0,-0.0,-0.0,0.0,0,0.0
5897,3,0.11547005383792518,0.0,-0.0,-0.0,0.0,0,0.0
9121,3,0.11547005383792518,0.0,-0.0,-0.0,0.0,0,0.0
190,3,0.11547005383792518,0.0,-0.0,-0.0,0.0,0,0.0
9140,3,0.11547005383792518,0.0,-0.0,-0.0,0.0,0,0.0
9136,3,0.11547005383792518,0.0,-0.0,-0.0,0.0,0,0.0
9135,3,0.11547005383792518,0.0,-0.0,-0.0,0.0,0,0.0
9133,3,0.11547005383792518,0.0,-0.0,-0.0,0.0,0,0.0
8087,3,0.11547005383792518,0.0,-0.0,-0.0,0.0,0,0.0
3087,3,0.11547005383792518,0.0,-0.0,-0.0,0.0,0,0.0
3086,3,0.11547005383792518,0.0,-0.0,-0.0,0.0,0,0.0
2497,3,0.11547005383792518,0.0,-0.0,-0.0,0.0,0,0.0
2507,3,0.11547005383792518,0.0,-0.0,-0.0,0.0,0,0.0
2504,3,0.11547005383792518,0.0,-0.0,-0.0,0.0,0,0.0
2501,3,0.11547005383792518,0.0,-0.0,-0.0,0.0,0,0.0
9104,3,0.11547005383792518,0.0,-0.0,-0.0,0.0,0,0.0
3056,3,0.11547005383792518,0.0,-0.0,-0.0,0.0,0,0.0
1315,3,0.11547005383792518,0.0,-0.0,-0.0,0.0,0,0.0
6591,3,0.11547005383792518,0.0,-0.0,-0.0,0.0,0,0.0
6588,3,0.11547005383792518,0.0,-0.0,-0.0,0.0,0,0.0
1322,3,0.11547005383792518,0.0,-0.0,-0.0,0.0,0,0.0
9162,3,0.11547005383792518,0.0,-0.0,-0.0,0.0,0,0.0
9186,3,0.11547005383792518,0.0,-0.0,-0.0,0.0,0,0.0
9185,3,0.11547005383792518,0.0,-0.0,-0.0,0.0,0,0.0
9181,3,0.11547005383792518,0.0,-0.0,-0.0,0.0,0,0.0
6582,3,0.11547005383792518,0.0,-0.0,-0.0,0.0,0,0.0
6579,3,0.11547005383792518,0.0,-0.0,-0.0,0.0,0,0.0
3945,3,0.11547005383792518,0.0,-0.0,-0.0,0.0,0,0.0
5871,3,0.11547005383792518,0.0,-0.0,-0.0,0.0,0,0.0
4120,3,0.11547005383792518,0.0,-0.0,-0.0,0.0,0,0.0
3071,3,0.11547005383792518,0.0,-0.0,-0.0,0.0,0,0.0
9154,3,0.11547005383792518,0.0,-0.0,-0.0,0.0,0,0.0
9152,3,0.11547005383792518,0.0,-0.0,-0.0,0.0,0,0.0
4107,3,0.11547005383792518,0.0,-0.0,-0.0,0.0,0,0.0
9166,3,0.11547005383792518,0.0,-0.0,-0.0,0.0,0,0.0
9165,3,0.11547005383792518,0.0,-0.0,-0.0,0.0,0,0.0
4110,3,0.11547005383792518,0.0,-0.0,-0.0,0.0,0,0.0
5829,3,0.11547005383792518,0.0,-0.0,-0.0,0.0,0,0.0
5827,3,0.11547005383792518,0.0,-0.0,-0.0,0.0,0,0.0
5836,3,0.11547005383792518,0.0,-0.0,-0.0,0.0,0,0.0
8080,3,0.11547005383792518,0.0,-0.0,-0.0,0.0,0,0.0
8082,3,0.11547005383792518,0.0,-0.0,-0.0,0.0,0,0.0
5861,3,0.11547005383792518,0.0,-0.0,-0.0,0.0,0,0.0
5856,3,0.11547005383792518,0.0,-0.0,-0.0,0.0,0,0.0
5855,3,0.11547005383792518,0.0,-0.0,-0.0,0.0,0,0.0
9155,3,0.11547005383792518,0.0,-0.0,-0.0,0.0,0,0.0
1509,3,0.11547005383792518,0.0,-0.0,-0.0,0.0,0,0.0
1521,3,0.11547005383792518,0.0,-0.0,-0.0,0.0,0,0.0
2918,3,0.11547005383792518,0.0,-0.0,-0.0,0.0,0,0.0
2931,3,0.11547005383792518,0.0,-0.0,-0.0,0.0,0,0.0
2929,3,0.11547005383792518,0.0,-0.0,-0.0,0.0,0,0.0
2928,3,0.11547005383792518,0.0,-0.0,-0.0,0.0,0,0.0
2944,3,0.11547005383792518,0.0,-0.0,-0.0,0.0,0,0.0
2943,3,0.11547005383792518,0.0,-0.0,-0.0,0.0,0,0.0
2938,3,0.11547005383792518,0.0,-0.0,-0.0,0.0,0,0.0
9267,3,0.11547005383792518,0.0,-0.0,-0.0,0.0,0,0.0
2962,3,0.11547005383792518,0.0,-0.0,-0.0,0.0,0,0.0
2960,3,0.11547005383792518,0.0,-0.0,-0.0,0.0,0,0.0
2974,3,0.11547005383792518,0.0,-0.0,-0.0,0.0,0,0.0
3983,3,0.11547005383792518,0.0,-0.0,-0.0,0.0,0,0.0
2985,3,0.11547005383792518,0.0,-0.0,-0.0,0.0,0,0.0
2976,3,0.11547005383792518,0.0,-0.0,-0.0,0.0,0,0.0
4063,3,0.11547005383792518,0.0,-0.0,-0.0,0.0,0,0.0
9227,3,0.11547005383792518,0.0,-0.0,-0.0,0.0,0,0.0
142,3,0.11547005383792518,0.0,-0.0,-0.0,0.0,0,0.0
141,3,0.11547005383792518,0.0,-0.0,-0.0,0.0,0,0.0
140,3,0.11547005383792518,0.0,-0.0,-0.0,0.0,0,0.0
155,3,0.11547005383792518,0.0,-0.0,-0.0,0.0,0,0.0
150,3,0.11547005383792518,0.0,-0.0,-0.0,0.0,0,0.0
2945,3,0.11547005383792518,0.0,-0.0,-0.0,0.0,0,0.0
2964,3,0.11547005383792518,0.0,-0.0,-0.0,0.0,0,0.0
2963,3,0.11547005383792518,0.0,-0.0,-0.0,0.0,0,0.0
6466,3,0.11547005383792518,0.0,-0.0,-0.0,0.0,0,0.0
6464,3,0.11547005383792518,0.0,-0.0,-0.0,0.0,0,0.0
2967,3,0.11547005383792518,0.0,-0.0,-0.0,0.0,0,0.0
6107,3,0.11547005383792518,0.0,-0.0,-0.0,0.0,0,0.0
6105,3,0.11547005383792518,0.0,-0.0,-0.0,0.0,0,0.0
7985,3,0.11547005383792518,0.0,-0.0,-0.0,0.0,0,0.0
6122,3,0.11547005383792518,0.0,-0.0,-0.0,0.0,0,0.0
6114,3,0.11547005383792518,0.0,-0.0,-0.0,0.0,0,0.0
6113,3,0.11547005383792518,0.0,-0.0,-0.0,0.0,0,0.0
6135,3,0.11547005383792518,0.0,-0.0,-0.0,0.0,0,0.0
1349,3,0.11547005383792518,0.0,-0.0,-0.0,0.0,0,0.0
1346,3,0.11547005383792518,0.0,-0.0,-0.0,0.0,0,0.0
1345,3,0.11547005383792518,0.0,-0.0,-0.0,0.0,0,0.0
1344,3,0.11547005383792518,0.0,-0.0,-0.0,0.0,0,0.0
7988,3,0.11547005383792518,0.0,-0.0,-0.0,0.0,0,0.0
6462,3,0.11547005383792518,0.0,-0.0,-0.0,0.0,0,0.0
1511,3,0.11547005383792518,0.0,-0.0,-0.0,0.0,0,0.0
1359,3,0.11547005383792518,0.0,-0.0,-0.0,0.0,0,0.0
1519,3,0.11547005383792518,0.0,-0.0,-0.0,0.0,0,0.0
1517,3,0.11547005383792518,0.0,-0.0,-0.0,0.0,0,0.0
1514,3,0.11547005383792518,0.0,-0.0,-0.0,0.0,0,0.0
2262,3,0.11547005383792518,0.0,-0.0,-0.0,0.0,0,0.0
6458,3,0.11547005383792518,0.0,-0.0,-0.0,0.0,0,0.0
2269,3,0.11547005383792518,0.0,-0.0,-0.0,0.0,0,0.0
6453,3,0.11547005383792518,0.0,-0.0,-0.0,0.0,0,0.0
6452,3,0.11547005383792518,0.0,-0.0,-0.0,0.0,0,0.0
9266,3,0.11547005383792518,0.0,-0.0,-0.0,0.0,0,0.0
9265,3,0.11547005383792518,0.0,-0.0,-0.0,0.0,0,0.0
2255,3,0.11547005383792518,0.0,-0.0,-0.0,0.0,0,0.0
1513,3,0.11547005383792518,0.0,-0.0,-0.0,0.0,0,0.0
1512,3,0.11547005383792518,0.0,-0.0,-0.0,0.0,0,0.0
1360,3,0.11547005383792518,0.0,-0.0,-0.0,0.0,0,0.0
4087,3,0.11547005383792518,0.0,-0.0,-0.0,0.0,0,0.0
6499,3,0.11547005383792518,0.0,-0.0,-0.0,0.0,0,0.0
4075,3,0.11547005383792518,0.0,-0.0,-0.0,0.0,0,0.0
4080,3,0.11547005383792518,0.0,-0.0,-0.0,0.0,0,0.0
6494,3,0.11547005383792518,0.0,-0.0,-0.0,0.0,0,0.0
6493,3,0.11547005383792518,0.0,-0.0,-0.0,0.0,0,0.0
4082,3,0.11547005383792518,0.0,-0.0,-0.0,0.0,0,0.0
9225,3,0.11547005383792518,0.0,-0.0,-0.0,0.0,0,0.0
4067,3,0.11547005383792518,0.0,-0.0,-0.0,0.0,0,0.0
4068,3,0.11547005383792518,0.0,-0.0,-0.0,0.0,0,0.0
751,3,0.11547005383792518,0.0,-0.0,-0.0,0.0,0,0.0
6487,3,0.11547005383792518,0.0,-0.0,-0.0,0.0,0,0.0
6485,3,0.11547005383792518,0.0,-0.0,-0.0,0.0,0,0.0
2241,3,0.11547005383792518,0.0,-0.0,-0.0,0.0,0,0.0
7969,3,0.11547005383792518,0.0,-0.0,-0.0,0.0,0,0.0
6539,3,0.11547005383792518,0.0,-0.0,-0.0,0.0,0,0.0
6537,3,0.11547005383792518,0.0,-0.0,-0.0,0.0,0,0.0
6535,3,0.11547005383792518,0.0,-0.0,-0.0,0.0,0,0.0
7972,3,0.11547005383792518,0.0,-0.0,-0.0,0.0,0,0.0
7973,3,0.11547005383792518,0.0,-0.0,-0.0,0.0,0,0.0
1586,3,0.11547005383792518,0.0,-0.0,-0.0,0.0,0,0.0
1585,3,0.11547005383792518,0.0,-0.0,-0.0,0.0,0,0.0
1583,3,0.11547005383792518,0.0,-0.0,-0.0,0.0,0,0.0
7975,3,0.11547005383792518,0.0,-0.0,-0.0,0.0,0,0.0
4093,3,0.11547005383792518,0.0,-0.0,-0.0,0.0,0,0.0
4096,3,0.11547005383792518,0.0,-0.0,-0.0,0.0,0,0.0
4098,3,0.11547005383792518,0.0,-0.0,-0.0,0.0,0,0.0
6530,3,0.11547005383792518,0.0,-0.0,-0.0,0.0,0,0.0
6483,3,0.11547005383792518,0.0,-0.0,-0.0,0.0,0,0.0
2245,3,0.11547005383792518,0.0,-0.0,-0.0,0.0,0,0.0
6473,3,0.11547005383792518,0.0,-0.0,-0.0,0.0,0,0.0
4059,3,0.11547005383792518,0.0,-0.0,-0.0,0.0,0,0.0
129,3,0.11547005383792518,0.0,-0.0,-0.0,0.0,0,0.0
1368,3,0.11547005383792518,0.0,-0.0,-0.0,0.0,0,0.0
5992,3,0.11547005383792518,0.0,-0.0,-0.0,0.0,0,0.0
757,3,0.11547005383792518,0.0,-0.0,-0.0,0.0,0,0.0
1538,3,0.11547005383792518,0.0,-0.0,-0.0,0.0,0,0.0
1542,3,0.11547005383792518,0.0,-0.0,-0.0,0.0,0,0.0
1541,3,0.11547005383792518,0.0,-0.0,-0.0,0.0,0,0.0
1562,3,0.11547005383792518,0.0,-0.0,-0.0,0.0,0,0.0
1558,3,0.11547005383792518,0.0,-0.0,-0.0,0.0,0,0.0
758,3,0.11547005383792518,0.0,-0.0,-0.0,0.0,0,0.0
6478,3,0.11547005383792518,0.0,-0.0,-0.0,0.0,0,0.0
9197,3,0.11547005383792518,0.0,-0.0,-0.0,0.0,0,0.0
9194,3,0.11547005383792518,0.0,-0.0,-0.0,0.0,0,0.0
763,3,0.11547005383792518,0.0,-0.0,-0.0,0.0,0,0.0
9190,3,0.11547005383792518,0.0,-0.0,-0.0,0.0,0,0.0
743,3,0.11547005383792518,0.0,-0.0,-0.0,0.0,0,0.0
2996,3,0.11547005383792518,0.0,-0.0,-0.0,0.0,0,0.0
1599,3,0.11547005383792518,0.0,-0.0,-0.0,0.0,0,0.0
1597,3,0.11547005383792518,0.0,-0.0,-0.0,0.0,0,0.0
5964,3,0.11547005383792518,0.0,-0.0,-0.0,0.0,0,0.0
745,3,0.11547005383792518,0.0,-0.0,-0.0,0.0,0,0.0
5959,3,0.11547005383792518,0.0,-0.0,-0.0,0.0,0,0.0
746,3,0.11547005383792518,0.0,-0.0,-0.0,0.0,0,0.0
7964,3,0.11547005383792518,0.0,-0.0,-0.0,0.0,0,0.0
4084,3,0.11547005383792518,0.0,-0.0,-0.0,0.0,0,0.0
759,3,0.11547005383792518,0.0,-0.0,-0.0,0.0,0,0.0
8435,3,0.11547005383792518,0.0,-0.0,-0.0,0.0,0,0.0
4354,3,0.11547005383792518,0.0,-0.0,-0.0,0.0,0,0.0
8428,3,0.11547005383792518,0.0,-0.0,-0.0,0.0,0,0.0
8425,3,0.11547005383792518,0.0,-0.0,-0.0,0.0,0,0.0
485,3,0.11547005383792518,0.0,-0.0,-0.0,0.0,0,0.0
482,3,0.11547005383792518,0.0,-0.0,-0.0,0.0,0,0.0
495,3,0.11547005383792518,0.0,-0.0,-0.0,0.0,0,0.0
493,3,0.11547005383792518,0.0,-0.0,-0.0,0.0,0,0.0
4750,3,0.11547005383792518,0.0,-0.0,-0.0,0.0,0,0.0
4748,3,0.11547005383792518,0.0,-0.0,-0.0,0.0,0,0.0
4743,3,0.11547005383792518,0.0,-0.0,-0.0,0.0,0,0.0
4736,3,0.11547005383792518,0.0,-0.0,-0.0,0.0,0,0.0
4335,3,0.11547005383792518,0.0,-0.0,-0.0,0.0,0,0.0
2232,3,0.11547005383792518,0.0,-0.0,-0.0,0.0,0,0.0
4345,3,0.11547005383792518,0.0,-0.0,-0.0,0.0,0,0.0
2206,3,0.11547005383792518,0.0,-0.0,-0.0,0.0,0,0.0
2207,3,0.11547005383792518,0.0,-0.0,-0.0,0.0,0,0.0
4323,3,0.11547005383792518,0.0,-0.0,-0.0,0.0,0,0.0
4330,3,0.11547005383792518,0.0,-0.0,-0.0,0.0,0,0.0
4705,3,0.11547005383792518,0.0,-0.0,-0.0,0.0,0,0.0
2044,3,0.11547005383792518,0.0,-0.0,-0.0,0.0,0,0.0
2040,3,0.11547005383792518,0.0,-0.0,-0.0,0.0,0,0.0
4726,3,0.11547005383792518,0.0,-0.0,-0.0,0.0,0,0.0
4731,3,0.11547005383792518,0.0,-0.0,-0.0,0.0,0,0.0
7763,3,0.11547005383792518,0.0,-0.0,-0.0,0.0,0,0.0
7767,3,0.11547005383792518,0.0,-0.0,-0.0,0.0,0,0.0
7768,3,0.11547005383792518,0.0,-0.0,-0.0,0.0,0,0.0
7507,3,0.11547005383792518,0.0,-0.0,-0.0,0.0,0,0.0
4342,3,0.11547005383792518,0.0,-0.0,-0.0,0.0,0,0.0
4761,3,0.11547005383792518,0.0,-0.0,-0.0,0.0,0,0.0
4775,3,0.11547005383792518,0.0,-0.0,-0.0,0.0,0,0.0
4787,3,0.11547005383792518,0.0,-0.0,-0.0,0.0,0,0.0
4785,3,0.11547005383792518,0.0,-0.0,-0.0,0.0,0,0.0
7498,3,0.11547005383792518,0.0,-0.0,-0.0,0.0,0,0.0
4302,3,0.11547005383792518,0.0,-0.0,-0.0,0.0,0,0.0
4303,3,0.11547005383792518,0.0,-0.0,-0.0,0.0,0,0.0
7466,3,0.11547005383792518,0.0,-0.0,-0.0,0.0,0,0.0
824,3,0.11547005383792518,0.0,-0.0,-0.0,0.0,0,0.0
807,3,0.11547005383792518,0.0,-0.0,-0.0,0.0,0,0.0
7487,3,0.11547005383792518,0.0,-0.0,-0.0,0.0,0,0.0
818,3,0.11547005383792518,0.0,-0.0,-0.0,0.0,0,0.0
4752,3,0.11547005383792518,0.0,-0.0,-0.0,0.0,0,0.0
2010,3,0.11547005383792518,0.0,-0.0,-0.0,0.0,0,0.0
952,3,0.11547005383792518,0.0,-0.0,-0.0,0.0,0,0.0
948,3,0.11547005383792518,0.0,-0.0,-0.0,0.0,0,0.0
7807,3,0.11547005383792518,0.0,-0.0,-0.0,0.0,0,0.0
7461,3,0.11547005383792518,0.0,-0.0,-0.0,0.0,0,0.0
7460,3,0.11547005383792518,0.0,-0.0,-0.0,0.0,0,0.0
7459,3,0.11547005383792518,0.0,-0.0,-0.0,0.0,0,0.0
959,3,0.11547005383792518,0.0,-0.0,-0.0,0.0,0,0.0
4794,3,0.11547005383792518,0.0,-0.0,-0.0,0.0,0,0.0
4793,3,0.11547005383792518,0.0,-0.0,-0.0,0.0,0,0.0
1994,3,0.11547005383792518,0.0,-0.0,-0.0,0.0,0,0.0
1987,3,0.11547005383792518,0.0,-0.0,-0.0,0.0,0,0.0
1999,3,0.11547005383792518,0.0,-0.0,-0.0,0.0,0,0.0
1998,3,0.11547005383792518,0.0,-0.0,-0.0,0.0,0,0.0
1996,3,0.11547005383792518,0.0,-0.0,-0.0,0.0,0,0.0
954,3,0.11547005383792518,0.0,-0.0,-0.0,0.0,0,0.0
502,3,0.11547005383792518,0.0,-0.0,-0.0,0.0,0,0.0
497,3,0.11547005383792518,0.0,-0.0,-0.0,0.0,0,0.0
508,3,0.11547005383792518,0.0,-0.0,-0.0,0.0,0,0.0
4348,3,0.11547005383792518,0.0,-0.0,-0.0,0.0,0,0.0
4349,3,0.11547005383792518,0.0,-0.0,-0.0,0.0,0,0.0
7783,3,0.11547005383792518,0.0,-0.0,-0.0,0.0,0,0.0
4652,3,0.11547005383792518,0.0,-0.0,-0.0,0.0,0,0.0
4668,3,0.11547005383792518,0.0,-0.0,-0.0,0.0,0,0.0
4664,3,0.11547005383792518,0.0,-0.0,-0.0,0.0,0,0.0
4680,3,0.11547005383792518,0.0,-0.0,-0.0,0.0,0,0.0
4675,3,0.11547005383792518,0.0,-0.0,-0.0,0.0,0,0.0
8366,3,0.11547005383792518,0.0,-0.0,-0.0,0.0,0,0.0
8365,3,0.11547005383792518,0.0,-0.0,-0.0,0.0,0,0.0
7519,3,0.11547005383792518,0.0,-0.0,-0.0,0.0,0,0.0
7574,3,0.11547005383792518,0.0,-0.0,-0.0,0.0,0,0.0
7785,3,0.11547005383792518,0.0,-0.0,-0.0,0.0,0,0.0
7595,3,0.11547005383792518,0.0,-0.0,-0.0,0.0,0,0.0
7594,3,0.11547005383792518,0.0,-0.0,-0.0,0.0,0,0.0
7586,3,0.11547005383792518,0.0,-0.0,-0.0,0.0,0,0.0
7581,3,0.11547005383792518,0.0,-0.0,-0.0,0.0,0,0.0
927,3,0.11547005383792518,0.0,-0.0,-0.0,0.0,0,0.0
923,3,0.11547005383792518,0.0,-0.0,-0.0,0.0,0,0.0
920,3,0.11547005383792518,0.0,-0.0,-0.0,0.0,0,0.0
7556,3,0.11547005383792518,0.0,-0.0,-0.0,0.0,0,0.0
7760,3,0.11547005383792518,0.0,-0.0,-0.0,0.0,0,0.0
4694,3,0.11547005383792518,0.0,-0.0,-0.0,0.0,0,0.0
2017,3,0.11547005383792518,0.0,-0.0,-0.0,0.0,0,0.0
4703,3,0.11547005383792518,0.0,-0.0,-0.0,0.0,0,0.0
8359,3,0.11547005383792518,0.0,-0.0,-0.0,0.0,0,0.0
7516,3,0.11547005383792518,0.0,-0.0,-0.0,0.0,0,0.0
4367,3,0.11547005383792518,0.0,-0.0,-0.0,0.0,0,0.0
4346,3,0.11547005383792518,0.0,-0.0,-0.0,0.0,0,0.0
915,3,0.11547005383792518,0.0,-0.0,-0.0,0.0,0,0.0
911,3,0.11547005383792518,0.0,-0.0,-0.0,0.0,0,0.0
4693,3,0.11547005383792518,0.0,-0.0,-0.0,0.0,0,0.0
4692,3,0.11547005383792518,0.0,-0.0,-0.0,0.0,0,0.0
4691,3,0.11547005383792518,0.0,-0.0,-0.0,0.0,0,0.0
4683,3,0.11547005383792518,0.0,-0.0,-0.0,0.0,0,0.0
4701,3,0.11547005383792518,0.0,-0.0,-0.0,0.0,0,0.0
4700,3,0.11547005383792518,0.0,-0.0,-0.0,0.0,0,0.0
7549,3,0.11547005383792518,0.0,-0.0,-0.0,0.0,0,0.0
7546,3,0.11547005383792518,0.0,-0.0,-0.0,0.0,0,0.0
503,3,0.11547005383792518,0.0,-0.0,-0.0,0.0,0,0.0
906,3,0.11547005383792518,0.0,-0.0,-0.0,0.0,0,0.0
900,3,0.11547005383792518,0.0,-0.0,-0.0,0.0,0,0.0
919,3,0.11547005383792518,0.0,-0.0,-0.0,0.0,0,0.0
918,3,0.11547005383792518,0.0,-0.0,-0.0,0.0,0,0.0
917,3,0.11547005383792518,0.0,-0.0,-0.0,0.0,0,0.0
8471,3,0.11547005383792518,0.0,-0.0,-0.0,0.0,0,0.0
8470,3,0.11547005383792518,0.0,-0.0,-0.0,0.0,0,0.0
8467,3,0.11547005383792518,0.0,-0.0,-0.0,0.0,0,0.0
8465,3,0.11547005383792518,0.0,-0.0,-0.0,0.0,0,0.0
8464,3,0.11547005383792518,0.0,-0.0,-0.0,0.0,0,0.0
8463,3,0.11547005383792518,0.0,-0.0,-0.0,0.0,0,0.0
8479,3,0.11547005383792518,0.0,-0.0,-0.0,0.0,0,0.0
4347,3,0.11547005383792518,0.0,-0.0,-0.0,0.0,0,0.0
487,3,0.11547005383792518,0.0,-0.0,-0.0,0.0,0,0.0
910,3,0.11547005383792518,0.0,-0.0,-0.0,0.0,0,0.0
1957,3,0.11547005383792518,0.0,-0.0,-0.0,0.0,0,0.0
1956,3,0.11547005383792518,0.0,-0.0,-0.0,0.0,0,0.0
1955,3,0.11547005383792518,0.0,-0.0,-0.0,0.0,0,0.0
436,3,0.11547005383792518,0.0,-0.0,-0.0,0.0,0,0.0
987,3,0.11547005383792518,0.0,-0.0,-0.0,0.0,0,0.0
985,3,0.11547005383792518,0.0,-0.0,-0.0,0.0,0,0.0
980,3,0.11547005383792518,0.0,-0.0,-0.0,0.0,0,0.0
979,3,0.11547005383792518,0.0,-0.0,-0.0,0.0,0,0.0
4848,3,0.11547005383792518,0.0,-0.0,-0.0,0.0,0,0.0
4845,3,0.11547005383792518,0.0,-0.0,-0.0,0.0,0,0.0
4841,3,0.11547005383792518,0.0,-0.0,-0.0,0.0,0,0.0
8165,3,0.11547005383792518,0.0,-0.0,-0.0,0.0,0,0.0
8167,3,0.11547005383792518,0.0,-0.0,-0.0,0.0,0,0.0
4763,3,0.11547005383792518,0.0,-0.0,-0.0,0.0,0,0.0
431,3,0.11547005383792518,0.0,-0.0,-0.0,0.0,0,0.0
426,3,0.11547005383792518,0.0,-0.0,-0.0,0.0,0,0.0
418,3,0.11547005383792518,0.0,-0.0,-0.0,0.0,0,0.0
3560,3,0.11547005383792518,0.0,-0.0,-0.0,0.0,0,0.0
3576,3,0.11547005383792518,0.0,-0.0,-0.0,0.0,0,0.0
469,3,0.11547005383792518,0.0,-0.0,-0.0,0.0,0,0.0
465,3,0.11547005383792518,0.0,-0.0,-0.0,0.0,0,0.0
8549,3,0.11547005383792518,0.0,-0.0,-0.0,0.0,0,0.0
8545,3,0.11547005383792518,0.0,-0.0,-0.0,0.0,0,0.0
478,3,0.11547005383792518,0.0,-0.0,-0.0,0.0,0,0.0
477,3,0.11547005383792518,0.0,-0.0,-0.0,0.0,0,0.0
8153,3,0.11547005383792518,0.0,-0.0,-0.0,0.0,0,0.0
8560,3,0.11547005383792518,0.0,-0.0,-0.0,0.0,0,0.0
7436,3,0.11547005383792518,0.0,-0.0,-0.0,0.0,0,0.0
8569,3,0.11547005383792518,0.0,-0.0,-0.0,0.0,0,0.0
455,3,0.11547005383792518,0.0,-0.0,-0.0,0.0,0,0.0
454,3,0.11547005383792518,0.0,-0.0,-0.0,0.0,0,0.0
4882,3,0.11547005383792518,0.0,-0.0,-0.0,0.0,0,0.0
4894,3,0.11547005383792518,0.0,-0.0,-0.0,0.0,0,0.0
4891,3,0.11547005383792518,0.0,-0.0,-0.0,0.0,0,0.0
4888,3,0.11547005383792518,0.0,-0.0,-0.0,0.0,0,0.0
7386,3,0.11547005383792518,0.0,-0.0,-0.0,0.0,0,0.0
7380,3,0.11547005383792518,0.0,-0.0,-0.0,0.0,0,0.0
7376,3,0.11547005383792518,0.0,-0.0,-0.0,0.0,0,0.0
3843,3,0.11547005383792518,0.0,-0.0,-0.0,0.0,0,0.0
7368,3,0.11547005383792518,0.0,-0.0,-0.0,0.0,0,0.0
1981,3,0.11547005383792518,0.0,-0.0,-0.0,0.0,0,0.0
4875,3,0.11547005383792518,0.0,-0.0,-0.0,0.0,0,0.0
1958,3,0.11547005383792518,0.0,-0.0,-0.0,0.0,0,0.0
4884,3,0.11547005383792518,0.0,-0.0,-0.0,0.0,0,0.0
4883,3,0.11547005383792518,0.0,-0.0,-0.0,0.0,0,0.0
2323,3,0.11547005383792518,0.0,-0.0,-0.0,0.0,0,0.0
7347,3,0.11547005383792518,0.0,-0.0,-0.0,0.0,0,0.0
7346,3,0.11547005383792518,0.0,-0.0,-0.0,0.0,0,0.0
7345,3,0.11547005383792518,0.0,-0.0,-0.0,0.0,0,0.0
7365,3,0.11547005383792518,0.0,-0.0,-0.0,0.0,0,0.0
2325,3,0.11547005383792518,0.0,-0.0,-0.0,0.0,0,0.0
2328,3,0.11547005383792518,0.0,-0.0,-0.0,0.0,0,0.0
2330,3,0.11547005383792518,0.0,-0.0,-0.0,0.0,0,0.0
4859,3,0.11547005383792518,0.0,-0.0,-0.0,0.0,0,0.0
4858,3,0.11547005383792518,0.0,-0.0,-0.0,0.0,0,0.0
4855,3,0.11547005383792518,0.0,-0.0,-0.0,0.0,0,0.0
4853,3,0.11547005383792518,0.0,-0.0,-0.0,0.0,0,0.0
4870,3,0.11547005383792518,0.0,-0.0,-0.0,0.0,0,0.0
7804,3,0.11547005383792518,0.0,-0.0,-0.0,0.0,0,0.0
944,3,0.11547005383792518,0.0,-0.0,-0.0,0.0,0,0.0
935,3,0.11547005383792518,0.0,-0.0,-0.0,0.0,0,0.0
4799,3,0.11547005383792518,0.0,-0.0,-0.0,0.0,0,0.0
8512,3,0.11547005383792518,0.0,-0.0,-0.0,0.0,0,0.0
8525,3,0.11547005383792518,0.0,-0.0,-0.0,0.0,0,0.0
8524,3,0.11547005383792518,0.0,-0.0,-0.0,0.0,0,0.0
8541,3,0.11547005383792518,0.0,-0.0,-0.0,0.0,0,0.0
8538,3,0.11547005383792518,0.0,-0.0,-0.0,0.0,0,0.0
457,3,0.11547005383792518,0.0,-0.0,-0.0,0.0,0,0.0
7443,3,0.11547005383792518,0.0,-0.0,-0.0,0.0,0,0.0
8507,3,0.11547005383792518,0.0,-0.0,-0.0,0.0,0,0.0
8504,3,0.11547005383792518,0.0,-0.0,-0.0,0.0,0,0.0
7435,3,0.11547005383792518,0.0,-0.0,-0.0,0.0,0,0.0
8523,3,0.11547005383792518,0.0,-0.0,-0.0,0.0,0,0.0
8522,3,0.11547005383792518,0.0,-0.0,-0.0,0.0,0,0.0
7793,3,0.11547005383792518,0.0,-0.0,-0.0,0.0,0,0.0
8516,3,0.11547005383792518,0.0,-0.0,-0.0,0.0,0,0.0
8482,3,0.11547005383792518,0.0,-0.0,-0.0,0.0,0,0.0
4307,3,0.11547005383792518,0.0,-0.0,-0.0,0.0,0,0.0
4312,3,0.11547005383792518,0.0,-0.0,-0.0,0.0,0,0.0
8500,3,0.11547005383792518,0.0,-0.0,-0.0,0.0,0,0.0
8497,3,0.11547005383792518,0.0,-0.0,-0.0,0.0,0,0.0
8496,3,0.11547005383792518,0.0,-0.0,-0.0,0.0,0,0.0
8492,3,0.11547005383792518,0.0,-0.0,-0.0,0.0,0,0.0
8491,3,0.11547005383792518,0.0,-0.0,-0.0,0.0,0,0.0
4766,3,0.11547005383792518,0.0,-0.0,-0.0,0.0,0,0.0
4765,3,0.11547005383792518,0.0,-0.0,-0.0,0.0,0,0.0
8503,3,0.11547005383792518,0.0,-0.0,-0.0,0.0,0,0.0
7794,3,0.11547005383792518,0.0,-0.0,-0.0,0.0,0,0.0
7795,3,0.11547005383792518,0.0,-0.0,-0.0,0.0,0,0.0
3883,3,0.11547005383792518,0.0,-0.0,-0.0,0.0,0,0.0
8474,3,0.11547005383792518,0.0,-0.0,-0.0,0.0,0,0.0
8483,3,0.11547005383792518,0.0,-0.0,-0.0,0.0,0,0.0
2015,3,0.11547005383792518,0.0,-0.0,-0.0,0.0,0,0.0
4816,3,0.11547005383792518,0.0,-0.0,-0.0,0.0,0,0.0
4815,3,0.11547005383792518,0.0,-0.0,-0.0,0.0,0,0.0
4823,3,0.11547005383792518,0.0,-0.0,-0.0,0.0,0,0.0
4821,3,0.11547005383792518,0.0,-0.0,-0.0,0.0,0,0.0
4834,3,0.11547005383792518,0.0,-0.0,-0.0,0.0,0,0.0
3851,3,0.11547005383792518,0.0,-0.0,-0.0,0.0,0,0.0
7437,3,0.11547005383792518,0.0,-0.0,-0.0,0.0,0,0.0
7412,3,0.11547005383792518,0.0,-0.0,-0.0,0.0,0,0.0
932,3,0.11547005383792518,0.0,-0.0,-0.0,0.0,0,0.0
3857,3,0.11547005383792518,0.0,-0.0,-0.0,0.0,0,0.0
3840,3,0.11547005383792518,0.0,-0.0,-0.0,0.0,0,0.0
7427,3,0.11547005383792518,0.0,-0.0,-0.0,0.0,0,0.0
3842,3,0.11547005383792518,0.0,-0.0,-0.0,0.0,0,0.0
7421,3,0.11547005383792518,0.0,-0.0,-0.0,0.0,0,0.0
4804,3,0.11547005383792518,0.0,-0.0,-0.0,0.0,0,0.0
1966,3,0.11547005383792518,0.0,-0.0,-0.0,0.0,0,0.0
804,3,0.11547005383792518,0.0,-0.0,-0.0,0.0,0,0.0
7393,3,0.11547005383792518,0.0,-0.0,-0.0,0.0,0,0.0
990,3,0.11547005383792518,0.0,-0.0,-0.0,0.0,0,0.0
7398,3,0.11547005383792518,0.0,-0.0,-0.0,0.0,0,0.0
7419,3,0.11547005383792518,0.0,-0.0,-0.0,0.0,0,0.0
7418,3,0.11547005383792518,0.0,-0.0,-0.0,0.0,0,0.0
7442,3,0.11547005383792518,0.0,-0.0,-0.0,0.0,0,0.0
7430,3,0.11547005383792518,0.0,-0.0,-0.0,0.0,0,0.0
594,3,0.11547005383792518,0.0,-0.0,-0.0,0.0,0,0.0
606,3,0.11547005383792518,0.0,-0.0,-0.0,0.0,0,0.0
603,3,0.11547005383792518,0.0,-0.0,-0.0,0.0,0,0.0
553,3,0.11547005383792518,0.0,-0.0,-0.0,0.0,0,0.0
548,3,0.11547005383792518,0.0,-0.0,-0.0,0.0,0,0.0
4377,3,0.11547005383792518,0.0,-0.0,-0.0,0.0,0,0.0
570,3,0.11547005383792518,0.0,-0.0,-0.0,0.0,0,0.0
568,3,0.11547005383792518,0.0,-0.0,-0.0,0.0,0,0.0
7683,3,0.11547005383792518,0.0,-0.0,-0.0,0.0,0,0.0
4383,3,0.11547005383792518,0.0,-0.0,-0.0,0.0,0,0.0
7700,3,0.11547005383792518,0.0,-0.0,-0.0,0.0,0,0.0
2148,3,0.11547005383792518,0.0,-0.0,-0.0,0.0,0,0.0
670,3,0.11547005383792518,0.0,-0.0,-0.0,0.0,0,0.0
4702,3,0.11547005383792518,0.0,-0.0,-0.0,0.0,0,0.0
2157,3,0.11547005383792518,0.0,-0.0,-0.0,0.0,0,0.0
8207,3,0.11547005383792518,0.0,-0.0,-0.0,0.0,0,0.0
4494,3,0.11547005383792518,0.0,-0.0,-0.0,0.0,0,0.0
4492,3,0.11547005383792518,0.0,-0.0,-0.0,0.0,0,0.0
4490,3,0.11547005383792518,0.0,-0.0,-0.0,0.0,0,0.0
855,3,0.11547005383792518,0.0,-0.0,-0.0,0.0,0,0.0
2158,3,0.11547005383792518,0.0,-0.0,-0.0,0.0,0,0.0
7691,3,0.11547005383792518,0.0,-0.0,-0.0,0.0,0,0.0
4411,3,0.11547005383792518,0.0,-0.0,-0.0,0.0,0,0.0
7684,3,0.11547005383792518,0.0,-0.0,-0.0,0.0,0,0.0
4459,3,0.11547005383792518,0.0,-0.0,-0.0,0.0,0,0.0
4457,3,0.11547005383792518,0.0,-0.0,-0.0,0.0,0,0.0
4475,3,0.11547005383792518,0.0,-0.0,-0.0,0.0,0,0.0
4474,3,0.11547005383792518,0.0,-0.0,-0.0,0.0,0,0.0
608,3,0.11547005383792518,0.0,-0.0,-0.0,0.0,0,0.0
4542,3,0.11547005383792518,0.0,-0.0,-0.0,0.0,0,0.0
4540,3,0.11547005383792518,0.0,-0.0,-0.0,0.0,0,0.0
4538,3,0.11547005383792518,0.0,-0.0,-0.0,0.0,0,0.0
4537,3,0.11547005383792518,0.0,-0.0,-0.0,0.0,0,0.0
2119,3,0.11547005383792518,0.0,-0.0,-0.0,0.0,0,0.0
4515,3,0.11547005383792518,0.0,-0.0,-0.0,0.0,0,0.0
4534,3,0.11547005383792518,0.0,-0.0,-0.0,0.0,0,0.0
4528,3,0.11547005383792518,0.0,-0.0,-0.0,0.0,0,0.0
2341,3,0.11547005383792518,0.0,-0.0,-0.0,0.0,0,0.0
2338,3,0.11547005383792518,0.0,-0.0,-0.0,0.0,0,0.0
2337,3,0.11547005383792518,0.0,-0.0,-0.0,0.0,0,0.0
2354,3,0.11547005383792518,0.0,-0.0,-0.0,0.0,0,0.0
2349,3,0.11547005383792518,0.0,-0.0,-0.0,0.0,0,0.0
847,3,0.11547005383792518,0.0,-0.0,-0.0,0.0,0,0.0
4495,3,0.11547005383792518,0.0,-0.0,-0.0,0.0,0,0.0
4513,3,0.11547005383792518,0.0,-0.0,-0.0,0.0,0,0.0
4511,3,0.11547005383792518,0.0,-0.0,-0.0,0.0,0,0.0
4510,3,0.11547005383792518,0.0,-0.0,-0.0,0.0,0,0.0
4507,3,0.11547005383792518,0.0,-0.0,-0.0,0.0,0,0.0
4506,3,0.11547005383792518,0.0,-0.0,-0.0,0.0,0,0.0
4517,3,0.11547005383792518,0.0,-0.0,-0.0,0.0,0,0.0
4386,3,0.11547005383792518,0.0,-0.0,-0.0,0.0,0,0.0
4376,3,0.11547005383792518,0.0,-0.0,-0.0,0.0,0,0.0
843,3,0.11547005383792518,0.0,-0.0,-0.0,0.0,0,0.0
841,3,0.11547005383792518,0.0,-0.0,-0.0,0.0,0,0.0
839,3,0.11547005383792518,0.0,-0.0,-0.0,0.0,0,0.0
836,3,0.11547005383792518,0.0,-0.0,-0.0,0.0,0,0.0
848,3,0.11547005383792518,0.0,-0.0,-0.0,0.0,0,0.0
4504,3,0.11547005383792518,0.0,-0.0,-0.0,0.0,0,0.0
7716,3,0.11547005383792518,0.0,-0.0,-0.0,0.0,0,0.0
2345,3,0.11547005383792518,0.0,-0.0,-0.0,0.0,0,0.0
7696,3,0.11547005383792518,0.0,-0.0,-0.0,0.0,0,0.0
7694,3,0.11547005383792518,0.0,-0.0,-0.0,0.0,0,0.0
7693,3,0.11547005383792518,0.0,-0.0,-0.0,0.0,0,0.0
7720,3,0.11547005383792518,0.0,-0.0,-0.0,0.0,0,0.0
620,3,0.11547005383792518,0.0,-0.0,-0.0,0.0,0,0.0
617,3,0.11547005383792518,0.0,-0.0,-0.0,0.0,0,0.0
613,3,0.11547005383792518,0.0,-0.0,-0.0,0.0,0,0.0
635,3,0.11547005383792518,0.0,-0.0,-0.0,0.0,0,0.0
621,3,0.11547005383792518,0.0,-0.0,-0.0,0.0,0,0.0
7722,3,0.11547005383792518,0.0,-0.0,-0.0,0.0,0,0.0
3778,3,0.11547005383792518,0.0,-0.0,-0.0,0.0,0,0.0
4472,3,0.11547005383792518,0.0,-0.0,-0.0,0.0,0,0.0
8172,3,0.11547005383792518,0.0,-0.0,-0.0,0.0,0,0.0
8169,3,0.11547005383792518,0.0,-0.0,-0.0,0.0,0,0.0
8177,3,0.11547005383792518,0.0,-0.0,-0.0,0.0,0,0.0
651,3,0.11547005383792518,0.0,-0.0,-0.0,0.0,0,0.0
648,3,0.11547005383792518,0.0,-0.0,-0.0,0.0,0,0.0
647,3,0.11547005383792518,0.0,-0.0,-0.0,0.0,0,0.0
7734,3,0.11547005383792518,0.0,-0.0,-0.0,0.0,0,0.0
7732,3,0.11547005383792518,0.0,-0.0,-0.0,0.0,0,0.0
2164,3,0.11547005383792518,0.0,-0.0,-0.0,0.0,0,0.0
2166,3,0.11547005383792518,0.0,-0.0,-0.0,0.0,0,0.0
7726,3,0.11547005383792518,0.0,-0.0,-0.0,0.0,0,0.0
7748,3,0.11547005383792518,0.0,-0.0,-0.0,0.0,0,0.0
2170,3,0.11547005383792518,0.0,-0.0,-0.0,0.0,0,0.0
7741,3,0.11547005383792518,0.0,-0.0,-0.0,0.0,0,0.0
2367,3,0.11547005383792518,0.0,-0.0,-0.0,0.0,0,0.0
4482,3,0.11547005383792518,0.0,-0.0,-0.0,0.0,0,0.0
4481,3,0.11547005383792518,0.0,-0.0,-0.0,0.0,0,0.0
4478,3,0.11547005383792518,0.0,-0.0,-0.0,0.0,0,0.0
2365,3,0.11547005383792518,0.0,-0.0,-0.0,0.0,0,0.0
2361,3,0.11547005383792518,0.0,-0.0,-0.0,0.0,0,0.0
2358,3,0.11547005383792518,0.0,-0.0,-0.0,0.0,0,0.0
579,3,0.11547005383792518,0.0,-0.0,-0.0,0.0,0,0.0
576,3,0.11547005383792518,0.0,-0.0,-0.0,0.0,0,0.0
4527,3,0.11547005383792518,0.0,-0.0,-0.0,0.0,0,0.0
4526,3,0.11547005383792518,0.0,-0.0,-0.0,0.0,0,0.0
4460,3,0.11547005383792518,0.0,-0.0,-0.0,0.0,0,0.0
4423,3,0.11547005383792518,0.0,-0.0,-0.0,0.0,0,0.0
4422,3,0.11547005383792518,0.0,-0.0,-0.0,0.0,0,0.0
3807,3,0.11547005383792518,0.0,-0.0,-0.0,0.0,0,0.0
4454,3,0.11547005383792518,0.0,-0.0,-0.0,0.0,0,0.0
4452,3,0.11547005383792518,0.0,-0.0,-0.0,0.0,0,0.0
4449,3,0.11547005383792518,0.0,-0.0,-0.0,0.0,0,0.0
4448,3,0.11547005383792518,0.0,-0.0,-0.0,0.0,0,0.0
4407,3,0.11547005383792518,0.0,-0.0,-0.0,0.0,0,0.0
2146,3,0.11547005383792518,0.0,-0.0,-0.0,0.0,0,0.0
4404,3,0.11547005383792518,0.0,-0.0,-0.0,0.0,0,0.0
4405,3,0.11547005383792518,0.0,-0.0,-0.0,0.0,0,0.0
4420,3,0.11547005383792518,0.0,-0.0,-0.0,0.0,0,0.0
4418,3,0.11547005383792518,0.0,-0.0,-0.0,0.0,0,0.0
4416,3,0.11547005383792518,0.0,-0.0,-0.0,0.0,0,0.0
4427,3,0.11547005383792518,0.0,-0.0,-0.0,0.0,0,0.0
4426,3,0.11547005383792518,0.0,-0.0,-0.0,0.0,0,0.0
4406,3,0.11547005383792518,0.0,-0.0,-0.0,0.0,0,0.0
4447,3,0.11547005383792518,0.0,-0.0,-0.0,0.0,0,0.0
8383,3,0.11547005383792518,0.0,-0.0,-0.0,0.0,0,0.0
8382,3,0.11547005383792518,0.0,-0.0,-0.0,0.0,0,0.0
3812,3,0.11547005383792518,0.0,-0.0,-0.0,0.0,0,0.0
3813,3,0.11547005383792518,0.0,-0.0,-0.0,0.0,0,0.0
573,3,0.11547005383792518,0.0,-0.0,-0.0,0.0,0,0.0
8317,3,0.11547005383792518,0.0,-0.0,-0.0,0.0,0,0.0
3816,3,0.11547005383792518,0.0,-0.0,-0.0,0.0,0,0.0
3818,3,0.11547005383792518,0.0,-0.0,-0.0,0.0,0,0.0
654,3,0.11547005383792518,0.0,-0.0,-0.0,0.0,0,0.0
8326,3,0.11547005383792518,0.0,-0.0,-0.0,0.0,0,0.0
655,3,0.11547005383792518,0.0,-0.0,-0.0,0.0,0,0.0
8324,3,0.11547005383792518,0.0,-0.0,-0.0,0.0,0,0.0
2061,3,0.11547005383792518,0.0,-0.0,-0.0,0.0,0,0.0
2097,3,0.11547005383792518,0.0,-0.0,-0.0,0.0,0,0.0
2056,3,0.11547005383792518,0.0,-0.0,-0.0,0.0,0,0.0
2055,3,0.11547005383792518,0.0,-0.0,-0.0,0.0,0,0.0
2073,3,0.11547005383792518,0.0,-0.0,-0.0,0.0,0,0.0
2068,3,0.11547005383792518,0.0,-0.0,-0.0,0.0,0,0.0
2067,3,0.11547005383792518,0.0,-0.0,-0.0,0.0,0,0.0
2065,3,0.11547005383792518,0.0,-0.0,-0.0,0.0,0,0.0
873,3,0.11547005383792518,0.0,-0.0,-0.0,0.0,0,0.0
870,3,0.11547005383792518,0.0,-0.0,-0.0,0.0,0,0.0
893,3,0.11547005383792518,0.0,-0.0,-0.0,0.0,0,0.0
884,3,0.11547005383792518,0.0,-0.0,-0.0,0.0,0,0.0
882,3,0.11547005383792518,0.0,-0.0,-0.0,0.0,0,0.0
2109,3,0.11547005383792518,0.0,-0.0,-0.0,0.0,0,0.0
2104,3,0.11547005383792518,0.0,-0.0,-0.0,0.0,0,0.0
2048,3,0.11547005383792518,0.0,-0.0,-0.0,0.0,0,0.0
2057,3,0.11547005383792518,0.0,-0.0,-0.0,0.0,0,0.0
2034,3,0.11547005383792518,0.0,-0.0,-0.0,0.0,0,0.0
2029,3,0.11547005383792518,0.0,-0.0,-0.0,0.0,0,0.0
2028,3,0.11547005383792518,0.0,-0.0,-0.0,0.0,0,0.0
7553,3,0.11547005383792518,0.0,-0.0,-0.0,0.0,0,0.0
4635,3,0.11547005383792518,0.0,-0.0,-0.0,0.0,0,0.0
4627,3,0.11547005383792518,0.0,-0.0,-0.0,0.0,0,0.0
4641,3,0.11547005383792518,0.0,-0.0,-0.0,0.0,0,0.0
4640,3,0.11547005383792518,0.0,-0.0,-0.0,0.0,0,0.0
4638,3,0.11547005383792518,0.0,-0.0,-0.0,0.0,0,0.0
4636,3,0.11547005383792518,0.0,-0.0,-0.0,0.0,0,0.0
7609,3,0.11547005383792518,0.0,-0.0,-0.0,0.0,0,0.0
7599,3,0.11547005383792518,0.0,-0.0,-0.0,0.0,0,0.0
8408,3,0.11547005383792518,0.0,-0.0,-0.0,0.0,0,0.0
8368,3,0.11547005383792518,0.0,-0.0,-0.0,0.0,0,0.0
8402,3,0.11547005383792518,0.0,-0.0,-0.0,0.0,0,0.0
8422,3,0.11547005383792518,0.0,-0.0,-0.0,0.0,0,0.0
8137,3,0.11547005383792518,0.0,-0.0,-0.0,0.0,0,0.0
3688,3,0.11547005383792518,0.0,-0.0,-0.0,0.0,0,0.0
4619,3,0.11547005383792518,0.0,-0.0,-0.0,0.0,0,0.0
8141,3,0.11547005383792518,0.0,-0.0,-0.0,0.0,0,0.0
8385,3,0.11547005383792518,0.0,-0.0,-0.0,0.0,0,0.0
8384,3,0.11547005383792518,0.0,-0.0,-0.0,0.0,0,0.0
8401,3,0.11547005383792518,0.0,-0.0,-0.0,0.0,0,0.0
8395,3,0.11547005383792518,0.0,-0.0,-0.0,0.0,0,0.0
702,3,0.11547005383792518,0.0,-0.0,-0.0,0.0,0,0.0
8371,3,0.11547005383792518,0.0,-0.0,-0.0,0.0,0,0.0
7781,3,0.11547005383792518,0.0,-0.0,-0.0,0.0,0,0.0
8369,3,0.11547005383792518,0.0,-0.0,-0.0,0.0,0,0.0
8154,3,0.11547005383792518,0.0,-0.0,-0.0,0.0,0,0.0
8350,3,0.11547005383792518,0.0,-0.0,-0.0,0.0,0,0.0
7757,3,0.11547005383792518,0.0,-0.0,-0.0,0.0,0,0.0
4333,3,0.11547005383792518,0.0,-0.0,-0.0,0.0,0,0.0
7676,3,0.11547005383792518,0.0,-0.0,-0.0,0.0,0,0.0
589,3,0.11547005383792518,0.0,-0.0,-0.0,0.0,0,0.0
588,3,0.11547005383792518,0.0,-0.0,-0.0,0.0,0,0.0
582,3,0.11547005383792518,0.0,-0.0,-0.0,0.0,0,0.0
600,3,0.11547005383792518,0.0,-0.0,-0.0,0.0,0,0.0
599,3,0.11547005383792518,0.0,-0.0,-0.0,0.0,0,0.0
598,3,0.11547005383792518,0.0,-0.0,-0.0,0.0,0,0.0
2134,3,0.11547005383792518,0.0,-0.0,-0.0,0.0,0,0.0
2132,3,0.11547005383792518,0.0,-0.0,-0.0,0.0,0,0.0
7668,3,0.11547005383792518,0.0,-0.0,-0.0,0.0,0,0.0
656,3,0.11547005383792518,0.0,-0.0,-0.0,0.0,0,0.0
4398,3,0.11547005383792518,0.0,-0.0,-0.0,0.0,0,0.0
4401,3,0.11547005383792518,0.0,-0.0,-0.0,0.0,0,0.0
7663,3,0.11547005383792518,0.0,-0.0,-0.0,0.0,0,0.0
7661,3,0.11547005383792518,0.0,-0.0,-0.0,0.0,0,0.0
2118,3,0.11547005383792518,0.0,-0.0,-0.0,0.0,0,0.0
2114,3,0.11547005383792518,0.0,-0.0,-0.0,0.0,0,0.0
2113,3,0.11547005383792518,0.0,-0.0,-0.0,0.0,0,0.0
2130,3,0.11547005383792518,0.0,-0.0,-0.0,0.0,0,0.0
2129,3,0.11547005383792518,0.0,-0.0,-0.0,0.0,0,0.0
2124,3,0.11547005383792518,0.0,-0.0,-0.0,0.0,0,0.0
2123,3,0.11547005383792518,0.0,-0.0,-0.0,0.0,0,0.0
2140,3,0.11547005383792518,0.0,-0.0,-0.0,0.0,0,0.0
2090,3,0.11547005383792518,0.0,-0.0,-0.0,0.0,0,0.0
2101,3,0.11547005383792518,0.0,-0.0,-0.0,0.0,0,0.0
4395,3,0.11547005383792518,0.0,-0.0,-0.0,0.0,0,0.0
643,3,0.11547005383792518,0.0,-0.0,-0.0,0.0,0,0.0
866,3,0.11547005383792518,0.0,-0.0,-0.0,0.0,0,0.0
865,3,0.11547005383792518,0.0,-0.0,-0.0,0.0,0,0.0
7612,3,0.11547005383792518,0.0,-0.0,-0.0,0.0,0,0.0
880,3,0.11547005383792518,0.0,-0.0,-0.0,0.0,0,0.0
7736,3,0.11547005383792518,0.0,-0.0,-0.0,0.0,0,0.0
7659,3,0.11547005383792518,0.0,-0.0,-0.0,0.0,0,0.0
2311,3,0.11547005383792518,0.0,-0.0,-0.0,0.0,0,0.0
7651,3,0.11547005383792518,0.0,-0.0,-0.0,0.0,0,0.0
3836,3,0.11547005383792518,0.0,-0.0,-0.0,0.0,0,0.0
2081,3,0.11547005383792518,0.0,-0.0,-0.0,0.0,0,0.0
2092,3,0.11547005383792518,0.0,-0.0,-0.0,0.0,0,0.0
542,3,0.11547005383792518,0.0,-0.0,-0.0,0.0,0,0.0
2064,3,0.11547005383792518,0.0,-0.0,-0.0,0.0,0,0.0
515,3,0.11547005383792518,0.0,-0.0,-0.0,0.0,0,0.0
7634,3,0.11547005383792518,0.0,-0.0,-0.0,0.0,0,0.0
7631,3,0.11547005383792518,0.0,-0.0,-0.0,0.0,0,0.0
7647,3,0.11547005383792518,0.0,-0.0,-0.0,0.0,0,0.0
3821,3,0.11547005383792518,0.0,-0.0,-0.0,0.0,0,0.0
4371,3,0.11547005383792518,0.0,-0.0,-0.0,0.0,0,0.0
536,3,0.11547005383792518,0.0,-0.0,-0.0,0.0,0,0.0
531,3,0.11547005383792518,0.0,-0.0,-0.0,0.0,0,0.0
529,3,0.11547005383792518,0.0,-0.0,-0.0,0.0,0,0.0
524,3,0.11547005383792518,0.0,-0.0,-0.0,0.0,0,0.0
3697,3,0.11547005383792518,0.0,-0.0,-0.0,0.0,0,0.0
3706,3,0.11547005383792518,0.0,-0.0,-0.0,0.0,0,0.0
4372,3,0.11547005383792518,0.0,-0.0,-0.0,0.0,0,0.0
8355,3,0.11547005383792518,0.0,-0.0,-0.0,0.0,0,0.0
4375,3,0.11547005383792518,0.0,-0.0,-0.0,0.0,0,0.0
2308,3,0.11547005383792518,0.0,-0.0,-0.0,0.0,0,0.0
1116,3,0.11547005383792518,0.0,-0.0,-0.0,0.0,0,0.0
1104,3,0.11547005383792518,0.0,-0.0,-0.0,0.0,0,0.0
5235,3,0.11547005383792518,0.0,-0.0,-0.0,0.0,0,0.0
5233,3,0.11547005383792518,0.0,-0.0,-0.0,0.0,0,0.0
2276,3,0.11547005383792518,0.0,-0.0,-0.0,0.0,0,0.0
2277,3,0.11547005383792518,0.0,-0.0,-0.0,0.0,0,0.0
349,3,0.11547005383792518,0.0,-0.0,-0.0,0.0,0,0.0
8783,3,0.11547005383792518,0.0,-0.0,-0.0,0.0,0,0.0
8781,3,0.11547005383792518,0.0,-0.0,-0.0,0.0,0,0.0
8780,3,0.11547005383792518,0.0,-0.0,-0.0,0.0,0,0.0
8777,3,0.11547005383792518,0.0,-0.0,-0.0,0.0,0,0.0
2278,3,0.11547005383792518,0.0,-0.0,-0.0,0.0,0,0.0
1060,3,0.11547005383792518,0.0,-0.0,-0.0,0.0,0,0.0
968,3,0.11547005383792518,0.0,-0.0,-0.0,0.0,0,0.0
7100,3,0.11547005383792518,0.0,-0.0,-0.0,0.0,0,0.0
3930,3,0.11547005383792518,0.0,-0.0,-0.0,0.0,0,0.0
3476,3,0.11547005383792518,0.0,-0.0,-0.0,0.0,0,0.0
8776,3,0.11547005383792518,0.0,-0.0,-0.0,0.0,0,0.0
8775,3,0.11547005383792518,0.0,-0.0,-0.0,0.0,0,0.0
8102,3,0.11547005383792518,0.0,-0.0,-0.0,0.0,0,0.0
5208,3,0.11547005383792518,0.0,-0.0,-0.0,0.0,0,0.0
5224,3,0.11547005383792518,0.0,-0.0,-0.0,0.0,0,0.0
5219,3,0.11547005383792518,0.0,-0.0,-0.0,0.0,0,0.0
5218,3,0.11547005383792518,0.0,-0.0,-0.0,0.0,0,0.0
1118,3,0.11547005383792518,0.0,-0.0,-0.0,0.0,0,0.0
3926,3,0.11547005383792518,0.0,-0.0,-0.0,0.0,0,0.0
1061,3,0.11547005383792518,0.0,-0.0,-0.0,0.0,0,0.0
3927,3,0.11547005383792518,0.0,-0.0,-0.0,0.0,0,0.0
3929,3,0.11547005383792518,0.0,-0.0,-0.0,0.0,0,0.0
1820,3,0.11547005383792518,0.0,-0.0,-0.0,0.0,0,0.0
3417,3,0.11547005383792518,0.0,-0.0,-0.0,0.0,0,0.0
8837,3,0.11547005383792518,0.0,-0.0,-0.0,0.0,0,0.0
8835,3,0.11547005383792518,0.0,-0.0,-0.0,0.0,0,0.0
7875,3,0.11547005383792518,0.0,-0.0,-0.0,0.0,0,0.0
316,3,0.11547005383792518,0.0,-0.0,-0.0,0.0,0,0.0
315,3,0.11547005383792518,0.0,-0.0,-0.0,0.0,0,0.0
7883,3,0.11547005383792518,0.0,-0.0,-0.0,0.0,0,0.0
8848,3,0.11547005383792518,0.0,-0.0,-0.0,0.0,0,0.0
314,3,0.11547005383792518,0.0,-0.0,-0.0,0.0,0,0.0
313,3,0.11547005383792518,0.0,-0.0,-0.0,0.0,0,0.0
310,3,0.11547005383792518,0.0,-0.0,-0.0,0.0,0,0.0
309,3,0.11547005383792518,0.0,-0.0,-0.0,0.0,0,0.0
1103,3,0.11547005383792518,0.0,-0.0,-0.0,0.0,0,0.0
3396,3,0.11547005383792518,0.0,-0.0,-0.0,0.0,0,0.0
3426,3,0.11547005383792518,0.0,-0.0,-0.0,0.0,0,0.0
3419,3,0.11547005383792518,0.0,-0.0,-0.0,0.0,0,0.0
5239,3,0.11547005383792518,0.0,-0.0,-0.0,0.0,0,0.0
5252,3,0.11547005383792518,0.0,-0.0,-0.0,0.0,0,0.0
5246,3,0.11547005383792518,0.0,-0.0,-0.0,0.0,0,0.0
5262,3,0.11547005383792518,0.0,-0.0,-0.0,0.0,0,0.0
5259,3,0.11547005383792518,0.0,-0.0,-0.0,0.0,0,0.0
5258,3,0.11547005383792518,0.0,-0.0,-0.0,0.0,0,0.0
303,3,0.11547005383792518,0.0,-0.0,-0.0,0.0,0,0.0
300,3,0.11547005383792518,0.0,-0.0,-0.0,0.0,0,0.0
8884,3,0.11547005383792518,0.0,-0.0,-0.0,0.0,0,0.0
8882,3,0.11547005383792518,0.0,-0.0,-0.0,0.0,0,0.0
2282,3,0.11547005383792518,0.0,-0.0,-0.0,0.0,0,0.0
3399,3,0.11547005383792518,0.0,-0.0,-0.0,0.0,0,0.0
8791,3,0.11547005383792518,0.0,-0.0,-0.0,0.0,0,0.0
8788,3,0.11547005383792518,0.0,-0.0,-0.0,0.0,0,0.0
8132,3,0.11547005383792518,0.0,-0.0,-0.0,0.0,0,0.0
8785,3,0.11547005383792518,0.0,-0.0,-0.0,0.0,0,0.0
8812,3,0.11547005383792518,0.0,-0.0,-0.0,0.0,0,0.0
8811,3,0.11547005383792518,0.0,-0.0,-0.0,0.0,0,0.0
8133,3,0.11547005383792518,0.0,-0.0,-0.0,0.0,0,0.0
3919,3,0.11547005383792518,0.0,-0.0,-0.0,0.0,0,0.0
3922,3,0.11547005383792518,0.0,-0.0,-0.0,0.0,0,0.0
8716,3,0.11547005383792518,0.0,-0.0,-0.0,0.0,0,0.0
8715,3,0.11547005383792518,0.0,-0.0,-0.0,0.0,0,0.0
8731,3,0.11547005383792518,0.0,-0.0,-0.0,0.0,0,0.0
3924,3,0.11547005383792518,0.0,-0.0,-0.0,0.0,0,0.0
8862,3,0.11547005383792518,0.0,-0.0,-0.0,0.0,0,0.0
7154,3,0.11547005383792518,0.0,-0.0,-0.0,0.0,0,0.0
7144,3,0.11547005383792518,0.0,-0.0,-0.0,0.0,0,0.0
7169,3,0.11547005383792518,0.0,-0.0,-0.0,0.0,0,0.0
7167,3,0.11547005383792518,0.0,-0.0,-0.0,0.0,0,0.0
7165,3,0.11547005383792518,0.0,-0.0,-0.0,0.0,0,0.0
2237,3,0.11547005383792518,0.0,-0.0,-0.0,0.0,0,0.0
8688,3,0.11547005383792518,0.0,-0.0,-0.0,0.0,0,0.0
2238,3,0.11547005383792518,0.0,-0.0,-0.0,0.0,0,0.0
7135,3,0.11547005383792518,0.0,-0.0,-0.0,0.0,0,0.0
5140,3,0.11547005383792518,0.0,-0.0,-0.0,0.0,0,0.0
5138,3,0.11547005383792518,0.0,-0.0,-0.0,0.0,0,0.0
5134,3,0.11547005383792518,0.0,-0.0,-0.0,0.0,0,0.0
5131,3,0.11547005383792518,0.0,-0.0,-0.0,0.0,0,0.0
5149,3,0.11547005383792518,0.0,-0.0,-0.0,0.0,0,0.0
8744,3,0.11547005383792518,0.0,-0.0,-0.0,0.0,0,0.0
3910,3,0.11547005383792518,0.0,-0.0,-0.0,0.0,0,0.0
5204,3,0.11547005383792518,0.0,-0.0,-0.0,0.0,0,0.0
5203,3,0.11547005383792518,0.0,-0.0,-0.0,0.0,0,0.0
5197,3,0.11547005383792518,0.0,-0.0,-0.0,0.0,0,0.0
5212,3,0.11547005383792518,0.0,-0.0,-0.0,0.0,0,0.0
5210,3,0.11547005383792518,0.0,-0.0,-0.0,0.0,0,0.0
5182,3,0.11547005383792518,0.0,-0.0,-0.0,0.0,0,0.0
7112,3,0.11547005383792518,0.0,-0.0,-0.0,0.0,0,0.0
7111,3,0.11547005383792518,0.0,-0.0,-0.0,0.0,0,0.0
7110,3,0.11547005383792518,0.0,-0.0,-0.0,0.0,0,0.0
7109,3,0.11547005383792518,0.0,-0.0,-0.0,0.0,0,0.0
1083,3,0.11547005383792518,0.0,-0.0,-0.0,0.0,0,0.0
3912,3,0.11547005383792518,0.0,-0.0,-0.0,0.0,0,0.0
8813,3,0.11547005383792518,0.0,-0.0,-0.0,0.0,0,0.0
1081,3,0.11547005383792518,0.0,-0.0,-0.0,0.0,0,0.0
3917,3,0.11547005383792518,0.0,-0.0,-0.0,0.0,0,0.0
5155,3,0.11547005383792518,0.0,-0.0,-0.0,0.0,0,0.0
5153,3,0.11547005383792518,0.0,-0.0,-0.0,0.0,0,0.0
5174,3,0.11547005383792518,0.0,-0.0,-0.0,0.0,0,0.0
5171,3,0.11547005383792518,0.0,-0.0,-0.0,0.0,0,0.0
5166,3,0.11547005383792518,0.0,-0.0,-0.0,0.0,0,0.0
5184,3,0.11547005383792518,0.0,-0.0,-0.0,0.0,0,0.0
3897,3,0.11547005383792518,0.0,-0.0,-0.0,0.0,0,0.0
3903,3,0.11547005383792518,0.0,-0.0,-0.0,0.0,0,0.0
3465,3,0.11547005383792518,0.0,-0.0,-0.0,0.0,0,0.0
8829,3,0.11547005383792518,0.0,-0.0,-0.0,0.0,0,0.0
8828,3,0.11547005383792518,0.0,-0.0,-0.0,0.0,0,0.0
8814,3,0.11547005383792518,0.0,-0.0,-0.0,0.0,0,0.0
3913,3,0.11547005383792518,0.0,-0.0,-0.0,0.0,0,0.0
1150,3,0.11547005383792518,0.0,-0.0,-0.0,0.0,0,0.0
1149,3,0.11547005383792518,0.0,-0.0,-0.0,0.0,0,0.0
8879,3,0.11547005383792518,0.0,-0.0,-0.0,0.0,0,0.0
256,3,0.11547005383792518,0.0,-0.0,-0.0,0.0,0,0.0
8888,3,0.11547005383792518,0.0,-0.0,-0.0,0.0,0,0.0
1771,3,0.11547005383792518,0.0,-0.0,-0.0,0.0,0,0.0
1761,3,0.11547005383792518,0.0,-0.0,-0.0,0.0,0,0.0
1783,3,0.11547005383792518,0.0,-0.0,-0.0,0.0,0,0.0
1782,3,0.11547005383792518,0.0,-0.0,-0.0,0.0,0,0.0
1781,3,0.11547005383792518,0.0,-0.0,-0.0,0.0,0,0.0
1137,3,0.11547005383792518,0.0,-0.0,-0.0,0.0,0,0.0
1148,3,0.11547005383792518,0.0,-0.0,-0.0,0.0,0,0.0
1146,3,0.11547005383792518,0.0,-0.0,-0.0,0.0,0,0.0
1801,3,0.11547005383792518,0.0,-0.0,-0.0,0.0,0,0.0
3342,3,0.11547005383792518,0.0,-0.0,-0.0,0.0,0,0.0
3334,3,0.11547005383792518,0.0,-0.0,-0.0,0.0,0,0.0
8939,3,0.11547005383792518,0.0,-0.0,-0.0,0.0,0,0.0
5326,3,0.11547005383792518,0.0,-0.0,-0.0,0.0,0,0.0
5325,3,0.11547005383792518,0.0,-0.0,-0.0,0.0,0,0.0
5342,3,0.11547005383792518,0.0,-0.0,-0.0,0.0,0,0.0
5341,3,0.11547005383792518,0.0,-0.0,-0.0,0.0,0,0.0
772,3,0.11547005383792518,0.0,-0.0,-0.0,0.0,0,0.0
778,3,0.11547005383792518,0.0,-0.0,-0.0,0.0,0,0.0
7868,3,0.11547005383792518,0.0,-0.0,-0.0,0.0,0,0.0
3307,3,0.11547005383792518,0.0,-0.0,-0.0,0.0,0,0.0
3320,3,0.11547005383792518,0.0,-0.0,-0.0,0.0,0,0.0
3319,3,0.11547005383792518,0.0,-0.0,-0.0,0.0,0,0.0
3313,3,0.11547005383792518,0.0,-0.0,-0.0,0.0,0,0.0
3322,3,0.11547005383792518,0.0,-0.0,-0.0,0.0,0,0.0
4247,3,0.11547005383792518,0.0,-0.0,-0.0,0.0,0,0.0
4250,3,0.11547005383792518,0.0,-0.0,-0.0,0.0,0,0.0
8915,3,0.11547005383792518,0.0,-0.0,-0.0,0.0,0,0.0
5370,3,0.11547005383792518,0.0,-0.0,-0.0,0.0,0,0.0
5366,3,0.11547005383792518,0.0,-0.0,-0.0,0.0,0,0.0
5364,3,0.11547005383792518,0.0,-0.0,-0.0,0.0,0,0.0
1733,3,0.11547005383792518,0.0,-0.0,-0.0,0.0,0,0.0
1732,3,0.11547005383792518,0.0,-0.0,-0.0,0.0,0,0.0
5372,3,0.11547005383792518,0.0,-0.0,-0.0,0.0,0,0.0
5334,3,0.11547005383792518,0.0,-0.0,-0.0,0.0,0,0.0
5333,3,0.11547005383792518,0.0,-0.0,-0.0,0.0,0,0.0
792,3,0.11547005383792518,0.0,-0.0,-0.0,0.0,0,0.0
1130,3,0.11547005383792518,0.0,-0.0,-0.0,0.0,0,0.0
1151,3,0.11547005383792518,0.0,-0.0,-0.0,0.0,0,0.0
1123,3,0.11547005383792518,0.0,-0.0,-0.0,0.0,0,0.0
5348,3,0.11547005383792518,0.0,-0.0,-0.0,0.0,0,0.0
5346,3,0.11547005383792518,0.0,-0.0,-0.0,0.0,0,0.0
1789,3,0.11547005383792518,0.0,-0.0,-0.0,0.0,0,0.0
5358,3,0.11547005383792518,0.0,-0.0,-0.0,0.0,0,0.0
2220,3,0.11547005383792518,0.0,-0.0,-0.0,0.0,0,0.0
6994,3,0.11547005383792518,0.0,-0.0,-0.0,0.0,0,0.0
6993,3,0.11547005383792518,0.0,-0.0,-0.0,0.0,0,0.0
4216,3,0.11547005383792518,0.0,-0.0,-0.0,0.0,0,0.0
6990,3,0.11547005383792518,0.0,-0.0,-0.0,0.0,0,0.0
1121,3,0.11547005383792518,0.0,-0.0,-0.0,0.0,0,0.0
7006,3,0.11547005383792518,0.0,-0.0,-0.0,0.0,0,0.0
1145,3,0.11547005383792518,0.0,-0.0,-0.0,0.0,0,0.0
1143,3,0.11547005383792518,0.0,-0.0,-0.0,0.0,0,0.0
1129,3,0.11547005383792518,0.0,-0.0,-0.0,0.0,0,0.0
3374,3,0.11547005383792518,0.0,-0.0,-0.0,0.0,0,0.0
8110,3,0.11547005383792518,0.0,-0.0,-0.0,0.0,0,0.0
3379,3,0.11547005383792518,0.0,-0.0,-0.0,0.0,0,0.0
3394,3,0.11547005383792518,0.0,-0.0,-0.0,0.0,0,0.0
3393,3,0.11547005383792518,0.0,-0.0,-0.0,0.0,0,0.0
3391,3,0.11547005383792518,0.0,-0.0,-0.0,0.0,0,0.0
3389,3,0.11547005383792518,0.0,-0.0,-0.0,0.0,0,0.0
8885,3,0.11547005383792518,0.0,-0.0,-0.0,0.0,0,0.0
8874,3,0.11547005383792518,0.0,-0.0,-0.0,0.0,0,0.0
8865,3,0.11547005383792518,0.0,-0.0,-0.0,0.0,0,0.0
3365,3,0.11547005383792518,0.0,-0.0,-0.0,0.0,0,0.0
3364,3,0.11547005383792518,0.0,-0.0,-0.0,0.0,0,0.0
2426,3,0.11547005383792518,0.0,-0.0,-0.0,0.0,0,0.0
3328,3,0.11547005383792518,0.0,-0.0,-0.0,0.0,0,0.0
1812,3,0.11547005383792518,0.0,-0.0,-0.0,0.0,0,0.0
1091,3,0.11547005383792518,0.0,-0.0,-0.0,0.0,0,0.0
1090,3,0.11547005383792518,0.0,-0.0,-0.0,0.0,0,0.0
8859,3,0.11547005383792518,0.0,-0.0,-0.0,0.0,0,0.0
8856,3,0.11547005383792518,0.0,-0.0,-0.0,0.0,0,0.0
7899,3,0.11547005383792518,0.0,-0.0,-0.0,0.0,0,0.0
8851,3,0.11547005383792518,0.0,-0.0,-0.0,0.0,0,0.0
7900,3,0.11547005383792518,0.0,-0.0,-0.0,0.0,0,0.0
5271,3,0.11547005383792518,0.0,-0.0,-0.0,0.0,0,0.0
5264,3,0.11547005383792518,0.0,-0.0,-0.0,0.0,0,0.0
1797,3,0.11547005383792518,0.0,-0.0,-0.0,0.0,0,0.0
1795,3,0.11547005383792518,0.0,-0.0,-0.0,0.0,0,0.0
1805,3,0.11547005383792518,0.0,-0.0,-0.0,0.0,0,0.0
1803,3,0.11547005383792518,0.0,-0.0,-0.0,0.0,0,0.0
3375,3,0.11547005383792518,0.0,-0.0,-0.0,0.0,0,0.0
5314,3,0.11547005383792518,0.0,-0.0,-0.0,0.0,0,0.0
5307,3,0.11547005383792518,0.0,-0.0,-0.0,0.0,0,0.0
5306,3,0.11547005383792518,0.0,-0.0,-0.0,0.0,0,0.0
5323,3,0.11547005383792518,0.0,-0.0,-0.0,0.0,0,0.0
5321,3,0.11547005383792518,0.0,-0.0,-0.0,0.0,0,0.0
5319,3,0.11547005383792518,0.0,-0.0,-0.0,0.0,0,0.0
5317,3,0.11547005383792518,0.0,-0.0,-0.0,0.0,0,0.0
5276,3,0.11547005383792518,0.0,-0.0,-0.0,0.0,0,0.0
2407,3,0.11547005383792518,0.0,-0.0,-0.0,0.0,0,0.0
2404,3,0.11547005383792518,0.0,-0.0,-0.0,0.0,0,0.0
2421,3,0.11547005383792518,0.0,-0.0,-0.0,0.0,0,0.0
2414,3,0.11547005383792518,0.0,-0.0,-0.0,0.0,0,0.0
1823,3,0.11547005383792518,0.0,-0.0,-0.0,0.0,0,0.0
5302,3,0.11547005383792518,0.0,-0.0,-0.0,0.0,0,0.0
3350,3,0.11547005383792518,0.0,-0.0,-0.0,0.0,0,0.0
3349,3,0.11547005383792518,0.0,-0.0,-0.0,0.0,0,0.0
3347,3,0.11547005383792518,0.0,-0.0,-0.0,0.0,0,0.0
3345,3,0.11547005383792518,0.0,-0.0,-0.0,0.0,0,0.0
3344,3,0.11547005383792518,0.0,-0.0,-0.0,0.0,0,0.0
3358,3,0.11547005383792518,0.0,-0.0,-0.0,0.0,0,0.0
3357,3,0.11547005383792518,0.0,-0.0,-0.0,0.0,0,0.0
3356,3,0.11547005383792518,0.0,-0.0,-0.0,0.0,0,0.0
2412,3,0.11547005383792518,0.0,-0.0,-0.0,0.0,0,0.0
269,3,0.11547005383792518,0.0,-0.0,-0.0,0.0,0,0.0
261,3,0.11547005383792518,0.0,-0.0,-0.0,0.0,0,0.0
258,3,0.11547005383792518,0.0,-0.0,-0.0,0.0,0,0.0
279,3,0.11547005383792518,0.0,-0.0,-0.0,0.0,0,0.0
277,3,0.11547005383792518,0.0,-0.0,-0.0,0.0,0,0.0
272,3,0.11547005383792518,0.0,-0.0,-0.0,0.0,0,0.0
5301,3,0.11547005383792518,0.0,-0.0,-0.0,0.0,0,0.0
1889,3,0.11547005383792518,0.0,-0.0,-0.0,0.0,0,0.0
4986,3,0.11547005383792518,0.0,-0.0,-0.0,0.0,0,0.0
1898,3,0.11547005383792518,0.0,-0.0,-0.0,0.0,0,0.0
1894,3,0.11547005383792518,0.0,-0.0,-0.0,0.0,0,0.0
1008,3,0.11547005383792518,0.0,-0.0,-0.0,0.0,0,0.0
1007,3,0.11547005383792518,0.0,-0.0,-0.0,0.0,0,0.0
1005,3,0.11547005383792518,0.0,-0.0,-0.0,0.0,0,0.0
1004,3,0.11547005383792518,0.0,-0.0,-0.0,0.0,0,0.0
1016,3,0.11547005383792518,0.0,-0.0,-0.0,0.0,0,0.0
1013,3,0.11547005383792518,0.0,-0.0,-0.0,0.0,0,0.0
1010,3,0.11547005383792518,0.0,-0.0,-0.0,0.0,0,0.0
4981,3,0.11547005383792518,0.0,-0.0,-0.0,0.0,0,0.0
4999,3,0.11547005383792518,0.0,-0.0,-0.0,0.0,0,0.0
1842,3,0.11547005383792518,0.0,-0.0,-0.0,0.0,0,0.0
1913,3,0.11547005383792518,0.0,-0.0,-0.0,0.0,0,0.0
5000,3,0.11547005383792518,0.0,-0.0,-0.0,0.0,0,0.0
7294,3,0.11547005383792518,0.0,-0.0,-0.0,0.0,0,0.0
7290,3,0.11547005383792518,0.0,-0.0,-0.0,0.0,0,0.0
4270,3,0.11547005383792518,0.0,-0.0,-0.0,0.0,0,0.0
998,3,0.11547005383792518,0.0,-0.0,-0.0,0.0,0,0.0
1942,3,0.11547005383792518,0.0,-0.0,-0.0,0.0,0,0.0
1940,3,0.11547005383792518,0.0,-0.0,-0.0,0.0,0,0.0
4937,3,0.11547005383792518,0.0,-0.0,-0.0,0.0,0,0.0
4934,3,0.11547005383792518,0.0,-0.0,-0.0,0.0,0,0.0
4955,3,0.11547005383792518,0.0,-0.0,-0.0,0.0,0,0.0
4946,3,0.11547005383792518,0.0,-0.0,-0.0,0.0,0,0.0
4944,3,0.11547005383792518,0.0,-0.0,-0.0,0.0,0,0.0
4942,3,0.11547005383792518,0.0,-0.0,-0.0,0.0,0,0.0
1918,3,0.11547005383792518,0.0,-0.0,-0.0,0.0,0,0.0
7270,3,0.11547005383792518,0.0,-0.0,-0.0,0.0,0,0.0
2191,3,0.11547005383792518,0.0,-0.0,-0.0,0.0,0,0.0
7226,3,0.11547005383792518,0.0,-0.0,-0.0,0.0,0,0.0
2197,3,0.11547005383792518,0.0,-0.0,-0.0,0.0,0,0.0
2177,3,0.11547005383792518,0.0,-0.0,-0.0,0.0,0,0.0
7236,3,0.11547005383792518,0.0,-0.0,-0.0,0.0,0,0.0
7235,3,0.11547005383792518,0.0,-0.0,-0.0,0.0,0,0.0
7232,3,0.11547005383792518,0.0,-0.0,-0.0,0.0,0,0.0
2181,3,0.11547005383792518,0.0,-0.0,-0.0,0.0,0,0.0
7200,3,0.11547005383792518,0.0,-0.0,-0.0,0.0,0,0.0
1055,3,0.11547005383792518,0.0,-0.0,-0.0,0.0,0,0.0
2184,3,0.11547005383792518,0.0,-0.0,-0.0,0.0,0,0.0
4304,3,0.11547005383792518,0.0,-0.0,-0.0,0.0,0,0.0
4976,3,0.11547005383792518,0.0,-0.0,-0.0,0.0,0,0.0
4293,3,0.11547005383792518,0.0,-0.0,-0.0,0.0,0,0.0
7208,3,0.11547005383792518,0.0,-0.0,-0.0,0.0,0,0.0
4276,3,0.11547005383792518,0.0,-0.0,-0.0,0.0,0,0.0
1893,3,0.11547005383792518,0.0,-0.0,-0.0,0.0,0,0.0
435,3,0.11547005383792518,0.0,-0.0,-0.0,0.0,0,0.0
4280,3,0.11547005383792518,0.0,-0.0,-0.0,0.0,0,0.0
4284,3,0.11547005383792518,0.0,-0.0,-0.0,0.0,0,0.0
447,3,0.11547005383792518,0.0,-0.0,-0.0,0.0,0,0.0
444,3,0.11547005383792518,0.0,-0.0,-0.0,0.0,0,0.0
8590,3,0.11547005383792518,0.0,-0.0,-0.0,0.0,0,0.0
4268,3,0.11547005383792518,0.0,-0.0,-0.0,0.0,0,0.0
4980,3,0.11547005383792518,0.0,-0.0,-0.0,0.0,0,0.0
4979,3,0.11547005383792518,0.0,-0.0,-0.0,0.0,0,0.0
4977,3,0.11547005383792518,0.0,-0.0,-0.0,0.0,0,0.0
7211,3,0.11547005383792518,0.0,-0.0,-0.0,0.0,0,0.0
4900,3,0.11547005383792518,0.0,-0.0,-0.0,0.0,0,0.0
4899,3,0.11547005383792518,0.0,-0.0,-0.0,0.0,0,0.0
4898,3,0.11547005383792518,0.0,-0.0,-0.0,0.0,0,0.0
4916,3,0.11547005383792518,0.0,-0.0,-0.0,0.0,0,0.0
4912,3,0.11547005383792518,0.0,-0.0,-0.0,0.0,0,0.0
4910,3,0.11547005383792518,0.0,-0.0,-0.0,0.0,0,0.0
4925,3,0.11547005383792518,0.0,-0.0,-0.0,0.0,0,0.0
7300,3,0.11547005383792518,0.0,-0.0,-0.0,0.0,0,0.0
4290,3,0.11547005383792518,0.0,-0.0,-0.0,0.0,0,0.0
3905,3,0.11547005383792518,0.0,-0.0,-0.0,0.0,0,0.0
3885,3,0.11547005383792518,0.0,-0.0,-0.0,0.0,0,0.0
3892,3,0.11547005383792518,0.0,-0.0,-0.0,0.0,0,0.0
7336,3,0.11547005383792518,0.0,-0.0,-0.0,0.0,0,0.0
8666,3,0.11547005383792518,0.0,-0.0,-0.0,0.0,0,0.0
7330,3,0.11547005383792518,0.0,-0.0,-0.0,0.0,0,0.0
7297,3,0.11547005383792518,0.0,-0.0,-0.0,0.0,0,0.0
696,3,0.11547005383792518,0.0,-0.0,-0.0,0.0,0,0.0
1023,3,0.11547005383792518,0.0,-0.0,-0.0,0.0,0,0.0
1020,3,0.11547005383792518,0.0,-0.0,-0.0,0.0,0,0.0
1019,3,0.11547005383792518,0.0,-0.0,-0.0,0.0,0,0.0
7306,3,0.11547005383792518,0.0,-0.0,-0.0,0.0,0,0.0
7305,3,0.11547005383792518,0.0,-0.0,-0.0,0.0,0,0.0
7303,3,0.11547005383792518,0.0,-0.0,-0.0,0.0,0,0.0
960,3,0.11547005383792518,0.0,-0.0,-0.0,0.0,0,0.0
7827,3,0.11547005383792518,0.0,-0.0,-0.0,0.0,0,0.0
974,3,0.11547005383792518,0.0,-0.0,-0.0,0.0,0,0.0
973,3,0.11547005383792518,0.0,-0.0,-0.0,0.0,0,0.0
970,3,0.11547005383792518,0.0,-0.0,-0.0,0.0,0,0.0
695,3,0.11547005383792518,0.0,-0.0,-0.0,0.0,0,0.0
4260,3,0.11547005383792518,0.0,-0.0,-0.0,0.0,0,0.0
8658,3,0.11547005383792518,0.0,-0.0,-0.0,0.0,0,0.0
8651,3,0.11547005383792518,0.0,-0.0,-0.0,0.0,0,0.0
1939,3,0.11547005383792518,0.0,-0.0,-0.0,0.0,0,0.0
1935,3,0.11547005383792518,0.0,-0.0,-0.0,0.0,0,0.0
1931,3,0.11547005383792518,0.0,-0.0,-0.0,0.0,0,0.0
1930,3,0.11547005383792518,0.0,-0.0,-0.0,0.0,0,0.0
397,3,0.11547005383792518,0.0,-0.0,-0.0,0.0,0,0.0
391,3,0.11547005383792518,0.0,-0.0,-0.0,0.0,0,0.0
410,3,0.11547005383792518,0.0,-0.0,-0.0,0.0,0,0.0
3546,3,0.11547005383792518,0.0,-0.0,-0.0,0.0,0,0.0
4263,3,0.11547005383792518,0.0,-0.0,-0.0,0.0,0,0.0
8646,3,0.11547005383792518,0.0,-0.0,-0.0,0.0,0,0.0
7328,3,0.11547005383792518,0.0,-0.0,-0.0,0.0,0,0.0
8669,3,0.11547005383792518,0.0,-0.0,-0.0,0.0,0,0.0
7824,3,0.11547005383792518,0.0,-0.0,-0.0,0.0,0,0.0
831,3,0.11547005383792518,0.0,-0.0,-0.0,0.0,0,0.0
8601,3,0.11547005383792518,0.0,-0.0,-0.0,0.0,0,0.0
8625,3,0.11547005383792518,0.0,-0.0,-0.0,0.0,0,0.0
386,3,0.11547005383792518,0.0,-0.0,-0.0,0.0,0,0.0
399,3,0.11547005383792518,0.0,-0.0,-0.0,0.0,0,0.0
4924,3,0.11547005383792518,0.0,-0.0,-0.0,0.0,0,0.0
4920,3,0.11547005383792518,0.0,-0.0,-0.0,0.0,0,0.0
4919,3,0.11547005383792518,0.0,-0.0,-0.0,0.0,0,0.0
1925,3,0.11547005383792518,0.0,-0.0,-0.0,0.0,0,0.0
1924,3,0.11547005383792518,0.0,-0.0,-0.0,0.0,0,0.0
4286,3,0.11547005383792518,0.0,-0.0,-0.0,0.0,0,0.0
4287,3,0.11547005383792518,0.0,-0.0,-0.0,0.0,0,0.0
8670,3,0.11547005383792518,0.0,-0.0,-0.0,0.0,0,0.0
337,3,0.11547005383792518,0.0,-0.0,-0.0,0.0,0,0.0
335,3,0.11547005383792518,0.0,-0.0,-0.0,0.0,0,0.0
332,3,0.11547005383792518,0.0,-0.0,-0.0,0.0,0,0.0
8738,3,0.11547005383792518,0.0,-0.0,-0.0,0.0,0,0.0
8736,3,0.11547005383792518,0.0,-0.0,-0.0,0.0,0,0.0
8733,3,0.11547005383792518,0.0,-0.0,-0.0,0.0,0,0.0
8751,3,0.11547005383792518,0.0,-0.0,-0.0,0.0,0,0.0
8767,3,0.11547005383792518,0.0,-0.0,-0.0,0.0,0,0.0
8763,3,0.11547005383792518,0.0,-0.0,-0.0,0.0,0,0.0
5070,3,0.11547005383792518,0.0,-0.0,-0.0,0.0,0,0.0
5088,3,0.11547005383792518,0.0,-0.0,-0.0,0.0,0,0.0
5085,3,0.11547005383792518,0.0,-0.0,-0.0,0.0,0,0.0
5084,3,0.11547005383792518,0.0,-0.0,-0.0,0.0,0,0.0
4266,3,0.11547005383792518,0.0,-0.0,-0.0,0.0,0,0.0
362,3,0.11547005383792518,0.0,-0.0,-0.0,0.0,0,0.0
352,3,0.11547005383792518,0.0,-0.0,-0.0,0.0,0,0.0
368,3,0.11547005383792518,0.0,-0.0,-0.0,0.0,0,0.0
1874,3,0.11547005383792518,0.0,-0.0,-0.0,0.0,0,0.0
5065,3,0.11547005383792518,0.0,-0.0,-0.0,0.0,0,0.0
5061,3,0.11547005383792518,0.0,-0.0,-0.0,0.0,0,0.0
1887,3,0.11547005383792518,0.0,-0.0,-0.0,0.0,0,0.0
1884,3,0.11547005383792518,0.0,-0.0,-0.0,0.0,0,0.0
5077,3,0.11547005383792518,0.0,-0.0,-0.0,0.0,0,0.0
5074,3,0.11547005383792518,0.0,-0.0,-0.0,0.0,0,0.0
5073,3,0.11547005383792518,0.0,-0.0,-0.0,0.0,0,0.0
1032,3,0.11547005383792518,0.0,-0.0,-0.0,0.0,0,0.0
1030,3,0.11547005383792518,0.0,-0.0,-0.0,0.0,0,0.0
1026,3,0.11547005383792518,0.0,-0.0,-0.0,0.0,0,0.0
5082,3,0.11547005383792518,0.0,-0.0,-0.0,0.0,0,0.0
1839,3,0.11547005383792518,0.0,-0.0,-0.0,0.0,0,0.0
7113,3,0.11547005383792518,0.0,-0.0,-0.0,0.0,0,0.0
7122,3,0.11547005383792518,0.0,-0.0,-0.0,0.0,0,0.0
7143,3,0.11547005383792518,0.0,-0.0,-0.0,0.0,0,0.0
7141,3,0.11547005383792518,0.0,-0.0,-0.0,0.0,0,0.0
7834,3,0.11547005383792518,0.0,-0.0,-0.0,0.0,0,0.0
7139,3,0.11547005383792518,0.0,-0.0,-0.0,0.0,0,0.0
7137,3,0.11547005383792518,0.0,-0.0,-0.0,0.0,0,0.0
7136,3,0.11547005383792518,0.0,-0.0,-0.0,0.0,0,0.0
7185,3,0.11547005383792518,0.0,-0.0,-0.0,0.0,0,0.0
7182,3,0.11547005383792518,0.0,-0.0,-0.0,0.0,0,0.0
5093,3,0.11547005383792518,0.0,-0.0,-0.0,0.0,0,0.0
5091,3,0.11547005383792518,0.0,-0.0,-0.0,0.0,0,0.0
338,3,0.11547005383792518,0.0,-0.0,-0.0,0.0,0,0.0
5105,3,0.11547005383792518,0.0,-0.0,-0.0,0.0,0,0.0
5104,3,0.11547005383792518,0.0,-0.0,-0.0,0.0,0,0.0
347,3,0.11547005383792518,0.0,-0.0,-0.0,0.0,0,0.0
345,3,0.11547005383792518,0.0,-0.0,-0.0,0.0,0,0.0
343,3,0.11547005383792518,0.0,-0.0,-0.0,0.0,0,0.0
342,3,0.11547005383792518,0.0,-0.0,-0.0,0.0,0,0.0
7181,3,0.11547005383792518,0.0,-0.0,-0.0,0.0,0,0.0
7841,3,0.11547005383792518,0.0,-0.0,-0.0,0.0,0,0.0
7171,3,0.11547005383792518,0.0,-0.0,-0.0,0.0,0,0.0
7188,3,0.11547005383792518,0.0,-0.0,-0.0,0.0,0,0.0
8758,3,0.11547005383792518,0.0,-0.0,-0.0,0.0,0,0.0
329,3,0.11547005383792518,0.0,-0.0,-0.0,0.0,0,0.0
325,3,0.11547005383792518,0.0,-0.0,-0.0,0.0,0,0.0
322,3,0.11547005383792518,0.0,-0.0,-0.0,0.0,0,0.0
5089,3,0.11547005383792518,0.0,-0.0,-0.0,0.0,0,0.0
8687,3,0.11547005383792518,0.0,-0.0,-0.0,0.0,0,0.0
8686,3,0.11547005383792518,0.0,-0.0,-0.0,0.0,0,0.0
8680,3,0.11547005383792518,0.0,-0.0,-0.0,0.0,0,0.0
8677,3,0.11547005383792518,0.0,-0.0,-0.0,0.0,0,0.0
4243,3,0.11547005383792518,0.0,-0.0,-0.0,0.0,0,0.0
4232,3,0.11547005383792518,0.0,-0.0,-0.0,0.0,0,0.0
2375,3,0.11547005383792518,0.0,-0.0,-0.0,0.0,0,0.0
2372,3,0.11547005383792518,0.0,-0.0,-0.0,0.0,0,0.0
2371,3,0.11547005383792518,0.0,-0.0,-0.0,0.0,0,0.0
2370,3,0.11547005383792518,0.0,-0.0,-0.0,0.0,0,0.0
2368,3,0.11547005383792518,0.0,-0.0,-0.0,0.0,0,0.0
2393,3,0.11547005383792518,0.0,-0.0,-0.0,0.0,0,0.0
2387,3,0.11547005383792518,0.0,-0.0,-0.0,0.0,0,0.0
1044,3,0.11547005383792518,0.0,-0.0,-0.0,0.0,0,0.0
7269,3,0.11547005383792518,0.0,-0.0,-0.0,0.0,0,0.0
4233,3,0.11547005383792518,0.0,-0.0,-0.0,0.0,0,0.0
4236,3,0.11547005383792518,0.0,-0.0,-0.0,0.0,0,0.0
7265,3,0.11547005383792518,0.0,-0.0,-0.0,0.0,0,0.0
7275,3,0.11547005383792518,0.0,-0.0,-0.0,0.0,0,0.0
1911,3,0.11547005383792518,0.0,-0.0,-0.0,0.0,0,0.0
1906,3,0.11547005383792518,0.0,-0.0,-0.0,0.0,0,0.0
1904,3,0.11547005383792518,0.0,-0.0,-0.0,0.0,0,0.0
7253,3,0.11547005383792518,0.0,-0.0,-0.0,0.0,0,0.0
4238,3,0.11547005383792518,0.0,-0.0,-0.0,0.0,0,0.0
7244,3,0.11547005383792518,0.0,-0.0,-0.0,0.0,0,0.0
7263,3,0.11547005383792518,0.0,-0.0,-0.0,0.0,0,0.0
7261,3,0.11547005383792518,0.0,-0.0,-0.0,0.0,0,0.0
4265,3,0.11547005383792518,0.0,-0.0,-0.0,0.0,0,0.0
8676,3,0.11547005383792518,0.0,-0.0,-0.0,0.0,0,0.0
1037,3,0.11547005383792518,0.0,-0.0,-0.0,0.0,0,0.0
1054,3,0.11547005383792518,0.0,-0.0,-0.0,0.0,0,0.0
1049,3,0.11547005383792518,0.0,-0.0,-0.0,0.0,0,0.0
1875,3,0.11547005383792518,0.0,-0.0,-0.0,0.0,0,0.0
5102,3,0.11547005383792518,0.0,-0.0,-0.0,0.0,0,0.0
5100,3,0.11547005383792518,0.0,-0.0,-0.0,0.0,0,0.0
5121,3,0.11547005383792518,0.0,-0.0,-0.0,0.0,0,0.0
5130,3,0.11547005383792518,0.0,-0.0,-0.0,0.0,0,0.0
5126,3,0.11547005383792518,0.0,-0.0,-0.0,0.0,0,0.0
7826,3,0.11547005383792518,0.0,-0.0,-0.0,0.0,0,0.0
7198,3,0.11547005383792518,0.0,-0.0,-0.0,0.0,0,0.0
7195,3,0.11547005383792518,0.0,-0.0,-0.0,0.0,0,0.0
5049,3,0.11547005383792518,0.0,-0.0,-0.0,0.0,0,0.0
1871,3,0.11547005383792518,0.0,-0.0,-0.0,0.0,0,0.0
374,3,0.11547005383792518,0.0,-0.0,-0.0,0.0,0,0.0
1868,3,0.11547005383792518,0.0,-0.0,-0.0,0.0,0,0.0
1865,3,0.11547005383792518,0.0,-0.0,-0.0,0.0,0,0.0
4257,3,0.11547005383792518,0.0,-0.0,-0.0,0.0,0,0.0
4239,3,0.11547005383792518,0.0,-0.0,-0.0,0.0,0,0.0
4242,3,0.11547005383792518,0.0,-0.0,-0.0,0.0,0,0.0
5033,3,0.11547005383792518,0.0,-0.0,-0.0,0.0,0,0.0
5045,3,0.11547005383792518,0.0,-0.0,-0.0,0.0,0,0.0
5044,3,0.11547005383792518,0.0,-0.0,-0.0,0.0,0,0.0
5037,3,0.11547005383792518,0.0,-0.0,-0.0,0.0,0,0.0
1861,3,0.11547005383792518,0.0,-0.0,-0.0,0.0,0,0.0
1859,3,0.11547005383792518,0.0,-0.0,-0.0,0.0,0,0.0
1858,3,0.11547005383792518,0.0,-0.0,-0.0,0.0,0,0.0
5053,3,0.11547005383792518,0.0,-0.0,-0.0,0.0,0,0.0
382,3,0.11547005383792518,0.0,-0.0,-0.0,0.0,0,0.0
1869,3,0.11547005383792518,0.0,-0.0,-0.0,0.0,0,0.0
79,3,0.11547005383792508,-2.220446049250313e-16,-0.0,-0.0,0.0,0,0.0
9375,3,0.11547005383792508,-2.220446049250313e-16,-0.0,-0.0,0.0,0,0.0
9413,3,0.11547005383792508,-2.220446049250313e-16,-0.0,-0.0,0.0,0,0.0
9416,3,0.11547005383792508,-2.220446049250313e-16,-0.0,-0.0,0.0,0,0.0
9419,3,0.11547005383792508,-2.220446049250313e-16,-0.0,-0.0,0.0,0,0.0
9423,3,0.11547005383792508,-2.220446049250313e-16,-0.0,-0.0,0.0,0,0.0
2724,3,0.11547005383792508,-2.220446049250313e-16,-0.0,-0.0,0.0,0,0.0
2725,3,0.11547005383792508,-2.220446049250313e-16,-0.0,-0.0,0.0,0,0.0
9371,3,0.11547005383792508,-2.220446049250313e-16,-0.0,-0.0,0.0,0,0.0
2704,3,0.11547005383792508,-2.220446049250313e-16,-0.0,-0.0,0.0,0,0.0
2703,3,0.11547005383792508,-2.220446049250313e-16,-0.0,-0.0,0.0,0,0.0
2785,3,0.11547005383792508,-2.220446049250313e-16,-0.0,-0.0,0.0,0,0.0
2786,3,0.11547005383792508,-2.220446049250313e-16,-0.0,-0.0,0.0,0,0.0
2627,3,0.11547005383792508,-2.220446049250313e-16,-0.0,-0.0,0.0,0,0.0
2635,3,0.11547005383792508,-2.220446049250313e-16,-0.0,-0.0,0.0,0,0.0
9323,3,0.11547005383792508,-2.220446049250313e-16,-0.0,-0.0,0.0,0,0.0
9325,3,0.11547005383792508,-2.220446049250313e-16,-0.0,-0.0,0.0,0,0.0
2603,3,0.11547005383792508,-2.220446049250313e-16,-0.0,-0.0,0.0,0,0.0
2678,3,0.11547005383792508,-2.220446049250313e-16,-0.0,-0.0,0.0,0,0.0
2683,3,0.11547005383792508,-2.220446049250313e-16,-0.0,-0.0,0.0,0,0.0
2685,3,0.11547005383792508,-2.220446049250313e-16,-0.0,-0.0,0.0,0,0.0
2638,3,0.11547005383792508,-2.220446049250313e-16,-0.0,-0.0,0.0,0,0.0
2639,3,0.11547005383792508,-2.220446049250313e-16,-0.0,-0.0,0.0,0,0.0
9294,3,0.11547005383792508,-2.220446049250313e-16,-0.0,-0.0,0.0,0,0.0
9297,3,0.11547005383792508,-2.220446049250313e-16,-0.0,-0.0,0.0,0,0.0
9311,3,0.11547005383792508,-2.220446049250313e-16,-0.0,-0.0,0.0,0,0.0
9314,3,0.11547005383792508,-2.220446049250313e-16,-0.0,-0.0,0.0,0,0.0
9315,3,0.11547005383792508,-2.220446049250313e-16,-0.0,-0.0,0.0,0,0.0
9319,3,0.11547005383792508,-2.220446049250313e-16,-0.0,-0.0,0.0,0,0.0
6202,3,0.11547005383792508,-2.220446049250313e-16,-0.0,-0.0,0.0,0,0.0
6203,3,0.11547005383792508,-2.220446049250313e-16,-0.0,-0.0,0.0,0,0.0
6205,3,0.11547005383792508,-2.220446049250313e-16,-0.0,-0.0,0.0,0,0.0
6350,3,0.11547005383792508,-2.220446049250313e-16,-0.0,-0.0,0.0,0,0.0
6356,3,0.11547005383792508,-2.220446049250313e-16,-0.0,-0.0,0.0,0,0.0
6234,3,0.11547005383792508,-2.220446049250313e-16,-0.0,-0.0,0.0,0,0.0
6238,3,0.11547005383792508,-2.220446049250313e-16,-0.0,-0.0,0.0,0,0.0
6191,3,0.11547005383792508,-2.220446049250313e-16,-0.0,-0.0,0.0,0,0.0
6192,3,0.11547005383792508,-2.220446049250313e-16,-0.0,-0.0,0.0,0,0.0
6208,3,0.11547005383792508,-2.220446049250313e-16,-0.0,-0.0,0.0,0,0.0
6220,3,0.11547005383792508,-2.220446049250313e-16,-0.0,-0.0,0.0,0,0.0
6221,3,0.11547005383792508,-2.220446049250313e-16,-0.0,-0.0,0.0,0,0.0
6228,3,0.11547005383792508,-2.220446049250313e-16,-0.0,-0.0,0.0,0,0.0
6333,3,0.11547005383792508,-2.220446049250313e-16,-0.0,-0.0,0.0,0,0.0
2885,3,0.11547005383792508,-2.220446049250313e-16,-0.0,-0.0,0.0,0,0.0
2889,3,0.11547005383792508,-2.220446049250313e-16,-0.0,-0.0,0.0,0,0.0
2896,3,0.11547005383792508,-2.220446049250313e-16,-0.0,-0.0,0.0,0,0.0
127,3,0.11547005383792508,-2.220446049250313e-16,-0.0,-0.0,0.0,0,0.0
2905,3,0.11547005383792508,-2.220446049250313e-16,-0.0,-0.0,0.0,0,0.0
2562,3,0.11547005383792508,-2.220446049250313e-16,-0.0,-0.0,0.0,0,0.0
2573,3,0.11547005383792508,-2.220446049250313e-16,-0.0,-0.0,0.0,0,0.0
2574,3,0.11547005383792508,-2.220446049250313e-16,-0.0,-0.0,0.0,0,0.0
9279,3,0.11547005383792508,-2.220446049250313e-16,-0.0,-0.0,0.0,0,0.0
110,3,0.11547005383792508,-2.220446049250313e-16,-0.0,-0.0,0.0,0,0.0
125,3,0.11547005383792508,-2.220446049250313e-16,-0.0,-0.0,0.0,0,0.0
1403,3,0.11547005383792508,-2.220446049250313e-16,-0.0,-0.0,0.0,0,0.0
1405,3,0.11547005383792508,-2.220446049250313e-16,-0.0,-0.0,0.0,0,0.0
1406,3,0.11547005383792508,-2.220446049250313e-16,-0.0,-0.0,0.0,0,0.0
6146,3,0.11547005383792508,-2.220446049250313e-16,-0.0,-0.0,0.0,0,0.0
6151,3,0.11547005383792508,-2.220446049250313e-16,-0.0,-0.0,0.0,0,0.0
6153,3,0.11547005383792508,-2.220446049250313e-16,-0.0,-0.0,0.0,0,0.0
6155,3,0.11547005383792508,-2.220446049250313e-16,-0.0,-0.0,0.0,0,0.0
6156,3,0.11547005383792508,-2.220446049250313e-16,-0.0,-0.0,0.0,0,0.0
6159,3,0.11547005383792508,-2.220446049250313e-16,-0.0,-0.0,0.0,0,0.0
1394,3,0.11547005383792508,-2.220446049250313e-16,-0.0,-0.0,0.0,0,0.0
1395,3,0.11547005383792508,-2.220446049250313e-16,-0.0,-0.0,0.0,0,0.0
6363,3,0.11547005383792508,-2.220446049250313e-16,-0.0,-0.0,0.0,0,0.0
1381,3,0.11547005383792508,-2.220446049250313e-16,-0.0,-0.0,0.0,0,0.0
1384,3,0.11547005383792508,-2.220446049250313e-16,-0.0,-0.0,0.0,0,0.0
9259,3,0.11547005383792508,-2.220446049250313e-16,-0.0,-0.0,0.0,0,0.0
9260,3,0.11547005383792508,-2.220446049250313e-16,-0.0,-0.0,0.0,0,0.0
9264,3,0.11547005383792508,-2.220446049250313e-16,-0.0,-0.0,0.0,0,0.0
9276,3,0.11547005383792508,-2.220446049250313e-16,-0.0,-0.0,0.0,0,0.0
9278,3,0.11547005383792508,-2.220446049250313e-16,-0.0,-0.0,0.0,0,0.0
2933,3,0.11547005383792508,-2.220446049250313e-16,-0.0,-0.0,0.0,0,0.0
2934,3,0.11547005383792508,-2.220446049250313e-16,-0.0,-0.0,0.0,0,0.0
2935,3,0.11547005383792508,-2.220446049250313e-16,-0.0,-0.0,0.0,0,0.0
2940,3,0.11547005383792508,-2.220446049250313e-16,-0.0,-0.0,0.0,0,0.0
2916,3,0.11547005383792508,-2.220446049250313e-16,-0.0,-0.0,0.0,0,0.0
2919,3,0.11547005383792508,-2.220446049250313e-16,-0.0,-0.0,0.0,0,0.0
9237,3,0.11547005383792508,-2.220446049250313e-16,-0.0,-0.0,0.0,0,0.0
9245,3,0.11547005383792508,-2.220446049250313e-16,-0.0,-0.0,0.0,0,0.0
9246,3,0.11547005383792508,-2.220446049250313e-16,-0.0,-0.0,0.0,0,0.0
9250,3,0.11547005383792508,-2.220446049250313e-16,-0.0,-0.0,0.0,0,0.0
6422,3,0.11547005383792508,-2.220446049250313e-16,-0.0,-0.0,0.0,0,0.0
6433,3,0.11547005383792508,-2.220446049250313e-16,-0.0,-0.0,0.0,0,0.0
6435,3,0.11547005383792508,-2.220446049250313e-16,-0.0,-0.0,0.0,0,0.0
1495,3,0.11547005383792508,-2.220446049250313e-16,-0.0,-0.0,0.0,0,0.0
6403,3,0.11547005383792508,-2.220446049250313e-16,-0.0,-0.0,0.0,0,0.0
1483,3,0.11547005383792508,-2.220446049250313e-16,-0.0,-0.0,0.0,0,0.0
1488,3,0.11547005383792508,-2.220446049250313e-16,-0.0,-0.0,0.0,0,0.0
1492,3,0.11547005383792508,-2.220446049250313e-16,-0.0,-0.0,0.0,0,0.0
6372,3,0.11547005383792508,-2.220446049250313e-16,-0.0,-0.0,0.0,0,0.0
6381,3,0.11547005383792508,-2.220446049250313e-16,-0.0,-0.0,0.0,0,0.0
6388,3,0.11547005383792508,-2.220446049250313e-16,-0.0,-0.0,0.0,0,0.0
6390,3,0.11547005383792508,-2.220446049250313e-16,-0.0,-0.0,0.0,0,0.0
9226,3,0.11547005383792508,-2.220446049250313e-16,-0.0,-0.0,0.0,0,0.0
9228,3,0.11547005383792508,-2.220446049250313e-16,-0.0,-0.0,0.0,0,0.0
9234,3,0.11547005383792508,-2.220446049250313e-16,-0.0,-0.0,0.0,0,0.0
9236,3,0.11547005383792508,-2.220446049250313e-16,-0.0,-0.0,0.0,0,0.0
2979,3,0.11547005383792508,-2.220446049250313e-16,-0.0,-0.0,0.0,0,0.0
2980,3,0.11547005383792508,-2.220446049250313e-16,-0.0,-0.0,0.0,0,0.0
2981,3,0.11547005383792508,-2.220446049250313e-16,-0.0,-0.0,0.0,0,0.0
2986,3,0.11547005383792508,-2.220446049250313e-16,-0.0,-0.0,0.0,0,0.0
2946,3,0.11547005383792508,-2.220446049250313e-16,-0.0,-0.0,0.0,0,0.0
2957,3,0.11547005383792508,-2.220446049250313e-16,-0.0,-0.0,0.0,0,0.0
2961,3,0.11547005383792508,-2.220446049250313e-16,-0.0,-0.0,0.0,0,0.0
132,3,0.11547005383792508,-2.220446049250313e-16,-0.0,-0.0,0.0,0,0.0
144,3,0.11547005383792508,-2.220446049250313e-16,-0.0,-0.0,0.0,0,0.0
146,3,0.11547005383792508,-2.220446049250313e-16,-0.0,-0.0,0.0,0,0.0
148,3,0.11547005383792508,-2.220446049250313e-16,-0.0,-0.0,0.0,0,0.0
1534,3,0.11547005383792508,-2.220446049250313e-16,-0.0,-0.0,0.0,0,0.0
1535,3,0.11547005383792508,-2.220446049250313e-16,-0.0,-0.0,0.0,0,0.0
6082,3,0.11547005383792508,-2.220446049250313e-16,-0.0,-0.0,0.0,0,0.0
6125,3,0.11547005383792508,-2.220446049250313e-16,-0.0,-0.0,0.0,0,0.0
6132,3,0.11547005383792508,-2.220446049250313e-16,-0.0,-0.0,0.0,0,0.0
1527,3,0.11547005383792508,-2.220446049250313e-16,-0.0,-0.0,0.0,0,0.0
1530,3,0.11547005383792508,-2.220446049250313e-16,-0.0,-0.0,0.0,0,0.0
1531,3,0.11547005383792508,-2.220446049250313e-16,-0.0,-0.0,0.0,0,0.0
6104,3,0.11547005383792508,-2.220446049250313e-16,-0.0,-0.0,0.0,0,0.0
6106,3,0.11547005383792508,-2.220446049250313e-16,-0.0,-0.0,0.0,0,0.0
6108,3,0.11547005383792508,-2.220446049250313e-16,-0.0,-0.0,0.0,0,0.0
6112,3,0.11547005383792508,-2.220446049250313e-16,-0.0,-0.0,0.0,0,0.0
6120,3,0.11547005383792508,-2.220446049250313e-16,-0.0,-0.0,0.0,0,0.0
6091,3,0.11547005383792508,-2.220446049250313e-16,-0.0,-0.0,0.0,0,0.0
6095,3,0.11547005383792508,-2.220446049250313e-16,-0.0,-0.0,0.0,0,0.0
9201,3,0.11547005383792508,-2.220446049250313e-16,-0.0,-0.0,0.0,0,0.0
9204,3,0.11547005383792508,-2.220446049250313e-16,-0.0,-0.0,0.0,0,0.0
9205,3,0.11547005383792508,-2.220446049250313e-16,-0.0,-0.0,0.0,0,0.0
9208,3,0.11547005383792508,-2.220446049250313e-16,-0.0,-0.0,0.0,0,0.0
9210,3,0.11547005383792508,-2.220446049250313e-16,-0.0,-0.0,0.0,0,0.0
2997,3,0.11547005383792508,-2.220446049250313e-16,-0.0,-0.0,0.0,0,0.0
3003,3,0.11547005383792508,-2.220446049250313e-16,-0.0,-0.0,0.0,0,0.0
3004,3,0.11547005383792508,-2.220446049250313e-16,-0.0,-0.0,0.0,0,0.0
3008,3,0.11547005383792508,-2.220446049250313e-16,-0.0,-0.0,0.0,0,0.0
9179,3,0.11547005383792508,-2.220446049250313e-16,-0.0,-0.0,0.0,0,0.0
9180,3,0.11547005383792508,-2.220446049250313e-16,-0.0,-0.0,0.0,0,0.0
9183,3,0.11547005383792508,-2.220446049250313e-16,-0.0,-0.0,0.0,0,0.0
9192,3,0.11547005383792508,-2.220446049250313e-16,-0.0,-0.0,0.0,0,0.0
2988,3,0.11547005383792508,-2.220446049250313e-16,-0.0,-0.0,0.0,0,0.0
2547,3,0.11547005383792508,-2.220446049250313e-16,-0.0,-0.0,0.0,0,0.0
2551,3,0.11547005383792508,-2.220446049250313e-16,-0.0,-0.0,0.0,0,0.0
9170,3,0.11547005383792508,-2.220446049250313e-16,-0.0,-0.0,0.0,0,0.0
9174,3,0.11547005383792508,-2.220446049250313e-16,-0.0,-0.0,0.0,0,0.0
1552,3,0.11547005383792508,-2.220446049250313e-16,-0.0,-0.0,0.0,0,0.0
1553,3,0.11547005383792508,-2.220446049250313e-16,-0.0,-0.0,0.0,0,0.0
1563,3,0.11547005383792508,-2.220446049250313e-16,-0.0,-0.0,0.0,0,0.0
1375,3,0.11547005383792508,-2.220446049250313e-16,-0.0,-0.0,0.0,0,0.0
1537,3,0.11547005383792508,-2.220446049250313e-16,-0.0,-0.0,0.0,0,0.0
1540,3,0.11547005383792508,-2.220446049250313e-16,-0.0,-0.0,0.0,0,0.0
1545,3,0.11547005383792508,-2.220446049250313e-16,-0.0,-0.0,0.0,0,0.0
1546,3,0.11547005383792508,-2.220446049250313e-16,-0.0,-0.0,0.0,0,0.0
1523,3,0.11547005383792508,-2.220446049250313e-16,-0.0,-0.0,0.0,0,0.0
6459,3,0.11547005383792508,-2.220446049250313e-16,-0.0,-0.0,0.0,0,0.0
1348,3,0.11547005383792508,-2.220446049250313e-16,-0.0,-0.0,0.0,0,0.0
1355,3,0.11547005383792508,-2.220446049250313e-16,-0.0,-0.0,0.0,0,0.0
1506,3,0.11547005383792508,-2.220446049250313e-16,-0.0,-0.0,0.0,0,0.0
1510,3,0.11547005383792508,-2.220446049250313e-16,-0.0,-0.0,0.0,0,0.0
1518,3,0.11547005383792508,-2.220446049250313e-16,-0.0,-0.0,0.0,0,0.0
3038,3,0.11547005383792508,-2.220446049250313e-16,-0.0,-0.0,0.0,0,0.0
2529,3,0.11547005383792508,-2.220446049250313e-16,-0.0,-0.0,0.0,0,0.0
2533,3,0.11547005383792508,-2.220446049250313e-16,-0.0,-0.0,0.0,0,0.0
2536,3,0.11547005383792508,-2.220446049250313e-16,-0.0,-0.0,0.0,0,0.0
2539,3,0.11547005383792508,-2.220446049250313e-16,-0.0,-0.0,0.0,0,0.0
3027,3,0.11547005383792508,-2.220446049250313e-16,-0.0,-0.0,0.0,0,0.0
3028,3,0.11547005383792508,-2.220446049250313e-16,-0.0,-0.0,0.0,0,0.0
3029,3,0.11547005383792508,-2.220446049250313e-16,-0.0,-0.0,0.0,0,0.0
3030,3,0.11547005383792508,-2.220446049250313e-16,-0.0,-0.0,0.0,0,0.0
3055,3,0.11547005383792508,-2.220446049250313e-16,-0.0,-0.0,0.0,0,0.0
3062,3,0.11547005383792508,-2.220446049250313e-16,-0.0,-0.0,0.0,0,0.0
2557,3,0.11547005383792508,-2.220446049250313e-16,-0.0,-0.0,0.0,0,0.0
2558,3,0.11547005383792508,-2.220446049250313e-16,-0.0,-0.0,0.0,0,0.0
9125,3,0.11547005383792508,-2.220446049250313e-16,-0.0,-0.0,0.0,0,0.0
9134,3,0.11547005383792508,-2.220446049250313e-16,-0.0,-0.0,0.0,0,0.0
9146,3,0.11547005383792508,-2.220446049250313e-16,-0.0,-0.0,0.0,0,0.0
9147,3,0.11547005383792508,-2.220446049250313e-16,-0.0,-0.0,0.0,0,0.0
184,3,0.11547005383792508,-2.220446049250313e-16,-0.0,-0.0,0.0,0,0.0
186,3,0.11547005383792508,-2.220446049250313e-16,-0.0,-0.0,0.0,0,0.0
191,3,0.11547005383792508,-2.220446049250313e-16,-0.0,-0.0,0.0,0,0.0
9120,3,0.11547005383792508,-2.220446049250313e-16,-0.0,-0.0,0.0,0,0.0
9109,3,0.11547005383792508,-2.220446049250313e-16,-0.0,-0.0,0.0,0,0.0
9111,3,0.11547005383792508,-2.220446049250313e-16,-0.0,-0.0,0.0,0,0.0
166,3,0.11547005383792508,-2.220446049250313e-16,-0.0,-0.0,0.0,0,0.0
170,3,0.11547005383792508,-2.220446049250313e-16,-0.0,-0.0,0.0,0,0.0
2506,3,0.11547005383792508,-2.220446049250313e-16,-0.0,-0.0,0.0,0,0.0
9100,3,0.11547005383792508,-2.220446049250313e-16,-0.0,-0.0,0.0,0,0.0
6511,3,0.11547005383792508,-2.220446049250313e-16,-0.0,-0.0,0.0,0,0.0
6526,3,0.11547005383792508,-2.220446049250313e-16,-0.0,-0.0,0.0,0,0.0
6527,3,0.11547005383792508,-2.220446049250313e-16,-0.0,-0.0,0.0,0,0.0
6528,3,0.11547005383792508,-2.220446049250313e-16,-0.0,-0.0,0.0,0,0.0
6529,3,0.11547005383792508,-2.220446049250313e-16,-0.0,-0.0,0.0,0,0.0
5977,3,0.11547005383792508,-2.220446049250313e-16,-0.0,-0.0,0.0,0,0.0
5952,3,0.11547005383792508,-2.220446049250313e-16,-0.0,-0.0,0.0,0,0.0
5958,3,0.11547005383792508,-2.220446049250313e-16,-0.0,-0.0,0.0,0,0.0
6467,3,0.11547005383792508,-2.220446049250313e-16,-0.0,-0.0,0.0,0,0.0
6484,3,0.11547005383792508,-2.220446049250313e-16,-0.0,-0.0,0.0,0,0.0
6492,3,0.11547005383792508,-2.220446049250313e-16,-0.0,-0.0,0.0,0,0.0
3085,3,0.11547005383792508,-2.220446049250313e-16,-0.0,-0.0,0.0,0,0.0
3097,3,0.11547005383792508,-2.220446049250313e-16,-0.0,-0.0,0.0,0,0.0
3103,3,0.11547005383792508,-2.220446049250313e-16,-0.0,-0.0,0.0,0,0.0
2496,3,0.11547005383792508,-2.220446049250313e-16,-0.0,-0.0,0.0,0,0.0
3106,3,0.11547005383792508,-2.220446049250313e-16,-0.0,-0.0,0.0,0,0.0
3112,3,0.11547005383792508,-2.220446049250313e-16,-0.0,-0.0,0.0,0,0.0
3074,3,0.11547005383792508,-2.220446049250313e-16,-0.0,-0.0,0.0,0,0.0
2512,3,0.11547005383792508,-2.220446049250313e-16,-0.0,-0.0,0.0,0,0.0
2514,3,0.11547005383792508,-2.220446049250313e-16,-0.0,-0.0,0.0,0,0.0
218,3,0.11547005383792508,-2.220446049250313e-16,-0.0,-0.0,0.0,0,0.0
9056,3,0.11547005383792508,-2.220446049250313e-16,-0.0,-0.0,0.0,0,0.0
9062,3,0.11547005383792508,-2.220446049250313e-16,-0.0,-0.0,0.0,0,0.0
9087,3,0.11547005383792508,-2.220446049250313e-16,-0.0,-0.0,0.0,0,0.0
5935,3,0.11547005383792508,-2.220446049250313e-16,-0.0,-0.0,0.0,0,0.0
1579,3,0.11547005383792508,-2.220446049250313e-16,-0.0,-0.0,0.0,0,0.0
1580,3,0.11547005383792508,-2.220446049250313e-16,-0.0,-0.0,0.0,0,0.0
1587,3,0.11547005383792508,-2.220446049250313e-16,-0.0,-0.0,0.0,0,0.0
1593,3,0.11547005383792508,-2.220446049250313e-16,-0.0,-0.0,0.0,0,0.0
5948,3,0.11547005383792508,-2.220446049250313e-16,-0.0,-0.0,0.0,0,0.0
1570,3,0.11547005383792508,-2.220446049250313e-16,-0.0,-0.0,0.0,0,0.0
1575,3,0.11547005383792508,-2.220446049250313e-16,-0.0,-0.0,0.0,0,0.0
1576,3,0.11547005383792508,-2.220446049250313e-16,-0.0,-0.0,0.0,0,0.0
6532,3,0.11547005383792508,-2.220446049250313e-16,-0.0,-0.0,0.0,0,0.0
6533,3,0.11547005383792508,-2.220446049250313e-16,-0.0,-0.0,0.0,0,0.0
5947,3,0.11547005383792508,-2.220446049250313e-16,-0.0,-0.0,0.0,0,0.0
3188,3,0.11547005383792508,-2.220446049250313e-16,-0.0,-0.0,0.0,0,0.0
3145,3,0.11547005383792508,-2.220446049250313e-16,-0.0,-0.0,0.0,0,0.0
3148,3,0.11547005383792508,-2.220446049250313e-16,-0.0,-0.0,0.0,0,0.0
3154,3,0.11547005383792508,-2.220446049250313e-16,-0.0,-0.0,0.0,0,0.0
3156,3,0.11547005383792508,-2.220446049250313e-16,-0.0,-0.0,0.0,0,0.0
199,3,0.11547005383792508,-2.220446049250313e-16,-0.0,-0.0,0.0,0,0.0
204,3,0.11547005383792508,-2.220446049250313e-16,-0.0,-0.0,0.0,0,0.0
209,3,0.11547005383792508,-2.220446049250313e-16,-0.0,-0.0,0.0,0,0.0
210,3,0.11547005383792508,-2.220446049250313e-16,-0.0,-0.0,0.0,0,0.0
2484,3,0.11547005383792508,-2.220446049250313e-16,-0.0,-0.0,0.0,0,0.0
9051,3,0.11547005383792508,-2.220446049250313e-16,-0.0,-0.0,0.0,0,0.0
9052,3,0.11547005383792508,-2.220446049250313e-16,-0.0,-0.0,0.0,0,0.0
2464,3,0.11547005383792508,-2.220446049250313e-16,-0.0,-0.0,0.0,0,0.0
2466,3,0.11547005383792508,-2.220446049250313e-16,-0.0,-0.0,0.0,0,0.0
3239,3,0.11547005383792508,-2.220446049250313e-16,-0.0,-0.0,0.0,0,0.0
3193,3,0.11547005383792508,-2.220446049250313e-16,-0.0,-0.0,0.0,0,0.0
3195,3,0.11547005383792508,-2.220446049250313e-16,-0.0,-0.0,0.0,0,0.0
3207,3,0.11547005383792508,-2.220446049250313e-16,-0.0,-0.0,0.0,0,0.0
3221,3,0.11547005383792508,-2.220446049250313e-16,-0.0,-0.0,0.0,0,0.0
3227,3,0.11547005383792508,-2.220446049250313e-16,-0.0,-0.0,0.0,0,0.0
3230,3,0.11547005383792508,-2.220446049250313e-16,-0.0,-0.0,0.0,0,0.0
3232,3,0.11547005383792508,-2.220446049250313e-16,-0.0,-0.0,0.0,0,0.0
9030,3,0.11547005383792508,-2.220446049250313e-16,-0.0,-0.0,0.0,0,0.0
2495,3,0.11547005383792508,-2.220446049250313e-16,-0.0,-0.0,0.0,0,0.0
5893,3,0.11547005383792508,-2.220446049250313e-16,-0.0,-0.0,0.0,0,0.0
5894,3,0.11547005383792508,-2.220446049250313e-16,-0.0,-0.0,0.0,0,0.0
5895,3,0.11547005383792508,-2.220446049250313e-16,-0.0,-0.0,0.0,0,0.0
5868,3,0.11547005383792508,-2.220446049250313e-16,-0.0,-0.0,0.0,0,0.0
5874,3,0.11547005383792508,-2.220446049250313e-16,-0.0,-0.0,0.0,0,0.0
6556,3,0.11547005383792508,-2.220446049250313e-16,-0.0,-0.0,0.0,0,0.0
6566,3,0.11547005383792508,-2.220446049250313e-16,-0.0,-0.0,0.0,0,0.0
6575,3,0.11547005383792508,-2.220446049250313e-16,-0.0,-0.0,0.0,0,0.0
6576,3,0.11547005383792508,-2.220446049250313e-16,-0.0,-0.0,0.0,0,0.0
6580,3,0.11547005383792508,-2.220446049250313e-16,-0.0,-0.0,0.0,0,0.0
5936,3,0.11547005383792508,-2.220446049250313e-16,-0.0,-0.0,0.0,0,0.0
5938,3,0.11547005383792508,-2.220446049250313e-16,-0.0,-0.0,0.0,0,0.0
9008,3,0.11547005383792508,-2.220446049250313e-16,-0.0,-0.0,0.0,0,0.0
9016,3,0.11547005383792508,-2.220446049250313e-16,-0.0,-0.0,0.0,0,0.0
2443,3,0.11547005383792508,-2.220446049250313e-16,-0.0,-0.0,0.0,0,0.0
2444,3,0.11547005383792508,-2.220446049250313e-16,-0.0,-0.0,0.0,0,0.0
8996,3,0.11547005383792508,-2.220446049250313e-16,-0.0,-0.0,0.0,0,0.0
8998,3,0.11547005383792508,-2.220446049250313e-16,-0.0,-0.0,0.0,0,0.0
3251,3,0.11547005383792508,-2.220446049250313e-16,-0.0,-0.0,0.0,0,0.0
3257,3,0.11547005383792508,-2.220446049250313e-16,-0.0,-0.0,0.0,0,0.0
2432,3,0.11547005383792508,-2.220446049250313e-16,-0.0,-0.0,0.0,0,0.0
2434,3,0.11547005383792508,-2.220446049250313e-16,-0.0,-0.0,0.0,0,0.0
8986,3,0.11547005383792508,-2.220446049250313e-16,-0.0,-0.0,0.0,0,0.0
3241,3,0.11547005383792508,-2.220446049250313e-16,-0.0,-0.0,0.0,0,0.0
6606,3,0.11547005383792508,-2.220446049250313e-16,-0.0,-0.0,0.0,0,0.0
6609,3,0.11547005383792508,-2.220446049250313e-16,-0.0,-0.0,0.0,0,0.0
6610,3,0.11547005383792508,-2.220446049250313e-16,-0.0,-0.0,0.0,0,0.0
6594,3,0.11547005383792508,-2.220446049250313e-16,-0.0,-0.0,0.0,0,0.0
1335,3,0.11547005383792508,-2.220446049250313e-16,-0.0,-0.0,0.0,0,0.0
5826,3,0.11547005383792508,-2.220446049250313e-16,-0.0,-0.0,0.0,0,0.0
6589,3,0.11547005383792508,-2.220446049250313e-16,-0.0,-0.0,0.0,0,0.0
6590,3,0.11547005383792508,-2.220446049250313e-16,-0.0,-0.0,0.0,0,0.0
1324,3,0.11547005383792508,-2.220446049250313e-16,-0.0,-0.0,0.0,0,0.0
1327,3,0.11547005383792508,-2.220446049250313e-16,-0.0,-0.0,0.0,0,0.0
1328,3,0.11547005383792508,-2.220446049250313e-16,-0.0,-0.0,0.0,0,0.0
1331,3,0.11547005383792508,-2.220446049250313e-16,-0.0,-0.0,0.0,0,0.0
251,3,0.11547005383792508,-2.220446049250313e-16,-0.0,-0.0,0.0,0,0.0
8968,3,0.11547005383792508,-2.220446049250313e-16,-0.0,-0.0,0.0,0,0.0
8974,3,0.11547005383792508,-2.220446049250313e-16,-0.0,-0.0,0.0,0,0.0
3281,3,0.11547005383792508,-2.220446049250313e-16,-0.0,-0.0,0.0,0,0.0
3282,3,0.11547005383792508,-2.220446049250313e-16,-0.0,-0.0,0.0,0,0.0
3297,3,0.11547005383792508,-2.220446049250313e-16,-0.0,-0.0,0.0,0,0.0
3298,3,0.11547005383792508,-2.220446049250313e-16,-0.0,-0.0,0.0,0,0.0
244,3,0.11547005383792508,-2.220446049250313e-16,-0.0,-0.0,0.0,0,0.0
245,3,0.11547005383792508,-2.220446049250313e-16,-0.0,-0.0,0.0,0,0.0
2454,3,0.11547005383792508,-2.220446049250313e-16,-0.0,-0.0,0.0,0,0.0
2458,3,0.11547005383792508,-2.220446049250313e-16,-0.0,-0.0,0.0,0,0.0
8950,3,0.11547005383792508,-2.220446049250313e-16,-0.0,-0.0,0.0,0,0.0
238,3,0.11547005383792508,-2.220446049250313e-16,-0.0,-0.0,0.0,0,0.0
8938,3,0.11547005383792508,-2.220446049250313e-16,-0.0,-0.0,0.0,0,0.0
8945,3,0.11547005383792508,-2.220446049250313e-16,-0.0,-0.0,0.0,0,0.0
8946,3,0.11547005383792508,-2.220446049250313e-16,-0.0,-0.0,0.0,0,0.0
8934,3,0.11547005383792508,-2.220446049250313e-16,-0.0,-0.0,0.0,0,0.0
8936,3,0.11547005383792508,-2.220446049250313e-16,-0.0,-0.0,0.0,0,0.0
3301,3,0.11547005383792508,-2.220446049250313e-16,-0.0,-0.0,0.0,0,0.0
3309,3,0.11547005383792508,-2.220446049250313e-16,-0.0,-0.0,0.0,0,0.0
3317,3,0.11547005383792508,-2.220446049250313e-16,-0.0,-0.0,0.0,0,0.0
3318,3,0.11547005383792508,-2.220446049250313e-16,-0.0,-0.0,0.0,0,0.0
3324,3,0.11547005383792508,-2.220446049250313e-16,-0.0,-0.0,0.0,0,0.0
8918,3,0.11547005383792508,-2.220446049250313e-16,-0.0,-0.0,0.0,0,0.0
8919,3,0.11547005383792508,-2.220446049250313e-16,-0.0,-0.0,0.0,0,0.0
8925,3,0.11547005383792508,-2.220446049250313e-16,-0.0,-0.0,0.0,0,0.0
8928,3,0.11547005383792508,-2.220446049250313e-16,-0.0,-0.0,0.0,0,0.0
8929,3,0.11547005383792508,-2.220446049250313e-16,-0.0,-0.0,0.0,0,0.0
8933,3,0.11547005383792508,-2.220446049250313e-16,-0.0,-0.0,0.0,0,0.0
6638,3,0.11547005383792508,-2.220446049250313e-16,-0.0,-0.0,0.0,0,0.0
6639,3,0.11547005383792508,-2.220446049250313e-16,-0.0,-0.0,0.0,0,0.0
6644,3,0.11547005383792508,-2.220446049250313e-16,-0.0,-0.0,0.0,0,0.0
6646,3,0.11547005383792508,-2.220446049250313e-16,-0.0,-0.0,0.0,0,0.0
6648,3,0.11547005383792508,-2.220446049250313e-16,-0.0,-0.0,0.0,0,0.0
5811,3,0.11547005383792508,-2.220446049250313e-16,-0.0,-0.0,0.0,0,0.0
5813,3,0.11547005383792508,-2.220446049250313e-16,-0.0,-0.0,0.0,0,0.0
6628,3,0.11547005383792508,-2.220446049250313e-16,-0.0,-0.0,0.0,0,0.0
5796,3,0.11547005383792508,-2.220446049250313e-16,-0.0,-0.0,0.0,0,0.0
6611,3,0.11547005383792508,-2.220446049250313e-16,-0.0,-0.0,0.0,0,0.0
6616,3,0.11547005383792508,-2.220446049250313e-16,-0.0,-0.0,0.0,0,0.0
6623,3,0.11547005383792508,-2.220446049250313e-16,-0.0,-0.0,0.0,0,0.0
8898,3,0.11547005383792508,-2.220446049250313e-16,-0.0,-0.0,0.0,0,0.0
8906,3,0.11547005383792508,-2.220446049250313e-16,-0.0,-0.0,0.0,0,0.0
8911,3,0.11547005383792508,-2.220446049250313e-16,-0.0,-0.0,0.0,0,0.0
2410,3,0.11547005383792508,-2.220446049250313e-16,-0.0,-0.0,0.0,0,0.0
2419,3,0.11547005383792508,-2.220446049250313e-16,-0.0,-0.0,0.0,0,0.0
2420,3,0.11547005383792508,-2.220446049250313e-16,-0.0,-0.0,0.0,0,0.0
283,3,0.11547005383792508,-2.220446049250313e-16,-0.0,-0.0,0.0,0,0.0
284,3,0.11547005383792508,-2.220446049250313e-16,-0.0,-0.0,0.0,0,0.0
282,3,0.11547005383792508,-2.220446049250313e-16,-0.0,-0.0,0.0,0,0.0
3359,3,0.11547005383792508,-2.220446049250313e-16,-0.0,-0.0,0.0,0,0.0
2403,3,0.11547005383792508,-2.220446049250313e-16,-0.0,-0.0,0.0,0,0.0
2406,3,0.11547005383792508,-2.220446049250313e-16,-0.0,-0.0,0.0,0,0.0
2409,3,0.11547005383792508,-2.220446049250313e-16,-0.0,-0.0,0.0,0,0.0
257,3,0.11547005383792508,-2.220446049250313e-16,-0.0,-0.0,0.0,0,0.0
262,3,0.11547005383792508,-2.220446049250313e-16,-0.0,-0.0,0.0,0,0.0
271,3,0.11547005383792508,-2.220446049250313e-16,-0.0,-0.0,0.0,0,0.0
5765,3,0.11547005383792508,-2.220446049250313e-16,-0.0,-0.0,0.0,0,0.0
5769,3,0.11547005383792508,-2.220446049250313e-16,-0.0,-0.0,0.0,0,0.0
5781,3,0.11547005383792508,-2.220446049250313e-16,-0.0,-0.0,0.0,0,0.0
1622,3,0.11547005383792508,-2.220446049250313e-16,-0.0,-0.0,0.0,0,0.0
1606,3,0.11547005383792508,-2.220446049250313e-16,-0.0,-0.0,0.0,0,0.0
1614,3,0.11547005383792508,-2.220446049250313e-16,-0.0,-0.0,0.0,0,0.0
6671,3,0.11547005383792508,-2.220446049250313e-16,-0.0,-0.0,0.0,0,0.0
8878,3,0.11547005383792508,-2.220446049250313e-16,-0.0,-0.0,0.0,0,0.0
8890,3,0.11547005383792508,-2.220446049250313e-16,-0.0,-0.0,0.0,0,0.0
3367,3,0.11547005383792508,-2.220446049250313e-16,-0.0,-0.0,0.0,0,0.0
3372,3,0.11547005383792508,-2.220446049250313e-16,-0.0,-0.0,0.0,0,0.0
3377,3,0.11547005383792508,-2.220446049250313e-16,-0.0,-0.0,0.0,0,0.0
3378,3,0.11547005383792508,-2.220446049250313e-16,-0.0,-0.0,0.0,0,0.0
3381,3,0.11547005383792508,-2.220446049250313e-16,-0.0,-0.0,0.0,0,0.0
8866,3,0.11547005383792508,-2.220446049250313e-16,-0.0,-0.0,0.0,0,0.0
8869,3,0.11547005383792508,-2.220446049250313e-16,-0.0,-0.0,0.0,0,0.0
3366,3,0.11547005383792508,-2.220446049250313e-16,-0.0,-0.0,0.0,0,0.0
8838,3,0.11547005383792508,-2.220446049250313e-16,-0.0,-0.0,0.0,0,0.0
8844,3,0.11547005383792508,-2.220446049250313e-16,-0.0,-0.0,0.0,0,0.0
8845,3,0.11547005383792508,-2.220446049250313e-16,-0.0,-0.0,0.0,0,0.0
8849,3,0.11547005383792508,-2.220446049250313e-16,-0.0,-0.0,0.0,0,0.0
8854,3,0.11547005383792508,-2.220446049250313e-16,-0.0,-0.0,0.0,0,0.0
3424,3,0.11547005383792508,-2.220446049250313e-16,-0.0,-0.0,0.0,0,0.0
3431,3,0.11547005383792508,-2.220446049250313e-16,-0.0,-0.0,0.0,0,0.0
3434,3,0.11547005383792508,-2.220446049250313e-16,-0.0,-0.0,0.0,0,0.0
3412,3,0.11547005383792508,-2.220446049250313e-16,-0.0,-0.0,0.0,0,0.0
3413,3,0.11547005383792508,-2.220446049250313e-16,-0.0,-0.0,0.0,0,0.0
3416,3,0.11547005383792508,-2.220446049250313e-16,-0.0,-0.0,0.0,0,0.0
311,3,0.11547005383792508,-2.220446049250313e-16,-0.0,-0.0,0.0,0,0.0
289,3,0.11547005383792508,-2.220446049250313e-16,-0.0,-0.0,0.0,0,0.0
292,3,0.11547005383792508,-2.220446049250313e-16,-0.0,-0.0,0.0,0,0.0
294,3,0.11547005383792508,-2.220446049250313e-16,-0.0,-0.0,0.0,0,0.0
295,3,0.11547005383792508,-2.220446049250313e-16,-0.0,-0.0,0.0,0,0.0
1308,3,0.11547005383792508,-2.220446049250313e-16,-0.0,-0.0,0.0,0,0.0
6689,3,0.11547005383792508,-2.220446049250313e-16,-0.0,-0.0,0.0,0,0.0
5713,3,0.11547005383792508,-2.220446049250313e-16,-0.0,-0.0,0.0,0,0.0
1284,3,0.11547005383792508,-2.220446049250313e-16,-0.0,-0.0,0.0,0,0.0
1287,3,0.11547005383792508,-2.220446049250313e-16,-0.0,-0.0,0.0,0,0.0
1289,3,0.11547005383792508,-2.220446049250313e-16,-0.0,-0.0,0.0,0,0.0
1291,3,0.11547005383792508,-2.220446049250313e-16,-0.0,-0.0,0.0,0,0.0
6682,3,0.11547005383792508,-2.220446049250313e-16,-0.0,-0.0,0.0,0,0.0
6683,3,0.11547005383792508,-2.220446049250313e-16,-0.0,-0.0,0.0,0,0.0
6686,3,0.11547005383792508,-2.220446049250313e-16,-0.0,-0.0,0.0,0,0.0
1280,3,0.11547005383792508,-2.220446049250313e-16,-0.0,-0.0,0.0,0,0.0
8817,3,0.11547005383792508,-2.220446049250313e-16,-0.0,-0.0,0.0,0,0.0
3453,3,0.11547005383792508,-2.220446049250313e-16,-0.0,-0.0,0.0,0,0.0
8792,3,0.11547005383792508,-2.220446049250313e-16,-0.0,-0.0,0.0,0,0.0
8796,3,0.11547005383792508,-2.220446049250313e-16,-0.0,-0.0,0.0,0,0.0
8802,3,0.11547005383792508,-2.220446049250313e-16,-0.0,-0.0,0.0,0,0.0
8778,3,0.11547005383792508,-2.220446049250313e-16,-0.0,-0.0,0.0,0,0.0
8782,3,0.11547005383792508,-2.220446049250313e-16,-0.0,-0.0,0.0,0,0.0
8784,3,0.11547005383792508,-2.220446049250313e-16,-0.0,-0.0,0.0,0,0.0
339,3,0.11547005383792508,-2.220446049250313e-16,-0.0,-0.0,0.0,0,0.0
341,3,0.11547005383792508,-2.220446049250313e-16,-0.0,-0.0,0.0,0,0.0
344,3,0.11547005383792508,-2.220446049250313e-16,-0.0,-0.0,0.0,0,0.0
8765,3,0.11547005383792508,-2.220446049250313e-16,-0.0,-0.0,0.0,0,0.0
8766,3,0.11547005383792508,-2.220446049250313e-16,-0.0,-0.0,0.0,0,0.0
323,3,0.11547005383792508,-2.220446049250313e-16,-0.0,-0.0,0.0,0,0.0
328,3,0.11547005383792508,-2.220446049250313e-16,-0.0,-0.0,0.0,0,0.0
331,3,0.11547005383792508,-2.220446049250313e-16,-0.0,-0.0,0.0,0,0.0
8754,3,0.11547005383792508,-2.220446049250313e-16,-0.0,-0.0,0.0,0,0.0
8760,3,0.11547005383792508,-2.220446049250313e-16,-0.0,-0.0,0.0,0,0.0
6726,3,0.11547005383792508,-2.220446049250313e-16,-0.0,-0.0,0.0,0,0.0
6730,3,0.11547005383792508,-2.220446049250313e-16,-0.0,-0.0,0.0,0,0.0
6731,3,0.11547005383792508,-2.220446049250313e-16,-0.0,-0.0,0.0,0,0.0
6732,3,0.11547005383792508,-2.220446049250313e-16,-0.0,-0.0,0.0,0,0.0
6735,3,0.11547005383792508,-2.220446049250313e-16,-0.0,-0.0,0.0,0,0.0
5683,3,0.11547005383792508,-2.220446049250313e-16,-0.0,-0.0,0.0,0,0.0
6711,3,0.11547005383792508,-2.220446049250313e-16,-0.0,-0.0,0.0,0,0.0
6721,3,0.11547005383792508,-2.220446049250313e-16,-0.0,-0.0,0.0,0,0.0
6724,3,0.11547005383792508,-2.220446049250313e-16,-0.0,-0.0,0.0,0,0.0
5667,3,0.11547005383792508,-2.220446049250313e-16,-0.0,-0.0,0.0,0,0.0
5674,3,0.11547005383792508,-2.220446049250313e-16,-0.0,-0.0,0.0,0,0.0
5678,3,0.11547005383792508,-2.220446049250313e-16,-0.0,-0.0,0.0,0,0.0
6696,3,0.11547005383792508,-2.220446049250313e-16,-0.0,-0.0,0.0,0,0.0
6697,3,0.11547005383792508,-2.220446049250313e-16,-0.0,-0.0,0.0,0,0.0
6699,3,0.11547005383792508,-2.220446049250313e-16,-0.0,-0.0,0.0,0,0.0
6700,3,0.11547005383792508,-2.220446049250313e-16,-0.0,-0.0,0.0,0,0.0
8729,3,0.11547005383792508,-2.220446049250313e-16,-0.0,-0.0,0.0,0,0.0
8734,3,0.11547005383792508,-2.220446049250313e-16,-0.0,-0.0,0.0,0,0.0
8745,3,0.11547005383792508,-2.220446049250313e-16,-0.0,-0.0,0.0,0,0.0
8711,3,0.11547005383792508,-2.220446049250313e-16,-0.0,-0.0,0.0,0,0.0
8712,3,0.11547005383792508,-2.220446049250313e-16,-0.0,-0.0,0.0,0,0.0
8714,3,0.11547005383792508,-2.220446049250313e-16,-0.0,-0.0,0.0,0,0.0
8722,3,0.11547005383792508,-2.220446049250313e-16,-0.0,-0.0,0.0,0,0.0
8692,3,0.11547005383792508,-2.220446049250313e-16,-0.0,-0.0,0.0,0,0.0
8697,3,0.11547005383792508,-2.220446049250313e-16,-0.0,-0.0,0.0,0,0.0
8700,3,0.11547005383792508,-2.220446049250313e-16,-0.0,-0.0,0.0,0,0.0
8682,3,0.11547005383792508,-2.220446049250313e-16,-0.0,-0.0,0.0,0,0.0
2392,3,0.11547005383792508,-2.220446049250313e-16,-0.0,-0.0,0.0,0,0.0
2395,3,0.11547005383792508,-2.220446049250313e-16,-0.0,-0.0,0.0,0,0.0
2373,3,0.11547005383792508,-2.220446049250313e-16,-0.0,-0.0,0.0,0,0.0
2380,3,0.11547005383792508,-2.220446049250313e-16,-0.0,-0.0,0.0,0,0.0
367,3,0.11547005383792508,-2.220446049250313e-16,-0.0,-0.0,0.0,0,0.0
373,3,0.11547005383792508,-2.220446049250313e-16,-0.0,-0.0,0.0,0,0.0
8647,3,0.11547005383792508,-2.220446049250313e-16,-0.0,-0.0,0.0,0,0.0
363,3,0.11547005383792508,-2.220446049250313e-16,-0.0,-0.0,0.0,0,0.0
1256,3,0.11547005383792508,-2.220446049250313e-16,-0.0,-0.0,0.0,0,0.0
1258,3,0.11547005383792508,-2.220446049250313e-16,-0.0,-0.0,0.0,0,0.0
1259,3,0.11547005383792508,-2.220446049250313e-16,-0.0,-0.0,0.0,0,0.0
1263,3,0.11547005383792508,-2.220446049250313e-16,-0.0,-0.0,0.0,0,0.0
1651,3,0.11547005383792508,-2.220446049250313e-16,-0.0,-0.0,0.0,0,0.0
6764,3,0.11547005383792508,-2.220446049250313e-16,-0.0,-0.0,0.0,0,0.0
5660,3,0.11547005383792508,-2.220446049250313e-16,-0.0,-0.0,0.0,0,0.0
1640,3,0.11547005383792508,-2.220446049250313e-16,-0.0,-0.0,0.0,0,0.0
1648,3,0.11547005383792508,-2.220446049250313e-16,-0.0,-0.0,0.0,0,0.0
6750,3,0.11547005383792508,-2.220446049250313e-16,-0.0,-0.0,0.0,0,0.0
6762,3,0.11547005383792508,-2.220446049250313e-16,-0.0,-0.0,0.0,0,0.0
415,3,0.11547005383792508,-2.220446049250313e-16,-0.0,-0.0,0.0,0,0.0
401,3,0.11547005383792508,-2.220446049250313e-16,-0.0,-0.0,0.0,0,0.0
405,3,0.11547005383792508,-2.220446049250313e-16,-0.0,-0.0,0.0,0,0.0
412,3,0.11547005383792508,-2.220446049250313e-16,-0.0,-0.0,0.0,0,0.0
413,3,0.11547005383792508,-2.220446049250313e-16,-0.0,-0.0,0.0,0,0.0
392,3,0.11547005383792508,-2.220446049250313e-16,-0.0,-0.0,0.0,0,0.0
8612,3,0.11547005383792508,-2.220446049250313e-16,-0.0,-0.0,0.0,0,0.0
8613,3,0.11547005383792508,-2.220446049250313e-16,-0.0,-0.0,0.0,0,0.0
8621,3,0.11547005383792508,-2.220446049250313e-16,-0.0,-0.0,0.0,0,0.0
8578,3,0.11547005383792508,-2.220446049250313e-16,-0.0,-0.0,0.0,0,0.0
8584,3,0.11547005383792508,-2.220446049250313e-16,-0.0,-0.0,0.0,0,0.0
8595,3,0.11547005383792508,-2.220446049250313e-16,-0.0,-0.0,0.0,0,0.0
8596,3,0.11547005383792508,-2.220446049250313e-16,-0.0,-0.0,0.0,0,0.0
433,3,0.11547005383792508,-2.220446049250313e-16,-0.0,-0.0,0.0,0,0.0
434,3,0.11547005383792508,-2.220446049250313e-16,-0.0,-0.0,0.0,0,0.0
437,3,0.11547005383792508,-2.220446049250313e-16,-0.0,-0.0,0.0,0,0.0
3579,3,0.11547005383792508,-2.220446049250313e-16,-0.0,-0.0,0.0,0,0.0
3568,3,0.11547005383792508,-2.220446049250313e-16,-0.0,-0.0,0.0,0,0.0
5584,3,0.11547005383792508,-2.220446049250313e-16,-0.0,-0.0,0.0,0,0.0
5585,3,0.11547005383792508,-2.220446049250313e-16,-0.0,-0.0,0.0,0,0.0
5595,3,0.11547005383792508,-2.220446049250313e-16,-0.0,-0.0,0.0,0,0.0
5597,3,0.11547005383792508,-2.220446049250313e-16,-0.0,-0.0,0.0,0,0.0
5649,3,0.11547005383792508,-2.220446049250313e-16,-0.0,-0.0,0.0,0,0.0
5650,3,0.11547005383792508,-2.220446049250313e-16,-0.0,-0.0,0.0,0,0.0
5568,3,0.11547005383792508,-2.220446049250313e-16,-0.0,-0.0,0.0,0,0.0
5621,3,0.11547005383792508,-2.220446049250313e-16,-0.0,-0.0,0.0,0,0.0
5641,3,0.11547005383792508,-2.220446049250313e-16,-0.0,-0.0,0.0,0,0.0
1269,3,0.11547005383792508,-2.220446049250313e-16,-0.0,-0.0,0.0,0,0.0
1272,3,0.11547005383792508,-2.220446049250313e-16,-0.0,-0.0,0.0,0,0.0
5615,3,0.11547005383792508,-2.220446049250313e-16,-0.0,-0.0,0.0,0,0.0
5619,3,0.11547005383792508,-2.220446049250313e-16,-0.0,-0.0,0.0,0,0.0
8570,3,0.11547005383792508,-2.220446049250313e-16,-0.0,-0.0,0.0,0,0.0
479,3,0.11547005383792508,-2.220446049250313e-16,-0.0,-0.0,0.0,0,0.0
8547,3,0.11547005383792508,-2.220446049250313e-16,-0.0,-0.0,0.0,0,0.0
8551,3,0.11547005383792508,-2.220446049250313e-16,-0.0,-0.0,0.0,0,0.0
8557,3,0.11547005383792508,-2.220446049250313e-16,-0.0,-0.0,0.0,0,0.0
449,3,0.11547005383792508,-2.220446049250313e-16,-0.0,-0.0,0.0,0,0.0
456,3,0.11547005383792508,-2.220446049250313e-16,-0.0,-0.0,0.0,0,0.0
470,3,0.11547005383792508,-2.220446049250313e-16,-0.0,-0.0,0.0,0,0.0
475,3,0.11547005383792508,-2.220446049250313e-16,-0.0,-0.0,0.0,0,0.0
8529,3,0.11547005383792508,-2.220446049250313e-16,-0.0,-0.0,0.0,0,0.0
448,3,0.11547005383792508,-2.220446049250313e-16,-0.0,-0.0,0.0,0,0.0
3623,3,0.11547005383792508,-2.220446049250313e-16,-0.0,-0.0,0.0,0,0.0
3606,3,0.11547005383792508,-2.220446049250313e-16,-0.0,-0.0,0.0,0,0.0
8502,3,0.11547005383792508,-2.220446049250313e-16,-0.0,-0.0,0.0,0,0.0
8505,3,0.11547005383792508,-2.220446049250313e-16,-0.0,-0.0,0.0,0,0.0
3659,3,0.11547005383792508,-2.220446049250313e-16,-0.0,-0.0,0.0,0,0.0
8484,3,0.11547005383792508,-2.220446049250313e-16,-0.0,-0.0,0.0,0,0.0
8485,3,0.11547005383792508,-2.220446049250313e-16,-0.0,-0.0,0.0,0,0.0
8486,3,0.11547005383792508,-2.220446049250313e-16,-0.0,-0.0,0.0,0,0.0
8487,3,0.11547005383792508,-2.220446049250313e-16,-0.0,-0.0,0.0,0,0.0
1675,3,0.11547005383792508,-2.220446049250313e-16,-0.0,-0.0,0.0,0,0.0
5560,3,0.11547005383792508,-2.220446049250313e-16,-0.0,-0.0,0.0,0,0.0
5565,3,0.11547005383792508,-2.220446049250313e-16,-0.0,-0.0,0.0,0,0.0
6796,3,0.11547005383792508,-2.220446049250313e-16,-0.0,-0.0,0.0,0,0.0
6800,3,0.11547005383792508,-2.220446049250313e-16,-0.0,-0.0,0.0,0,0.0
1217,3,0.11547005383792508,-2.220446049250313e-16,-0.0,-0.0,0.0,0,0.0
1219,3,0.11547005383792508,-2.220446049250313e-16,-0.0,-0.0,0.0,0,0.0
1279,3,0.11547005383792508,-2.220446049250313e-16,-0.0,-0.0,0.0,0,0.0
6792,3,0.11547005383792508,-2.220446049250313e-16,-0.0,-0.0,0.0,0,0.0
8480,3,0.11547005383792508,-2.220446049250313e-16,-0.0,-0.0,0.0,0,0.0
496,3,0.11547005383792508,-2.220446049250313e-16,-0.0,-0.0,0.0,0,0.0
500,3,0.11547005383792508,-2.220446049250313e-16,-0.0,-0.0,0.0,0,0.0
8449,3,0.11547005383792508,-2.220446049250313e-16,-0.0,-0.0,0.0,0,0.0
8440,3,0.11547005383792508,-2.220446049250313e-16,-0.0,-0.0,0.0,0,0.0
8441,3,0.11547005383792508,-2.220446049250313e-16,-0.0,-0.0,0.0,0,0.0
8442,3,0.11547005383792508,-2.220446049250313e-16,-0.0,-0.0,0.0,0,0.0
489,3,0.11547005383792508,-2.220446049250313e-16,-0.0,-0.0,0.0,0,0.0
3693,3,0.11547005383792508,-2.220446049250313e-16,-0.0,-0.0,0.0,0,0.0
8426,3,0.11547005383792508,-2.220446049250313e-16,-0.0,-0.0,0.0,0,0.0
8417,3,0.11547005383792508,-2.220446049250313e-16,-0.0,-0.0,0.0,0,0.0
8423,3,0.11547005383792508,-2.220446049250313e-16,-0.0,-0.0,0.0,0,0.0
8392,3,0.11547005383792508,-2.220446049250313e-16,-0.0,-0.0,0.0,0,0.0
8394,3,0.11547005383792508,-2.220446049250313e-16,-0.0,-0.0,0.0,0,0.0
8397,3,0.11547005383792508,-2.220446049250313e-16,-0.0,-0.0,0.0,0,0.0
8398,3,0.11547005383792508,-2.220446049250313e-16,-0.0,-0.0,0.0,0,0.0
8367,3,0.11547005383792508,-2.220446049250313e-16,-0.0,-0.0,0.0,0,0.0
8378,3,0.11547005383792508,-2.220446049250313e-16,-0.0,-0.0,0.0,0,0.0
8380,3,0.11547005383792508,-2.220446049250313e-16,-0.0,-0.0,0.0,0,0.0
8386,3,0.11547005383792508,-2.220446049250313e-16,-0.0,-0.0,0.0,0,0.0
8387,3,0.11547005383792508,-2.220446049250313e-16,-0.0,-0.0,0.0,0,0.0
8388,3,0.11547005383792508,-2.220446049250313e-16,-0.0,-0.0,0.0,0,0.0
5546,3,0.11547005383792508,-2.220446049250313e-16,-0.0,-0.0,0.0,0,0.0
5550,3,0.11547005383792508,-2.220446049250313e-16,-0.0,-0.0,0.0,0,0.0
5557,3,0.11547005383792508,-2.220446049250313e-16,-0.0,-0.0,0.0,0,0.0
6850,3,0.11547005383792508,-2.220446049250313e-16,-0.0,-0.0,0.0,0,0.0
5528,3,0.11547005383792508,-2.220446049250313e-16,-0.0,-0.0,0.0,0,0.0
5541,3,0.11547005383792508,-2.220446049250313e-16,-0.0,-0.0,0.0,0,0.0
6831,3,0.11547005383792508,-2.220446049250313e-16,-0.0,-0.0,0.0,0,0.0
6833,3,0.11547005383792508,-2.220446049250313e-16,-0.0,-0.0,0.0,0,0.0
6839,3,0.11547005383792508,-2.220446049250313e-16,-0.0,-0.0,0.0,0,0.0
6842,3,0.11547005383792508,-2.220446049250313e-16,-0.0,-0.0,0.0,0,0.0
1229,3,0.11547005383792508,-2.220446049250313e-16,-0.0,-0.0,0.0,0,0.0
1239,3,0.11547005383792508,-2.220446049250313e-16,-0.0,-0.0,0.0,0,0.0
8358,3,0.11547005383792508,-2.220446049250313e-16,-0.0,-0.0,0.0,0,0.0
8361,3,0.11547005383792508,-2.220446049250313e-16,-0.0,-0.0,0.0,0,0.0
8362,3,0.11547005383792508,-2.220446049250313e-16,-0.0,-0.0,0.0,0,0.0
518,3,0.11547005383792508,-2.220446049250313e-16,-0.0,-0.0,0.0,0,0.0
526,3,0.11547005383792508,-2.220446049250313e-16,-0.0,-0.0,0.0,0,0.0
8344,3,0.11547005383792508,-2.220446049250313e-16,-0.0,-0.0,0.0,0,0.0
8345,3,0.11547005383792508,-2.220446049250313e-16,-0.0,-0.0,0.0,0,0.0
8346,3,0.11547005383792508,-2.220446049250313e-16,-0.0,-0.0,0.0,0,0.0
513,3,0.11547005383792508,-2.220446049250313e-16,-0.0,-0.0,0.0,0,0.0
514,3,0.11547005383792508,-2.220446049250313e-16,-0.0,-0.0,0.0,0,0.0
516,3,0.11547005383792508,-2.220446049250313e-16,-0.0,-0.0,0.0,0,0.0
8318,3,0.11547005383792508,-2.220446049250313e-16,-0.0,-0.0,0.0,0,0.0
8339,3,0.11547005383792508,-2.220446049250313e-16,-0.0,-0.0,0.0,0,0.0
8341,3,0.11547005383792508,-2.220446049250313e-16,-0.0,-0.0,0.0,0,0.0
569,3,0.11547005383792508,-2.220446049250313e-16,-0.0,-0.0,0.0,0,0.0
574,3,0.11547005383792508,-2.220446049250313e-16,-0.0,-0.0,0.0,0,0.0
8311,3,0.11547005383792508,-2.220446049250313e-16,-0.0,-0.0,0.0,0,0.0
8314,3,0.11547005383792508,-2.220446049250313e-16,-0.0,-0.0,0.0,0,0.0
8316,3,0.11547005383792508,-2.220446049250313e-16,-0.0,-0.0,0.0,0,0.0
5500,3,0.11547005383792508,-2.220446049250313e-16,-0.0,-0.0,0.0,0,0.0
5507,3,0.11547005383792508,-2.220446049250313e-16,-0.0,-0.0,0.0,0,0.0
5510,3,0.11547005383792508,-2.220446049250313e-16,-0.0,-0.0,0.0,0,0.0
5512,3,0.11547005383792508,-2.220446049250313e-16,-0.0,-0.0,0.0,0,0.0
6881,3,0.11547005383792508,-2.220446049250313e-16,-0.0,-0.0,0.0,0,0.0
5478,3,0.11547005383792508,-2.220446049250313e-16,-0.0,-0.0,0.0,0,0.0
5484,3,0.11547005383792508,-2.220446049250313e-16,-0.0,-0.0,0.0,0,0.0
5492,3,0.11547005383792508,-2.220446049250313e-16,-0.0,-0.0,0.0,0,0.0
1190,3,0.11547005383792508,-2.220446049250313e-16,-0.0,-0.0,0.0,0,0.0
1195,3,0.11547005383792508,-2.220446049250313e-16,-0.0,-0.0,0.0,0,0.0
1198,3,0.11547005383792508,-2.220446049250313e-16,-0.0,-0.0,0.0,0,0.0
1725,3,0.11547005383792508,-2.220446049250313e-16,-0.0,-0.0,0.0,0,0.0
6858,3,0.11547005383792508,-2.220446049250313e-16,-0.0,-0.0,0.0,0,0.0
6864,3,0.11547005383792508,-2.220446049250313e-16,-0.0,-0.0,0.0,0,0.0
6866,3,0.11547005383792508,-2.220446049250313e-16,-0.0,-0.0,0.0,0,0.0
6877,3,0.11547005383792508,-2.220446049250313e-16,-0.0,-0.0,0.0,0,0.0
3767,3,0.11547005383792508,-2.220446049250313e-16,-0.0,-0.0,0.0,0,0.0
560,3,0.11547005383792508,-2.220446049250313e-16,-0.0,-0.0,0.0,0,0.0
561,3,0.11547005383792508,-2.220446049250313e-16,-0.0,-0.0,0.0,0,0.0
564,3,0.11547005383792508,-2.220446049250313e-16,-0.0,-0.0,0.0,0,0.0
554,3,0.11547005383792508,-2.220446049250313e-16,-0.0,-0.0,0.0,0,0.0
556,3,0.11547005383792508,-2.220446049250313e-16,-0.0,-0.0,0.0,0,0.0
595,3,0.11547005383792508,-2.220446049250313e-16,-0.0,-0.0,0.0,0,0.0
607,3,0.11547005383792508,-2.220446049250313e-16,-0.0,-0.0,0.0,0,0.0
2364,3,0.11547005383792508,-2.220446049250313e-16,-0.0,-0.0,0.0,0,0.0
637,3,0.11547005383792508,-2.220446049250313e-16,-0.0,-0.0,0.0,0,0.0
578,3,0.11547005383792508,-2.220446049250313e-16,-0.0,-0.0,0.0,0,0.0
580,3,0.11547005383792508,-2.220446049250313e-16,-0.0,-0.0,0.0,0,0.0
590,3,0.11547005383792508,-2.220446049250313e-16,-0.0,-0.0,0.0,0,0.0
2346,3,0.11547005383792508,-2.220446049250313e-16,-0.0,-0.0,0.0,0,0.0
2348,3,0.11547005383792508,-2.220446049250313e-16,-0.0,-0.0,0.0,0,0.0
2357,3,0.11547005383792508,-2.220446049250313e-16,-0.0,-0.0,0.0,0,0.0
2360,3,0.11547005383792508,-2.220446049250313e-16,-0.0,-0.0,0.0,0,0.0
6932,3,0.11547005383792508,-2.220446049250313e-16,-0.0,-0.0,0.0,0,0.0
6938,3,0.11547005383792508,-2.220446049250313e-16,-0.0,-0.0,0.0,0,0.0
6943,3,0.11547005383792508,-2.220446049250313e-16,-0.0,-0.0,0.0,0,0.0
1716,3,0.11547005383792508,-2.220446049250313e-16,-0.0,-0.0,0.0,0,0.0
6927,3,0.11547005383792508,-2.220446049250313e-16,-0.0,-0.0,0.0,0,0.0
6914,3,0.11547005383792508,-2.220446049250313e-16,-0.0,-0.0,0.0,0,0.0
5462,3,0.11547005383792508,-2.220446049250313e-16,-0.0,-0.0,0.0,0,0.0
5471,3,0.11547005383792508,-2.220446049250313e-16,-0.0,-0.0,0.0,0,0.0
1701,3,0.11547005383792508,-2.220446049250313e-16,-0.0,-0.0,0.0,0,0.0
6897,3,0.11547005383792508,-2.220446049250313e-16,-0.0,-0.0,0.0,0,0.0
6910,3,0.11547005383792508,-2.220446049250313e-16,-0.0,-0.0,0.0,0,0.0
3793,3,0.11547005383792508,-2.220446049250313e-16,-0.0,-0.0,0.0,0,0.0
614,3,0.11547005383792508,-2.220446049250313e-16,-0.0,-0.0,0.0,0,0.0
624,3,0.11547005383792508,-2.220446049250313e-16,-0.0,-0.0,0.0,0,0.0
2366,3,0.11547005383792508,-2.220446049250313e-16,-0.0,-0.0,0.0,0,0.0
2319,3,0.11547005383792508,-2.220446049250313e-16,-0.0,-0.0,0.0,0,0.0
3823,3,0.11547005383792508,-2.220446049250313e-16,-0.0,-0.0,0.0,0,0.0
3828,3,0.11547005383792508,-2.220446049250313e-16,-0.0,-0.0,0.0,0,0.0
3829,3,0.11547005383792508,-2.220446049250313e-16,-0.0,-0.0,0.0,0,0.0
3839,3,0.11547005383792508,-2.220446049250313e-16,-0.0,-0.0,0.0,0,0.0
2309,3,0.11547005383792508,-2.220446049250313e-16,-0.0,-0.0,0.0,0,0.0
653,3,0.11547005383792508,-2.220446049250313e-16,-0.0,-0.0,0.0,0,0.0
657,3,0.11547005383792508,-2.220446049250313e-16,-0.0,-0.0,0.0,0,0.0
3811,3,0.11547005383792508,-2.220446049250313e-16,-0.0,-0.0,0.0,0,0.0
3815,3,0.11547005383792508,-2.220446049250313e-16,-0.0,-0.0,0.0,0,0.0
8175,3,0.11547005383792508,-2.220446049250313e-16,-0.0,-0.0,0.0,0,0.0
8176,3,0.11547005383792508,-2.220446049250313e-16,-0.0,-0.0,0.0,0,0.0
8181,3,0.11547005383792508,-2.220446049250313e-16,-0.0,-0.0,0.0,0,0.0
8186,3,0.11547005383792508,-2.220446049250313e-16,-0.0,-0.0,0.0,0,0.0
3878,3,0.11547005383792508,-2.220446049250313e-16,-0.0,-0.0,0.0,0,0.0
3880,3,0.11547005383792508,-2.220446049250313e-16,-0.0,-0.0,0.0,0,0.0
8170,3,0.11547005383792508,-2.220446049250313e-16,-0.0,-0.0,0.0,0,0.0
2334,3,0.11547005383792508,-2.220446049250313e-16,-0.0,-0.0,0.0,0,0.0
2335,3,0.11547005383792508,-2.220446049250313e-16,-0.0,-0.0,0.0,0,0.0
3852,3,0.11547005383792508,-2.220446049250313e-16,-0.0,-0.0,0.0,0,0.0
8156,3,0.11547005383792508,-2.220446049250313e-16,-0.0,-0.0,0.0,0,0.0
8157,3,0.11547005383792508,-2.220446049250313e-16,-0.0,-0.0,0.0,0,0.0
8161,3,0.11547005383792508,-2.220446049250313e-16,-0.0,-0.0,0.0,0,0.0
8162,3,0.11547005383792508,-2.220446049250313e-16,-0.0,-0.0,0.0,0,0.0
8163,3,0.11547005383792508,-2.220446049250313e-16,-0.0,-0.0,0.0,0,0.0
8166,3,0.11547005383792508,-2.220446049250313e-16,-0.0,-0.0,0.0,0,0.0
6975,3,0.11547005383792508,-2.220446049250313e-16,-0.0,-0.0,0.0,0,0.0
1154,3,0.11547005383792508,-2.220446049250313e-16,-0.0,-0.0,0.0,0,0.0
1155,3,0.11547005383792508,-2.220446049250313e-16,-0.0,-0.0,0.0,0,0.0
1159,3,0.11547005383792508,-2.220446049250313e-16,-0.0,-0.0,0.0,0,0.0
1162,3,0.11547005383792508,-2.220446049250313e-16,-0.0,-0.0,0.0,0,0.0
5435,3,0.11547005383792508,-2.220446049250313e-16,-0.0,-0.0,0.0,0,0.0
5440,3,0.11547005383792508,-2.220446049250313e-16,-0.0,-0.0,0.0,0,0.0
5446,3,0.11547005383792508,-2.220446049250313e-16,-0.0,-0.0,0.0,0,0.0
5447,3,0.11547005383792508,-2.220446049250313e-16,-0.0,-0.0,0.0,0,0.0
5420,3,0.11547005383792508,-2.220446049250313e-16,-0.0,-0.0,0.0,0,0.0
5426,3,0.11547005383792508,-2.220446049250313e-16,-0.0,-0.0,0.0,0,0.0
5432,3,0.11547005383792508,-2.220446049250313e-16,-0.0,-0.0,0.0,0,0.0
5434,3,0.11547005383792508,-2.220446049250313e-16,-0.0,-0.0,0.0,0,0.0
6946,3,0.11547005383792508,-2.220446049250313e-16,-0.0,-0.0,0.0,0,0.0
6957,3,0.11547005383792508,-2.220446049250313e-16,-0.0,-0.0,0.0,0,0.0
6959,3,0.11547005383792508,-2.220446049250313e-16,-0.0,-0.0,0.0,0,0.0
6960,3,0.11547005383792508,-2.220446049250313e-16,-0.0,-0.0,0.0,0,0.0
8136,3,0.11547005383792508,-2.220446049250313e-16,-0.0,-0.0,0.0,0,0.0
8138,3,0.11547005383792508,-2.220446049250313e-16,-0.0,-0.0,0.0,0,0.0
8142,3,0.11547005383792508,-2.220446049250313e-16,-0.0,-0.0,0.0,0,0.0
3890,3,0.11547005383792508,-2.220446049250313e-16,-0.0,-0.0,0.0,0,0.0
3911,3,0.11547005383792508,-2.220446049250313e-16,-0.0,-0.0,0.0,0,0.0
3918,3,0.11547005383792508,-2.220446049250313e-16,-0.0,-0.0,0.0,0,0.0
687,3,0.11547005383792508,-2.220446049250313e-16,-0.0,-0.0,0.0,0,0.0
691,3,0.11547005383792508,-2.220446049250313e-16,-0.0,-0.0,0.0,0,0.0
2297,3,0.11547005383792508,-2.220446049250313e-16,-0.0,-0.0,0.0,0,0.0
8126,3,0.11547005383792508,-2.220446049250313e-16,-0.0,-0.0,0.0,0,0.0
674,3,0.11547005383792508,-2.220446049250313e-16,-0.0,-0.0,0.0,0,0.0
675,3,0.11547005383792508,-2.220446049250313e-16,-0.0,-0.0,0.0,0,0.0
682,3,0.11547005383792508,-2.220446049250313e-16,-0.0,-0.0,0.0,0,0.0
6979,3,0.11547005383792508,-2.220446049250313e-16,-0.0,-0.0,0.0,0,0.0
6986,3,0.11547005383792508,-2.220446049250313e-16,-0.0,-0.0,0.0,0,0.0
6989,3,0.11547005383792508,-2.220446049250313e-16,-0.0,-0.0,0.0,0,0.0
6991,3,0.11547005383792508,-2.220446049250313e-16,-0.0,-0.0,0.0,0,0.0
5391,3,0.11547005383792508,-2.220446049250313e-16,-0.0,-0.0,0.0,0,0.0
5396,3,0.11547005383792508,-2.220446049250313e-16,-0.0,-0.0,0.0,0,0.0
5400,3,0.11547005383792508,-2.220446049250313e-16,-0.0,-0.0,0.0,0,0.0
5410,3,0.11547005383792508,-2.220446049250313e-16,-0.0,-0.0,0.0,0,0.0
1183,3,0.11547005383792508,-2.220446049250313e-16,-0.0,-0.0,0.0,0,0.0
1746,3,0.11547005383792508,-2.220446049250313e-16,-0.0,-0.0,0.0,0,0.0
1754,3,0.11547005383792508,-2.220446049250313e-16,-0.0,-0.0,0.0,0,0.0
1163,3,0.11547005383792508,-2.220446049250313e-16,-0.0,-0.0,0.0,0,0.0
1172,3,0.11547005383792508,-2.220446049250313e-16,-0.0,-0.0,0.0,0,0.0
1180,3,0.11547005383792508,-2.220446049250313e-16,-0.0,-0.0,0.0,0,0.0
1181,3,0.11547005383792508,-2.220446049250313e-16,-0.0,-0.0,0.0,0,0.0
1182,3,0.11547005383792508,-2.220446049250313e-16,-0.0,-0.0,0.0,0,0.0
2283,3,0.11547005383792508,-2.220446049250313e-16,-0.0,-0.0,0.0,0,0.0
2285,3,0.11547005383792508,-2.220446049250313e-16,-0.0,-0.0,0.0,0,0.0
2291,3,0.11547005383792508,-2.220446049250313e-16,-0.0,-0.0,0.0,0,0.0
2296,3,0.11547005383792508,-2.220446049250313e-16,-0.0,-0.0,0.0,0,0.0
2272,3,0.11547005383792508,-2.220446049250313e-16,-0.0,-0.0,0.0,0,0.0
2274,3,0.11547005383792508,-2.220446049250313e-16,-0.0,-0.0,0.0,0,0.0
2281,3,0.11547005383792508,-2.220446049250313e-16,-0.0,-0.0,0.0,0,0.0
8090,3,0.11547005383792508,-2.220446049250313e-16,-0.0,-0.0,0.0,0,0.0
8105,3,0.11547005383792508,-2.220446049250313e-16,-0.0,-0.0,0.0,0,0.0
8073,3,0.11547005383792508,-2.220446049250313e-16,-0.0,-0.0,0.0,0,0.0
8074,3,0.11547005383792508,-2.220446049250313e-16,-0.0,-0.0,0.0,0,0.0
8077,3,0.11547005383792508,-2.220446049250313e-16,-0.0,-0.0,0.0,0,0.0
8088,3,0.11547005383792508,-2.220446049250313e-16,-0.0,-0.0,0.0,0,0.0
5336,3,0.11547005383792508,-2.220446049250313e-16,-0.0,-0.0,0.0,0,0.0
5337,3,0.11547005383792508,-2.220446049250313e-16,-0.0,-0.0,0.0,0,0.0
1760,3,0.11547005383792508,-2.220446049250313e-16,-0.0,-0.0,0.0,0,0.0
5361,3,0.11547005383792508,-2.220446049250313e-16,-0.0,-0.0,0.0,0,0.0
5369,3,0.11547005383792508,-2.220446049250313e-16,-0.0,-0.0,0.0,0,0.0
5344,3,0.11547005383792508,-2.220446049250313e-16,-0.0,-0.0,0.0,0,0.0
5345,3,0.11547005383792508,-2.220446049250313e-16,-0.0,-0.0,0.0,0,0.0
5353,3,0.11547005383792508,-2.220446049250313e-16,-0.0,-0.0,0.0,0,0.0
6998,3,0.11547005383792508,-2.220446049250313e-16,-0.0,-0.0,0.0,0,0.0
1126,3,0.11547005383792508,-2.220446049250313e-16,-0.0,-0.0,0.0,0,0.0
3963,3,0.11547005383792508,-2.220446049250313e-16,-0.0,-0.0,0.0,0,0.0
3969,3,0.11547005383792508,-2.220446049250313e-16,-0.0,-0.0,0.0,0,0.0
3947,3,0.11547005383792508,-2.220446049250313e-16,-0.0,-0.0,0.0,0,0.0
8048,3,0.11547005383792508,-2.220446049250313e-16,-0.0,-0.0,0.0,0,0.0
734,3,0.11547005383792508,-2.220446049250313e-16,-0.0,-0.0,0.0,0,0.0
8032,3,0.11547005383792508,-2.220446049250313e-16,-0.0,-0.0,0.0,0,0.0
8033,3,0.11547005383792508,-2.220446049250313e-16,-0.0,-0.0,0.0,0,0.0
8035,3,0.11547005383792508,-2.220446049250313e-16,-0.0,-0.0,0.0,0,0.0
731,3,0.11547005383792508,-2.220446049250313e-16,-0.0,-0.0,0.0,0,0.0
3979,3,0.11547005383792508,-2.220446049250313e-16,-0.0,-0.0,0.0,0,0.0
3981,3,0.11547005383792508,-2.220446049250313e-16,-0.0,-0.0,0.0,0,0.0
710,3,0.11547005383792508,-2.220446049250313e-16,-0.0,-0.0,0.0,0,0.0
714,3,0.11547005383792508,-2.220446049250313e-16,-0.0,-0.0,0.0,0,0.0
3970,3,0.11547005383792508,-2.220446049250313e-16,-0.0,-0.0,0.0,0,0.0
707,3,0.11547005383792508,-2.220446049250313e-16,-0.0,-0.0,0.0,0,0.0
5279,3,0.11547005383792508,-2.220446049250313e-16,-0.0,-0.0,0.0,0,0.0
1796,3,0.11547005383792508,-2.220446049250313e-16,-0.0,-0.0,0.0,0,0.0
1798,3,0.11547005383792508,-2.220446049250313e-16,-0.0,-0.0,0.0,0,0.0
1799,3,0.11547005383792508,-2.220446049250313e-16,-0.0,-0.0,0.0,0,0.0
5287,3,0.11547005383792508,-2.220446049250313e-16,-0.0,-0.0,0.0,0,0.0
5311,3,0.11547005383792508,-2.220446049250313e-16,-0.0,-0.0,0.0,0,0.0
5320,3,0.11547005383792508,-2.220446049250313e-16,-0.0,-0.0,0.0,0,0.0
1136,3,0.11547005383792508,-2.220446049250313e-16,-0.0,-0.0,0.0,0,0.0
1139,3,0.11547005383792508,-2.220446049250313e-16,-0.0,-0.0,0.0,0,0.0
1144,3,0.11547005383792508,-2.220446049250313e-16,-0.0,-0.0,0.0,0,0.0
1822,3,0.11547005383792508,-2.220446049250313e-16,-0.0,-0.0,0.0,0,0.0
1767,3,0.11547005383792508,-2.220446049250313e-16,-0.0,-0.0,0.0,0,0.0
1770,3,0.11547005383792508,-2.220446049250313e-16,-0.0,-0.0,0.0,0,0.0
1784,3,0.11547005383792508,-2.220446049250313e-16,-0.0,-0.0,0.0,0,0.0
4023,3,0.11547005383792508,-2.220446049250313e-16,-0.0,-0.0,0.0,0,0.0
4043,3,0.11547005383792508,-2.220446049250313e-16,-0.0,-0.0,0.0,0,0.0
2258,3,0.11547005383792508,-2.220446049250313e-16,-0.0,-0.0,0.0,0,0.0
2260,3,0.11547005383792508,-2.220446049250313e-16,-0.0,-0.0,0.0,0,0.0
2261,3,0.11547005383792508,-2.220446049250313e-16,-0.0,-0.0,0.0,0,0.0
2240,3,0.11547005383792508,-2.220446049250313e-16,-0.0,-0.0,0.0,0,0.0
2243,3,0.11547005383792508,-2.220446049250313e-16,-0.0,-0.0,0.0,0,0.0
7987,3,0.11547005383792508,-2.220446049250313e-16,-0.0,-0.0,0.0,0,0.0
7991,3,0.11547005383792508,-2.220446049250313e-16,-0.0,-0.0,0.0,0,0.0
7993,3,0.11547005383792508,-2.220446049250313e-16,-0.0,-0.0,0.0,0,0.0
4099,3,0.11547005383792508,-2.220446049250313e-16,-0.0,-0.0,0.0,0,0.0
4102,3,0.11547005383792508,-2.220446049250313e-16,-0.0,-0.0,0.0,0,0.0
766,3,0.11547005383792508,-2.220446049250313e-16,-0.0,-0.0,0.0,0,0.0
7971,3,0.11547005383792508,-2.220446049250313e-16,-0.0,-0.0,0.0,0,0.0
7977,3,0.11547005383792508,-2.220446049250313e-16,-0.0,-0.0,0.0,0,0.0
7980,3,0.11547005383792508,-2.220446049250313e-16,-0.0,-0.0,0.0,0,0.0
4077,3,0.11547005383792508,-2.220446049250313e-16,-0.0,-0.0,0.0,0,0.0
4079,3,0.11547005383792508,-2.220446049250313e-16,-0.0,-0.0,0.0,0,0.0
4083,3,0.11547005383792508,-2.220446049250313e-16,-0.0,-0.0,0.0,0,0.0
4086,3,0.11547005383792508,-2.220446049250313e-16,-0.0,-0.0,0.0,0,0.0
4092,3,0.11547005383792508,-2.220446049250313e-16,-0.0,-0.0,0.0,0,0.0
737,3,0.11547005383792508,-2.220446049250313e-16,-0.0,-0.0,0.0,0,0.0
749,3,0.11547005383792508,-2.220446049250313e-16,-0.0,-0.0,0.0,0,0.0
764,3,0.11547005383792508,-2.220446049250313e-16,-0.0,-0.0,0.0,0,0.0
4073,3,0.11547005383792508,-2.220446049250313e-16,-0.0,-0.0,0.0,0,0.0
7958,3,0.11547005383792508,-2.220446049250313e-16,-0.0,-0.0,0.0,0,0.0
5196,3,0.11547005383792508,-2.220446049250313e-16,-0.0,-0.0,0.0,0,0.0
5200,3,0.11547005383792508,-2.220446049250313e-16,-0.0,-0.0,0.0,0,0.0
5205,3,0.11547005383792508,-2.220446049250313e-16,-0.0,-0.0,0.0,0,0.0
5241,3,0.11547005383792508,-2.220446049250313e-16,-0.0,-0.0,0.0,0,0.0
5248,3,0.11547005383792508,-2.220446049250313e-16,-0.0,-0.0,0.0,0,0.0
5249,3,0.11547005383792508,-2.220446049250313e-16,-0.0,-0.0,0.0,0,0.0
5251,3,0.11547005383792508,-2.220446049250313e-16,-0.0,-0.0,0.0,0,0.0
5254,3,0.11547005383792508,-2.220446049250313e-16,-0.0,-0.0,0.0,0,0.0
5257,3,0.11547005383792508,-2.220446049250313e-16,-0.0,-0.0,0.0,0,0.0
5261,3,0.11547005383792508,-2.220446049250313e-16,-0.0,-0.0,0.0,0,0.0
1112,3,0.11547005383792508,-2.220446049250313e-16,-0.0,-0.0,0.0,0,0.0
1807,3,0.11547005383792508,-2.220446049250313e-16,-0.0,-0.0,0.0,0,0.0
1814,3,0.11547005383792508,-2.220446049250313e-16,-0.0,-0.0,0.0,0,0.0
4124,3,0.11547005383792508,-2.220446049250313e-16,-0.0,-0.0,0.0,0,0.0
4131,3,0.11547005383792508,-2.220446049250313e-16,-0.0,-0.0,0.0,0,0.0
4171,3,0.11547005383792508,-2.220446049250313e-16,-0.0,-0.0,0.0,0,0.0
4173,3,0.11547005383792508,-2.220446049250313e-16,-0.0,-0.0,0.0,0,0.0
4180,3,0.11547005383792508,-2.220446049250313e-16,-0.0,-0.0,0.0,0,0.0
7947,3,0.11547005383792508,-2.220446049250313e-16,-0.0,-0.0,0.0,0,0.0
4151,3,0.11547005383792508,-2.220446049250313e-16,-0.0,-0.0,0.0,0,0.0
7931,3,0.11547005383792508,-2.220446049250313e-16,-0.0,-0.0,0.0,0,0.0
7942,3,0.11547005383792508,-2.220446049250313e-16,-0.0,-0.0,0.0,0,0.0
4215,3,0.11547005383792508,-2.220446049250313e-16,-0.0,-0.0,0.0,0,0.0
7927,3,0.11547005383792508,-2.220446049250313e-16,-0.0,-0.0,0.0,0,0.0
7930,3,0.11547005383792508,-2.220446049250313e-16,-0.0,-0.0,0.0,0,0.0
4184,3,0.11547005383792508,-2.220446049250313e-16,-0.0,-0.0,0.0,0,0.0
4194,3,0.11547005383792508,-2.220446049250313e-16,-0.0,-0.0,0.0,0,0.0
798,3,0.11547005383792508,-2.220446049250313e-16,-0.0,-0.0,0.0,0,0.0
799,3,0.11547005383792508,-2.220446049250313e-16,-0.0,-0.0,0.0,0,0.0
7872,3,0.11547005383792508,-2.220446049250313e-16,-0.0,-0.0,0.0,0,0.0
7887,3,0.11547005383792508,-2.220446049250313e-16,-0.0,-0.0,0.0,0,0.0
2234,3,0.11547005383792508,-2.220446049250313e-16,-0.0,-0.0,0.0,0,0.0
788,3,0.11547005383792508,-2.220446049250313e-16,-0.0,-0.0,0.0,0,0.0
795,3,0.11547005383792508,-2.220446049250313e-16,-0.0,-0.0,0.0,0,0.0
5179,3,0.11547005383792508,-2.220446049250313e-16,-0.0,-0.0,0.0,0,0.0
5183,3,0.11547005383792508,-2.220446049250313e-16,-0.0,-0.0,0.0,0,0.0
1847,3,0.11547005383792508,-2.220446049250313e-16,-0.0,-0.0,0.0,0,0.0
1852,3,0.11547005383792508,-2.220446049250313e-16,-0.0,-0.0,0.0,0,0.0
1854,3,0.11547005383792508,-2.220446049250313e-16,-0.0,-0.0,0.0,0,0.0
7097,3,0.11547005383792508,-2.220446049250313e-16,-0.0,-0.0,0.0,0,0.0
1076,3,0.11547005383792508,-2.220446049250313e-16,-0.0,-0.0,0.0,0,0.0
5209,3,0.11547005383792508,-2.220446049250313e-16,-0.0,-0.0,0.0,0,0.0
5214,3,0.11547005383792508,-2.220446049250313e-16,-0.0,-0.0,0.0,0,0.0
5222,3,0.11547005383792508,-2.220446049250313e-16,-0.0,-0.0,0.0,0,0.0
5223,3,0.11547005383792508,-2.220446049250313e-16,-0.0,-0.0,0.0,0,0.0
1117,3,0.11547005383792508,-2.220446049250313e-16,-0.0,-0.0,0.0,0,0.0
2217,3,0.11547005383792508,-2.220446049250313e-16,-0.0,-0.0,0.0,0,0.0
2224,3,0.11547005383792508,-2.220446049250313e-16,-0.0,-0.0,0.0,0,0.0
2225,3,0.11547005383792508,-2.220446049250313e-16,-0.0,-0.0,0.0,0,0.0
2226,3,0.11547005383792508,-2.220446049250313e-16,-0.0,-0.0,0.0,0,0.0
2230,3,0.11547005383792508,-2.220446049250313e-16,-0.0,-0.0,0.0,0,0.0
783,3,0.11547005383792508,-2.220446049250313e-16,-0.0,-0.0,0.0,0,0.0
4223,3,0.11547005383792508,-2.220446049250313e-16,-0.0,-0.0,0.0,0,0.0
2211,3,0.11547005383792508,-2.220446049250313e-16,-0.0,-0.0,0.0,0,0.0
774,3,0.11547005383792508,-2.220446049250313e-16,-0.0,-0.0,0.0,0,0.0
775,3,0.11547005383792508,-2.220446049250313e-16,-0.0,-0.0,0.0,0,0.0
777,3,0.11547005383792508,-2.220446049250313e-16,-0.0,-0.0,0.0,0,0.0
779,3,0.11547005383792508,-2.220446049250313e-16,-0.0,-0.0,0.0,0,0.0
7853,3,0.11547005383792508,-2.220446049250313e-16,-0.0,-0.0,0.0,0,0.0
7858,3,0.11547005383792508,-2.220446049250313e-16,-0.0,-0.0,0.0,0,0.0
7864,3,0.11547005383792508,-2.220446049250313e-16,-0.0,-0.0,0.0,0,0.0
1834,3,0.11547005383792508,-2.220446049250313e-16,-0.0,-0.0,0.0,0,0.0
1835,3,0.11547005383792508,-2.220446049250313e-16,-0.0,-0.0,0.0,0,0.0
1837,3,0.11547005383792508,-2.220446049250313e-16,-0.0,-0.0,0.0,0,0.0
7155,3,0.11547005383792508,-2.220446049250313e-16,-0.0,-0.0,0.0,0,0.0
5145,3,0.11547005383792508,-2.220446049250313e-16,-0.0,-0.0,0.0,0,0.0
5147,3,0.11547005383792508,-2.220446049250313e-16,-0.0,-0.0,0.0,0,0.0
5150,3,0.11547005383792508,-2.220446049250313e-16,-0.0,-0.0,0.0,0,0.0
7121,3,0.11547005383792508,-2.220446049250313e-16,-0.0,-0.0,0.0,0,0.0
7127,3,0.11547005383792508,-2.220446049250313e-16,-0.0,-0.0,0.0,0,0.0
7138,3,0.11547005383792508,-2.220446049250313e-16,-0.0,-0.0,0.0,0,0.0
5133,3,0.11547005383792508,-2.220446049250313e-16,-0.0,-0.0,0.0,0,0.0
5135,3,0.11547005383792508,-2.220446049250313e-16,-0.0,-0.0,0.0,0,0.0
5185,3,0.11547005383792508,-2.220446049250313e-16,-0.0,-0.0,0.0,0,0.0
7105,3,0.11547005383792508,-2.220446049250313e-16,-0.0,-0.0,0.0,0,0.0
7116,3,0.11547005383792508,-2.220446049250313e-16,-0.0,-0.0,0.0,0,0.0
7118,3,0.11547005383792508,-2.220446049250313e-16,-0.0,-0.0,0.0,0,0.0
4245,3,0.11547005383792508,-2.220446049250313e-16,-0.0,-0.0,0.0,0,0.0
4251,3,0.11547005383792508,-2.220446049250313e-16,-0.0,-0.0,0.0,0,0.0
4254,3,0.11547005383792508,-2.220446049250313e-16,-0.0,-0.0,0.0,0,0.0
7852,3,0.11547005383792508,-2.220446049250313e-16,-0.0,-0.0,0.0,0,0.0
4224,3,0.11547005383792508,-2.220446049250313e-16,-0.0,-0.0,0.0,0,0.0
4226,3,0.11547005383792508,-2.220446049250313e-16,-0.0,-0.0,0.0,0,0.0
4231,3,0.11547005383792508,-2.220446049250313e-16,-0.0,-0.0,0.0,0,0.0
4234,3,0.11547005383792508,-2.220446049250313e-16,-0.0,-0.0,0.0,0,0.0
7831,3,0.11547005383792508,-2.220446049250313e-16,-0.0,-0.0,0.0,0,0.0
7833,3,0.11547005383792508,-2.220446049250313e-16,-0.0,-0.0,0.0,0,0.0
7837,3,0.11547005383792508,-2.220446049250313e-16,-0.0,-0.0,0.0,0,0.0
2236,3,0.11547005383792508,-2.220446049250313e-16,-0.0,-0.0,0.0,0,0.0
830,3,0.11547005383792508,-2.220446049250313e-16,-0.0,-0.0,0.0,0,0.0
7821,3,0.11547005383792508,-2.220446049250313e-16,-0.0,-0.0,0.0,0,0.0
5124,3,0.11547005383792508,-2.220446049250313e-16,-0.0,-0.0,0.0,0,0.0
7193,3,0.11547005383792508,-2.220446049250313e-16,-0.0,-0.0,0.0,0,0.0
7194,3,0.11547005383792508,-2.220446049250313e-16,-0.0,-0.0,0.0,0,0.0
5098,3,0.11547005383792508,-2.220446049250313e-16,-0.0,-0.0,0.0,0,0.0
5103,3,0.11547005383792508,-2.220446049250313e-16,-0.0,-0.0,0.0,0,0.0
5110,3,0.11547005383792508,-2.220446049250313e-16,-0.0,-0.0,0.0,0,0.0
5114,3,0.11547005383792508,-2.220446049250313e-16,-0.0,-0.0,0.0,0,0.0
5115,3,0.11547005383792508,-2.220446049250313e-16,-0.0,-0.0,0.0,0,0.0
5117,3,0.11547005383792508,-2.220446049250313e-16,-0.0,-0.0,0.0,0,0.0
7178,3,0.11547005383792508,-2.220446049250313e-16,-0.0,-0.0,0.0,0,0.0
7179,3,0.11547005383792508,-2.220446049250313e-16,-0.0,-0.0,0.0,0,0.0
7156,3,0.11547005383792508,-2.220446049250313e-16,-0.0,-0.0,0.0,0,0.0
7159,3,0.11547005383792508,-2.220446049250313e-16,-0.0,-0.0,0.0,0,0.0
7162,3,0.11547005383792508,-2.220446049250313e-16,-0.0,-0.0,0.0,0,0.0
7176,3,0.11547005383792508,-2.220446049250313e-16,-0.0,-0.0,0.0,0,0.0
4272,3,0.11547005383792508,-2.220446049250313e-16,-0.0,-0.0,0.0,0,0.0
4279,3,0.11547005383792508,-2.220446049250313e-16,-0.0,-0.0,0.0,0,0.0
2178,3,0.11547005383792508,-2.220446049250313e-16,-0.0,-0.0,0.0,0,0.0
2179,3,0.11547005383792508,-2.220446049250313e-16,-0.0,-0.0,0.0,0,0.0
4301,3,0.11547005383792508,-2.220446049250313e-16,-0.0,-0.0,0.0,0,0.0
4310,3,0.11547005383792508,-2.220446049250313e-16,-0.0,-0.0,0.0,0,0.0
4311,3,0.11547005383792508,-2.220446049250313e-16,-0.0,-0.0,0.0,0,0.0
4317,3,0.11547005383792508,-2.220446049250313e-16,-0.0,-0.0,0.0,0,0.0
825,3,0.11547005383792508,-2.220446049250313e-16,-0.0,-0.0,0.0,0,0.0
826,3,0.11547005383792508,-2.220446049250313e-16,-0.0,-0.0,0.0,0,0.0
827,3,0.11547005383792508,-2.220446049250313e-16,-0.0,-0.0,0.0,0,0.0
811,3,0.11547005383792508,-2.220446049250313e-16,-0.0,-0.0,0.0,0,0.0
816,3,0.11547005383792508,-2.220446049250313e-16,-0.0,-0.0,0.0,0,0.0
819,3,0.11547005383792508,-2.220446049250313e-16,-0.0,-0.0,0.0,0,0.0
7797,3,0.11547005383792508,-2.220446049250313e-16,-0.0,-0.0,0.0,0,0.0
7803,3,0.11547005383792508,-2.220446049250313e-16,-0.0,-0.0,0.0,0,0.0
802,3,0.11547005383792508,-2.220446049250313e-16,-0.0,-0.0,0.0,0,0.0
803,3,0.11547005383792508,-2.220446049250313e-16,-0.0,-0.0,0.0,0,0.0
7777,3,0.11547005383792508,-2.220446049250313e-16,-0.0,-0.0,0.0,0,0.0
7779,3,0.11547005383792508,-2.220446049250313e-16,-0.0,-0.0,0.0,0,0.0
7782,3,0.11547005383792508,-2.220446049250313e-16,-0.0,-0.0,0.0,0,0.0
4362,3,0.11547005383792508,-2.220446049250313e-16,-0.0,-0.0,0.0,0,0.0
7764,3,0.11547005383792508,-2.220446049250313e-16,-0.0,-0.0,0.0,0,0.0
5038,3,0.11547005383792508,-2.220446049250313e-16,-0.0,-0.0,0.0,0,0.0
5041,3,0.11547005383792508,-2.220446049250313e-16,-0.0,-0.0,0.0,0,0.0
5048,3,0.11547005383792508,-2.220446049250313e-16,-0.0,-0.0,0.0,0,0.0
5055,3,0.11547005383792508,-2.220446049250313e-16,-0.0,-0.0,0.0,0,0.0
5075,3,0.11547005383792508,-2.220446049250313e-16,-0.0,-0.0,0.0,0,0.0
5078,3,0.11547005383792508,-2.220446049250313e-16,-0.0,-0.0,0.0,0,0.0
5079,3,0.11547005383792508,-2.220446049250313e-16,-0.0,-0.0,0.0,0,0.0
5080,3,0.11547005383792508,-2.220446049250313e-16,-0.0,-0.0,0.0,0,0.0
5083,3,0.11547005383792508,-2.220446049250313e-16,-0.0,-0.0,0.0,0,0.0
5028,3,0.11547005383792508,-2.220446049250313e-16,-0.0,-0.0,0.0,0,0.0
1051,3,0.11547005383792508,-2.220446049250313e-16,-0.0,-0.0,0.0,0,0.0
1876,3,0.11547005383792508,-2.220446049250313e-16,-0.0,-0.0,0.0,0,0.0
1029,3,0.11547005383792508,-2.220446049250313e-16,-0.0,-0.0,0.0,0,0.0
4339,3,0.11547005383792508,-2.220446049250313e-16,-0.0,-0.0,0.0,0,0.0
4350,3,0.11547005383792508,-2.220446049250313e-16,-0.0,-0.0,0.0,0,0.0
4351,3,0.11547005383792508,-2.220446049250313e-16,-0.0,-0.0,0.0,0,0.0
4353,3,0.11547005383792508,-2.220446049250313e-16,-0.0,-0.0,0.0,0,0.0
4359,3,0.11547005383792508,-2.220446049250313e-16,-0.0,-0.0,0.0,0,0.0
4380,3,0.11547005383792508,-2.220446049250313e-16,-0.0,-0.0,0.0,0,0.0
4393,3,0.11547005383792508,-2.220446049250313e-16,-0.0,-0.0,0.0,0,0.0
4397,3,0.11547005383792508,-2.220446049250313e-16,-0.0,-0.0,0.0,0,0.0
7733,3,0.11547005383792508,-2.220446049250313e-16,-0.0,-0.0,0.0,0,0.0
7746,3,0.11547005383792508,-2.220446049250313e-16,-0.0,-0.0,0.0,0,0.0
7749,3,0.11547005383792508,-2.220446049250313e-16,-0.0,-0.0,0.0,0,0.0
4374,3,0.11547005383792508,-2.220446049250313e-16,-0.0,-0.0,0.0,0,0.0
4378,3,0.11547005383792508,-2.220446049250313e-16,-0.0,-0.0,0.0,0,0.0
2168,3,0.11547005383792508,-2.220446049250313e-16,-0.0,-0.0,0.0,0,0.0
2169,3,0.11547005383792508,-2.220446049250313e-16,-0.0,-0.0,0.0,0,0.0
7719,3,0.11547005383792508,-2.220446049250313e-16,-0.0,-0.0,0.0,0,0.0
7276,3,0.11547005383792508,-2.220446049250313e-16,-0.0,-0.0,0.0,0,0.0
7279,3,0.11547005383792508,-2.220446049250313e-16,-0.0,-0.0,0.0,0,0.0
7280,3,0.11547005383792508,-2.220446049250313e-16,-0.0,-0.0,0.0,0,0.0
7281,3,0.11547005383792508,-2.220446049250313e-16,-0.0,-0.0,0.0,0,0.0
7282,3,0.11547005383792508,-2.220446049250313e-16,-0.0,-0.0,0.0,0,0.0
7252,3,0.11547005383792508,-2.220446049250313e-16,-0.0,-0.0,0.0,0,0.0
7260,3,0.11547005383792508,-2.220446049250313e-16,-0.0,-0.0,0.0,0,0.0
7227,3,0.11547005383792508,-2.220446049250313e-16,-0.0,-0.0,0.0,0,0.0
7233,3,0.11547005383792508,-2.220446049250313e-16,-0.0,-0.0,0.0,0,0.0
7234,3,0.11547005383792508,-2.220446049250313e-16,-0.0,-0.0,0.0,0,0.0
1866,3,0.11547005383792508,-2.220446049250313e-16,-0.0,-0.0,0.0,0,0.0
7204,3,0.11547005383792508,-2.220446049250313e-16,-0.0,-0.0,0.0,0,0.0
7206,3,0.11547005383792508,-2.220446049250313e-16,-0.0,-0.0,0.0,0,0.0
7212,3,0.11547005383792508,-2.220446049250313e-16,-0.0,-0.0,0.0,0,0.0
7214,3,0.11547005383792508,-2.220446049250313e-16,-0.0,-0.0,0.0,0,0.0
4412,3,0.11547005383792508,-2.220446049250313e-16,-0.0,-0.0,0.0,0,0.0
4413,3,0.11547005383792508,-2.220446049250313e-16,-0.0,-0.0,0.0,0,0.0
4415,3,0.11547005383792508,-2.220446049250313e-16,-0.0,-0.0,0.0,0,0.0
2144,3,0.11547005383792508,-2.220446049250313e-16,-0.0,-0.0,0.0,0,0.0
2145,3,0.11547005383792508,-2.220446049250313e-16,-0.0,-0.0,0.0,0,0.0
2175,3,0.11547005383792508,-2.220446049250313e-16,-0.0,-0.0,0.0,0,0.0
4429,3,0.11547005383792508,-2.220446049250313e-16,-0.0,-0.0,0.0,0,0.0
4451,3,0.11547005383792508,-2.220446049250313e-16,-0.0,-0.0,0.0,0,0.0
4453,3,0.11547005383792508,-2.220446049250313e-16,-0.0,-0.0,0.0,0,0.0
4456,3,0.11547005383792508,-2.220446049250313e-16,-0.0,-0.0,0.0,0,0.0
7702,3,0.11547005383792508,-2.220446049250313e-16,-0.0,-0.0,0.0,0,0.0
7704,3,0.11547005383792508,-2.220446049250313e-16,-0.0,-0.0,0.0,0,0.0
7706,3,0.11547005383792508,-2.220446049250313e-16,-0.0,-0.0,0.0,0,0.0
2171,3,0.11547005383792508,-2.220446049250313e-16,-0.0,-0.0,0.0,0,0.0
857,3,0.11547005383792508,-2.220446049250313e-16,-0.0,-0.0,0.0,0,0.0
7682,3,0.11547005383792508,-2.220446049250313e-16,-0.0,-0.0,0.0,0,0.0
7695,3,0.11547005383792508,-2.220446049250313e-16,-0.0,-0.0,0.0,0,0.0
992,3,0.11547005383792508,-2.220446049250313e-16,-0.0,-0.0,0.0,0,0.0
995,3,0.11547005383792508,-2.220446049250313e-16,-0.0,-0.0,0.0,0,0.0
999,3,0.11547005383792508,-2.220446049250313e-16,-0.0,-0.0,0.0,0,0.0
1000,3,0.11547005383792508,-2.220446049250313e-16,-0.0,-0.0,0.0,0,0.0
5021,3,0.11547005383792508,-2.220446049250313e-16,-0.0,-0.0,0.0,0,0.0
7286,3,0.11547005383792508,-2.220446049250313e-16,-0.0,-0.0,0.0,0,0.0
7291,3,0.11547005383792508,-2.220446049250313e-16,-0.0,-0.0,0.0,0,0.0
5006,3,0.11547005383792508,-2.220446049250313e-16,-0.0,-0.0,0.0,0,0.0
5010,3,0.11547005383792508,-2.220446049250313e-16,-0.0,-0.0,0.0,0,0.0
5013,3,0.11547005383792508,-2.220446049250313e-16,-0.0,-0.0,0.0,0,0.0
7285,3,0.11547005383792508,-2.220446049250313e-16,-0.0,-0.0,0.0,0,0.0
1912,3,0.11547005383792508,-2.220446049250313e-16,-0.0,-0.0,0.0,0,0.0
4469,3,0.11547005383792508,-2.220446049250313e-16,-0.0,-0.0,0.0,0,0.0
4473,3,0.11547005383792508,-2.220446049250313e-16,-0.0,-0.0,0.0,0,0.0
4477,3,0.11547005383792508,-2.220446049250313e-16,-0.0,-0.0,0.0,0,0.0
4486,3,0.11547005383792508,-2.220446049250313e-16,-0.0,-0.0,0.0,0,0.0
4491,3,0.11547005383792508,-2.220446049250313e-16,-0.0,-0.0,0.0,0,0.0
4530,3,0.11547005383792508,-2.220446049250313e-16,-0.0,-0.0,0.0,0,0.0
4532,3,0.11547005383792508,-2.220446049250313e-16,-0.0,-0.0,0.0,0,0.0
4458,3,0.11547005383792508,-2.220446049250313e-16,-0.0,-0.0,0.0,0,0.0
4463,3,0.11547005383792508,-2.220446049250313e-16,-0.0,-0.0,0.0,0,0.0
4467,3,0.11547005383792508,-2.220446049250313e-16,-0.0,-0.0,0.0,0,0.0
854,3,0.11547005383792508,-2.220446049250313e-16,-0.0,-0.0,0.0,0,0.0
4502,3,0.11547005383792508,-2.220446049250313e-16,-0.0,-0.0,0.0,0,0.0
4505,3,0.11547005383792508,-2.220446049250313e-16,-0.0,-0.0,0.0,0,0.0
4508,3,0.11547005383792508,-2.220446049250313e-16,-0.0,-0.0,0.0,0,0.0
7673,3,0.11547005383792508,-2.220446049250313e-16,-0.0,-0.0,0.0,0,0.0
833,3,0.11547005383792508,-2.220446049250313e-16,-0.0,-0.0,0.0,0,0.0
4929,3,0.11547005383792508,-2.220446049250313e-16,-0.0,-0.0,0.0,0,0.0
4930,3,0.11547005383792508,-2.220446049250313e-16,-0.0,-0.0,0.0,0,0.0
4932,3,0.11547005383792508,-2.220446049250313e-16,-0.0,-0.0,0.0,0,0.0
1897,3,0.11547005383792508,-2.220446049250313e-16,-0.0,-0.0,0.0,0,0.0
1936,3,0.11547005383792508,-2.220446049250313e-16,-0.0,-0.0,0.0,0,0.0
4969,3,0.11547005383792508,-2.220446049250313e-16,-0.0,-0.0,0.0,0,0.0
4972,3,0.11547005383792508,-2.220446049250313e-16,-0.0,-0.0,0.0,0,0.0
4989,3,0.11547005383792508,-2.220446049250313e-16,-0.0,-0.0,0.0,0,0.0
1003,3,0.11547005383792508,-2.220446049250313e-16,-0.0,-0.0,0.0,0,0.0
1011,3,0.11547005383792508,-2.220446049250313e-16,-0.0,-0.0,0.0,0,0.0
1015,3,0.11547005383792508,-2.220446049250313e-16,-0.0,-0.0,0.0,0,0.0
2125,3,0.11547005383792508,-2.220446049250313e-16,-0.0,-0.0,0.0,0,0.0
2128,3,0.11547005383792508,-2.220446049250313e-16,-0.0,-0.0,0.0,0,0.0
2131,3,0.11547005383792508,-2.220446049250313e-16,-0.0,-0.0,0.0,0,0.0
2135,3,0.11547005383792508,-2.220446049250313e-16,-0.0,-0.0,0.0,0,0.0
2139,3,0.11547005383792508,-2.220446049250313e-16,-0.0,-0.0,0.0,0,0.0
7662,3,0.11547005383792508,-2.220446049250313e-16,-0.0,-0.0,0.0,0,0.0
2100,3,0.11547005383792508,-2.220446049250313e-16,-0.0,-0.0,0.0,0,0.0
2116,3,0.11547005383792508,-2.220446049250313e-16,-0.0,-0.0,0.0,0,0.0
2084,3,0.11547005383792508,-2.220446049250313e-16,-0.0,-0.0,0.0,0,0.0
2087,3,0.11547005383792508,-2.220446049250313e-16,-0.0,-0.0,0.0,0,0.0
2093,3,0.11547005383792508,-2.220446049250313e-16,-0.0,-0.0,0.0,0,0.0
7656,3,0.11547005383792508,-2.220446049250313e-16,-0.0,-0.0,0.0,0,0.0
2143,3,0.11547005383792508,-2.220446049250313e-16,-0.0,-0.0,0.0,0,0.0
7624,3,0.11547005383792508,-2.220446049250313e-16,-0.0,-0.0,0.0,0,0.0
7625,3,0.11547005383792508,-2.220446049250313e-16,-0.0,-0.0,0.0,0,0.0
7627,3,0.11547005383792508,-2.220446049250313e-16,-0.0,-0.0,0.0,0,0.0
7636,3,0.11547005383792508,-2.220446049250313e-16,-0.0,-0.0,0.0,0,0.0
7637,3,0.11547005383792508,-2.220446049250313e-16,-0.0,-0.0,0.0,0,0.0
2059,3,0.11547005383792508,-2.220446049250313e-16,-0.0,-0.0,0.0,0,0.0
2066,3,0.11547005383792508,-2.220446049250313e-16,-0.0,-0.0,0.0,0,0.0
7618,3,0.11547005383792508,-2.220446049250313e-16,-0.0,-0.0,0.0,0,0.0
7619,3,0.11547005383792508,-2.220446049250313e-16,-0.0,-0.0,0.0,0,0.0
877,3,0.11547005383792508,-2.220446049250313e-16,-0.0,-0.0,0.0,0,0.0
887,3,0.11547005383792508,-2.220446049250313e-16,-0.0,-0.0,0.0,0,0.0
2102,3,0.11547005383792508,-2.220446049250313e-16,-0.0,-0.0,0.0,0,0.0
7600,3,0.11547005383792508,-2.220446049250313e-16,-0.0,-0.0,0.0,0,0.0
7608,3,0.11547005383792508,-2.220446049250313e-16,-0.0,-0.0,0.0,0,0.0
868,3,0.11547005383792508,-2.220446049250313e-16,-0.0,-0.0,0.0,0,0.0
876,3,0.11547005383792508,-2.220446049250313e-16,-0.0,-0.0,0.0,0,0.0
4917,3,0.11547005383792508,-2.220446049250313e-16,-0.0,-0.0,0.0,0,0.0
1920,3,0.11547005383792508,-2.220446049250313e-16,-0.0,-0.0,0.0,0,0.0
1921,3,0.11547005383792508,-2.220446049250313e-16,-0.0,-0.0,0.0,0,0.0
7331,3,0.11547005383792508,-2.220446049250313e-16,-0.0,-0.0,0.0,0,0.0
4906,3,0.11547005383792508,-2.220446049250313e-16,-0.0,-0.0,0.0,0,0.0
4907,3,0.11547005383792508,-2.220446049250313e-16,-0.0,-0.0,0.0,0,0.0
4909,3,0.11547005383792508,-2.220446049250313e-16,-0.0,-0.0,0.0,0,0.0
4913,3,0.11547005383792508,-2.220446049250313e-16,-0.0,-0.0,0.0,0,0.0
4914,3,0.11547005383792508,-2.220446049250313e-16,-0.0,-0.0,0.0,0,0.0
7301,3,0.11547005383792508,-2.220446049250313e-16,-0.0,-0.0,0.0,0,0.0
7302,3,0.11547005383792508,-2.220446049250313e-16,-0.0,-0.0,0.0,0,0.0
7304,3,0.11547005383792508,-2.220446049250313e-16,-0.0,-0.0,0.0,0,0.0
7308,3,0.11547005383792508,-2.220446049250313e-16,-0.0,-0.0,0.0,0,0.0
7312,3,0.11547005383792508,-2.220446049250313e-16,-0.0,-0.0,0.0,0,0.0
7322,3,0.11547005383792508,-2.220446049250313e-16,-0.0,-0.0,0.0,0,0.0
4933,3,0.11547005383792508,-2.220446049250313e-16,-0.0,-0.0,0.0,0,0.0
4952,3,0.11547005383792508,-2.220446049250313e-16,-0.0,-0.0,0.0,0,0.0
4621,3,0.11547005383792508,-2.220446049250313e-16,-0.0,-0.0,0.0,0,0.0
4622,3,0.11547005383792508,-2.220446049250313e-16,-0.0,-0.0,0.0,0,0.0
4623,3,0.11547005383792508,-2.220446049250313e-16,-0.0,-0.0,0.0,0,0.0
4637,3,0.11547005383792508,-2.220446049250313e-16,-0.0,-0.0,0.0,0,0.0
4673,3,0.11547005383792508,-2.220446049250313e-16,-0.0,-0.0,0.0,0,0.0
4678,3,0.11547005383792508,-2.220446049250313e-16,-0.0,-0.0,0.0,0,0.0
4681,3,0.11547005383792508,-2.220446049250313e-16,-0.0,-0.0,0.0,0,0.0
4651,3,0.11547005383792508,-2.220446049250313e-16,-0.0,-0.0,0.0,0,0.0
4653,3,0.11547005383792508,-2.220446049250313e-16,-0.0,-0.0,0.0,0,0.0
4654,3,0.11547005383792508,-2.220446049250313e-16,-0.0,-0.0,0.0,0,0.0
4662,3,0.11547005383792508,-2.220446049250313e-16,-0.0,-0.0,0.0,0,0.0
4665,3,0.11547005383792508,-2.220446049250313e-16,-0.0,-0.0,0.0,0,0.0
7578,3,0.11547005383792508,-2.220446049250313e-16,-0.0,-0.0,0.0,0,0.0
7585,3,0.11547005383792508,-2.220446049250313e-16,-0.0,-0.0,0.0,0,0.0
4644,3,0.11547005383792508,-2.220446049250313e-16,-0.0,-0.0,0.0,0,0.0
4645,3,0.11547005383792508,-2.220446049250313e-16,-0.0,-0.0,0.0,0,0.0
4647,3,0.11547005383792508,-2.220446049250313e-16,-0.0,-0.0,0.0,0,0.0
4650,3,0.11547005383792508,-2.220446049250313e-16,-0.0,-0.0,0.0,0,0.0
4878,3,0.11547005383792508,-2.220446049250313e-16,-0.0,-0.0,0.0,0,0.0
4892,3,0.11547005383792508,-2.220446049250313e-16,-0.0,-0.0,0.0,0,0.0
7375,3,0.11547005383792508,-2.220446049250313e-16,-0.0,-0.0,0.0,0,0.0
1973,3,0.11547005383792508,-2.220446049250313e-16,-0.0,-0.0,0.0,0,0.0
1975,3,0.11547005383792508,-2.220446049250313e-16,-0.0,-0.0,0.0,0,0.0
4868,3,0.11547005383792508,-2.220446049250313e-16,-0.0,-0.0,0.0,0,0.0
7357,3,0.11547005383792508,-2.220446049250313e-16,-0.0,-0.0,0.0,0,0.0
7337,3,0.11547005383792508,-2.220446049250313e-16,-0.0,-0.0,0.0,0,0.0
7340,3,0.11547005383792508,-2.220446049250313e-16,-0.0,-0.0,0.0,0,0.0
7351,3,0.11547005383792508,-2.220446049250313e-16,-0.0,-0.0,0.0,0,0.0
7552,3,0.11547005383792508,-2.220446049250313e-16,-0.0,-0.0,0.0,0,0.0
7560,3,0.11547005383792508,-2.220446049250313e-16,-0.0,-0.0,0.0,0,0.0
7564,3,0.11547005383792508,-2.220446049250313e-16,-0.0,-0.0,0.0,0,0.0
7566,3,0.11547005383792508,-2.220446049250313e-16,-0.0,-0.0,0.0,0,0.0
7568,3,0.11547005383792508,-2.220446049250313e-16,-0.0,-0.0,0.0,0,0.0
2024,3,0.11547005383792508,-2.220446049250313e-16,-0.0,-0.0,0.0,0,0.0
2037,3,0.11547005383792508,-2.220446049250313e-16,-0.0,-0.0,0.0,0,0.0
913,3,0.11547005383792508,-2.220446049250313e-16,-0.0,-0.0,0.0,0,0.0
4689,3,0.11547005383792508,-2.220446049250313e-16,-0.0,-0.0,0.0,0,0.0
4699,3,0.11547005383792508,-2.220446049250313e-16,-0.0,-0.0,0.0,0,0.0
7547,3,0.11547005383792508,-2.220446049250313e-16,-0.0,-0.0,0.0,0,0.0
991,3,0.11547005383792508,-2.220446049250313e-16,-0.0,-0.0,0.0,0,0.0
4860,3,0.11547005383792508,-2.220446049250313e-16,-0.0,-0.0,0.0,0,0.0
4862,3,0.11547005383792508,-2.220446049250313e-16,-0.0,-0.0,0.0,0,0.0
1953,3,0.11547005383792508,-2.220446049250313e-16,-0.0,-0.0,0.0,0,0.0
1959,3,0.11547005383792508,-2.220446049250313e-16,-0.0,-0.0,0.0,0,0.0
969,3,0.11547005383792508,-2.220446049250313e-16,-0.0,-0.0,0.0,0,0.0
978,3,0.11547005383792508,-2.220446049250313e-16,-0.0,-0.0,0.0,0,0.0
4847,3,0.11547005383792508,-2.220446049250313e-16,-0.0,-0.0,0.0,0,0.0
4849,3,0.11547005383792508,-2.220446049250313e-16,-0.0,-0.0,0.0,0,0.0
4897,3,0.11547005383792508,-2.220446049250313e-16,-0.0,-0.0,0.0,0,0.0
7390,3,0.11547005383792508,-2.220446049250313e-16,-0.0,-0.0,0.0,0,0.0
7539,3,0.11547005383792508,-2.220446049250313e-16,-0.0,-0.0,0.0,0,0.0
7544,3,0.11547005383792508,-2.220446049250313e-16,-0.0,-0.0,0.0,0,0.0
7545,3,0.11547005383792508,-2.220446049250313e-16,-0.0,-0.0,0.0,0,0.0
4710,3,0.11547005383792508,-2.220446049250313e-16,-0.0,-0.0,0.0,0,0.0
4716,3,0.11547005383792508,-2.220446049250313e-16,-0.0,-0.0,0.0,0,0.0
4717,3,0.11547005383792508,-2.220446049250313e-16,-0.0,-0.0,0.0,0,0.0
4733,3,0.11547005383792508,-2.220446049250313e-16,-0.0,-0.0,0.0,0,0.0
4734,3,0.11547005383792508,-2.220446049250313e-16,-0.0,-0.0,0.0,0,0.0
4742,3,0.11547005383792508,-2.220446049250313e-16,-0.0,-0.0,0.0,0,0.0
7525,3,0.11547005383792508,-2.220446049250313e-16,-0.0,-0.0,0.0,0,0.0
7531,3,0.11547005383792508,-2.220446049250313e-16,-0.0,-0.0,0.0,0,0.0
2042,3,0.11547005383792508,-2.220446049250313e-16,-0.0,-0.0,0.0,0,0.0
2043,3,0.11547005383792508,-2.220446049250313e-16,-0.0,-0.0,0.0,0,0.0
7508,3,0.11547005383792508,-2.220446049250313e-16,-0.0,-0.0,0.0,0,0.0
7513,3,0.11547005383792508,-2.220446049250313e-16,-0.0,-0.0,0.0,0,0.0
7515,3,0.11547005383792508,-2.220446049250313e-16,-0.0,-0.0,0.0,0,0.0
7521,3,0.11547005383792508,-2.220446049250313e-16,-0.0,-0.0,0.0,0,0.0
7523,3,0.11547005383792508,-2.220446049250313e-16,-0.0,-0.0,0.0,0,0.0
4833,3,0.11547005383792508,-2.220446049250313e-16,-0.0,-0.0,0.0,0,0.0
4836,3,0.11547005383792508,-2.220446049250313e-16,-0.0,-0.0,0.0,0,0.0
4837,3,0.11547005383792508,-2.220446049250313e-16,-0.0,-0.0,0.0,0,0.0
4838,3,0.11547005383792508,-2.220446049250313e-16,-0.0,-0.0,0.0,0,0.0
7433,3,0.11547005383792508,-2.220446049250313e-16,-0.0,-0.0,0.0,0,0.0
7444,3,0.11547005383792508,-2.220446049250313e-16,-0.0,-0.0,0.0,0,0.0
4829,3,0.11547005383792508,-2.220446049250313e-16,-0.0,-0.0,0.0,0,0.0
4830,3,0.11547005383792508,-2.220446049250313e-16,-0.0,-0.0,0.0,0,0.0
7415,3,0.11547005383792508,-2.220446049250313e-16,-0.0,-0.0,0.0,0,0.0
7416,3,0.11547005383792508,-2.220446049250313e-16,-0.0,-0.0,0.0,0,0.0
4800,3,0.11547005383792508,-2.220446049250313e-16,-0.0,-0.0,0.0,0,0.0
4803,3,0.11547005383792508,-2.220446049250313e-16,-0.0,-0.0,0.0,0,0.0
7399,3,0.11547005383792508,-2.220446049250313e-16,-0.0,-0.0,0.0,0,0.0
7401,3,0.11547005383792508,-2.220446049250313e-16,-0.0,-0.0,0.0,0,0.0
7402,3,0.11547005383792508,-2.220446049250313e-16,-0.0,-0.0,0.0,0,0.0
7406,3,0.11547005383792508,-2.220446049250313e-16,-0.0,-0.0,0.0,0,0.0
7499,3,0.11547005383792508,-2.220446049250313e-16,-0.0,-0.0,0.0,0,0.0
7501,3,0.11547005383792508,-2.220446049250313e-16,-0.0,-0.0,0.0,0,0.0
7503,3,0.11547005383792508,-2.220446049250313e-16,-0.0,-0.0,0.0,0,0.0
4776,3,0.11547005383792508,-2.220446049250313e-16,-0.0,-0.0,0.0,0,0.0
4786,3,0.11547005383792508,-2.220446049250313e-16,-0.0,-0.0,0.0,0,0.0
4789,3,0.11547005383792508,-2.220446049250313e-16,-0.0,-0.0,0.0,0,0.0
4762,3,0.11547005383792508,-2.220446049250313e-16,-0.0,-0.0,0.0,0,0.0
4772,3,0.11547005383792508,-2.220446049250313e-16,-0.0,-0.0,0.0,0,0.0
4774,3,0.11547005383792508,-2.220446049250313e-16,-0.0,-0.0,0.0,0,0.0
7462,3,0.11547005383792508,-2.220446049250313e-16,-0.0,-0.0,0.0,0,0.0
7465,3,0.11547005383792508,-2.220446049250313e-16,-0.0,-0.0,0.0,0,0.0
7468,3,0.11547005383792508,-2.220446049250313e-16,-0.0,-0.0,0.0,0,0.0
7481,3,0.11547005383792508,-2.220446049250313e-16,-0.0,-0.0,0.0,0,0.0
4756,3,0.11547005383792508,-2.220446049250313e-16,-0.0,-0.0,0.0,0,0.0
949,3,0.11547005383792508,-2.220446049250313e-16,-0.0,-0.0,0.0,0,0.0
951,3,0.11547005383792508,-2.220446049250313e-16,-0.0,-0.0,0.0,0,0.0
953,3,0.11547005383792508,-2.220446049250313e-16,-0.0,-0.0,0.0,0,0.0
2004,3,0.11547005383792508,-2.220446049250313e-16,-0.0,-0.0,0.0,0,0.0
4798,3,0.11547005383792508,-2.220446049250313e-16,-0.0,-0.0,0.0,0,0.0
1984,3,0.11547005383792508,-2.220446049250313e-16,-0.0,-0.0,0.0,0,0.0
1991,3,0.11547005383792508,-2.220446049250313e-16,-0.0,-0.0,0.0,0,0.0
1997,3,0.11547005383792508,-2.220446049250313e-16,-0.0,-0.0,0.0,0,0.0
7445,3,0.11547005383792508,-2.220446049250313e-16,-0.0,-0.0,0.0,0,0.0
7453,3,0.11547005383792508,-2.220446049250313e-16,-0.0,-0.0,0.0,0,0.0
929,3,0.11547005383792508,-2.220446049250313e-16,-0.0,-0.0,0.0,0,0.0
931,3,0.11547005383792508,-2.220446049250313e-16,-0.0,-0.0,0.0,0,0.0
4792,3,0.11547005383792508,-2.220446049250313e-16,-0.0,-0.0,0.0,0,0.0
4796,3,0.11547005383792508,-2.220446049250313e-16,-0.0,-0.0,0.0,0,0.0
2748,3,0.11547005383792508,-2.220446049250313e-16,-0.0,-0.0,0.0,0,0.0
2749,3,0.11547005383792508,-2.220446049250313e-16,-0.0,-0.0,0.0,0,0.0
2691,3,0.11547005383792508,-2.220446049250313e-16,-0.0,-0.0,0.0,0,0.0
2692,3,0.11547005383792508,-2.220446049250313e-16,-0.0,-0.0,0.0,0,0.0
2693,3,0.11547005383792508,-2.220446049250313e-16,-0.0,-0.0,0.0,0,0.0
2700,3,0.11547005383792508,-2.220446049250313e-16,-0.0,-0.0,0.0,0,0.0
2729,3,0.11547005383792508,-2.220446049250313e-16,-0.0,-0.0,0.0,0,0.0
2732,3,0.11547005383792508,-2.220446049250313e-16,-0.0,-0.0,0.0,0,0.0
2743,3,0.11547005383792508,-2.220446049250313e-16,-0.0,-0.0,0.0,0,0.0
2716,3,0.11547005383792508,-2.220446049250313e-16,-0.0,-0.0,0.0,0,0.0
2753,3,0.11547005383792508,-2.220446049250313e-16,-0.0,-0.0,0.0,0,0.0
9346,3,0.11547005383792508,-2.220446049250313e-16,-0.0,-0.0,0.0,0,0.0
9353,3,0.11547005383792508,-2.220446049250313e-16,-0.0,-0.0,0.0,0,0.0
9354,3,0.11547005383792508,-2.220446049250313e-16,-0.0,-0.0,0.0,0,0.0
6273,3,0.11547005383792508,-2.220446049250313e-16,-0.0,-0.0,0.0,0,0.0
6275,3,0.11547005383792508,-2.220446049250313e-16,-0.0,-0.0,0.0,0,0.0
6281,3,0.11547005383792508,-2.220446049250313e-16,-0.0,-0.0,0.0,0,0.0
6305,3,0.11547005383792508,-2.220446049250313e-16,-0.0,-0.0,0.0,0,0.0
6256,3,0.11547005383792508,-2.220446049250313e-16,-0.0,-0.0,0.0,0,0.0
6258,3,0.11547005383792508,-2.220446049250313e-16,-0.0,-0.0,0.0,0,0.0
6271,3,0.11547005383792508,-2.220446049250313e-16,-0.0,-0.0,0.0,0,0.0
1417,3,0.11547005383792508,-2.220446049250313e-16,-0.0,-0.0,0.0,0,0.0
1418,3,0.11547005383792508,-2.220446049250313e-16,-0.0,-0.0,0.0,0,0.0
1419,3,0.11547005383792508,-2.220446049250313e-16,-0.0,-0.0,0.0,0,0.0
1421,3,0.11547005383792508,-2.220446049250313e-16,-0.0,-0.0,0.0,0,0.0
1432,3,0.11547005383792508,-2.220446049250313e-16,-0.0,-0.0,0.0,0,0.0
1434,3,0.11547005383792508,-2.220446049250313e-16,-0.0,-0.0,0.0,0,0.0
59,3,0.11547005383792508,-2.220446049250313e-16,-0.0,-0.0,0.0,0,0.0
9381,3,0.11547005383792508,-2.220446049250313e-16,-0.0,-0.0,0.0,0,0.0
6295,3,0.11547005383792508,-2.220446049250313e-16,-0.0,-0.0,0.0,0,0.0
6298,3,0.11547005383792508,-2.220446049250313e-16,-0.0,-0.0,0.0,0,0.0
1408,3,0.11547005383792508,-2.220446049250313e-16,-0.0,-0.0,0.0,0,0.0
1409,3,0.11547005383792508,-2.220446049250313e-16,-0.0,-0.0,0.0,0,0.0
3872,13,0.11499311381168507,0.001828157235299832,-0.0,0.39124356362925566,1.0,0,0.0
53,13,0.11466929876032078,0.0008925188495519931,-0.0,0.39124356362925566,8.0,0,0.0
4616,13,0.1146621022008237,0.0008765264951140495,-0.0,0.39124356362925566,8.0,0,0.0
5520,27,0.11461867483563512,0.0012985580394614393,0.5032583347756457,-0.0,4.0,0,0.0
4461,13,0.11453183564194191,0.000833958833401427,-0.0,0.39124356362925566,0.0,0,0.0
4357,13,0.11448800059392394,0.0007056834180528826,-0.0,0.39124356362925566,1.0,0,0.0
3797,291,0.11157009845189686,0.0059673674359427276,0.2133436347370592,0.43374538691820375,7.0,291,1.0
3802,261,0.11016078168815711,0.007610191363911167,0.15650988961977486,0.4718825602075725,7.0299999713897705,261,1.0
3717,4,0.10000000000000006,1.1102230246251565e-16,-0.0,-0.0,0.0,4,1.0
3602,4,0.09999999999999991,-2.220446049250313e-16,-0.0,-0.0,0.0,4,1.0
3694,4,0.09999999999999991,-2.220446049250313e-16,-0.0,-0.0,0.0,4,1.0
3516,253,0.09366032733971708,0.009067280578480164,-0.0,0.512711429096839,7.1600000858306885,253,1.0
3518,225,0.09153702218542485,0.007726048169784727,-0.0,0.4974990916244589,7.351447105407715,225,1.0
3605,5,0.0894852344231351,1.8859032818729915e-06,-0.0,-0.0,3.0,5,1.0
3449,278,0.08641858962414796,0.006547325930871262,-0.0,0.4758657856996822,7.0,278,1.0
3464,254,0.08576708482035704,0.0053226341531876775,-0.0,0.47150374084291463,7.0,254,1.0
3788,260,0.08546196318619481,0.005096416757734978,0.06507307495461,0.40604612480586333,7.0,260,1.0
3460,253,0.08466129618140608,0.006692319740870589,-0.0,0.459842770554261,7.1600000858306885,253,1.0
3575,240,0.08415814188197644,0.007235929054127843,0.0389440659943564,0.4136879813259012,7.0,239,0.9958333333333333
3486,236,0.08393968796883883,0.004907322994610608,-0.0,0.45736852867041383,7.7200000286102295,236,1.0
7644,6,0.0835859644730753,0.0042720388698084255,-0.0,-0.0,1.0,0,0.0
3643,250,0.08336147389767136,0.005185329459638455,0.037622360322278434,0.4175892581973104,7.0,250,1.0
3750,235,0.08328618107263387,0.005453154498398782,-0.0,0.45125651910042236,7.0,235,1.0
3447,301,0.08322242571880223,0.031023990310523608,-0.0,0.38424399668506465,7.0,301,1.0
8286,402,0.08307087719759093,0.0034945872378868703,-0.0,0.47617331571495536,7.0,402,1.0
3536,242,0.08300025801687783,0.005238747834579227,-0.0,0.4512496378223549,7.119999885559082,242,1.0
6542,6,0.08272912299136986,0.0023679466882408073,-0.0,-0.0,1.0,0,0.0
8597,6,0.08261749705629833,0.0019655680670941367,-0.0,-0.0,6.0,0,0.0
3577,269,0.08252096259505375,0.006095948243881932,0.03535863377341594,0.4144586891996398,7.990000009536743,268,0.9962825278810409
8565,6,0.08245883354245537,0.001767303468430792,-0.0,-0.0,1.0,0,0.0
6359,6,0.0823899296418462,0.001614183689299331,-0.0,-0.0,1.0,0,0.0
3473,241,0.08235496271932102,0.005426628029809866,-0.0,0.44619250237288427,7.269999980926514,241,1.0
3668,229,0.08230195296262502,0.004813288462484633,-0.0,0.4454825261545528,7.0,229,1.0
8864,6,0.08221794152943959,0.001231987883951291,-0.0,-0.0,1.0,0,0.0
1656,6,0.08219556820143153,0.0011822693772667314,-0.0,-0.0,1.0,0,0.0
3584,250,0.08216833944750798,0.005491469271016958,0.037622360322278434,0.408716609095419,7.0,250,1.0
1995,6,0.08214513627006373,0.0009467416285481312,-0.0,-0.0,5.0,0,0.0
7381,6,0.08213299070081925,0.0010432082647949814,-0.0,-0.0,1.0,0,0.0
8024,6,0.08212171232297999,0.0010181452029299765,-0.0,-0.0,1.0,0,0.0
8633,6,0.0821189415443595,0.0008576669294523276,-0.0,-0.0,6.0,0,0.0
8757,6,0.08211499082817081,0.001003208547798451,-0.0,-0.0,1.0,0,0.0
9148,6,0.08209180194109003,0.0009516776876189459,-0.0,-0.0,1.0,0,0.0
3471,236,0.08208638525197214,0.004933731923678297,-0.0,0.44500061710674865,7.0,236,1.0
8663,6,0.0820841414433287,0.0009346543592604339,-0.0,-0.0,1.0,0,0.0
6709,6,0.08203214477234921,0.0008191062015282524,-0.0,-0.0,1.0,0,0.0
8476,6,0.08203170748834523,0.0007872702617662819,-0.0,-0.0,2.0,0,0.0
4292,6,0.08202484683093633,0.0008028885539440589,-0.0,-0.0,1.0,0,0.0
6727,6,0.08202209558631501,0.0007967746770077833,-0.0,-0.0,1.0,0,0.0
3495,258,0.08201665802344771,0.0050218546998022084,-0.0,0.44802559669506575,7.309999942779541,258,1.0
7640,6,0.08201148782898149,0.0007732018829332832,-0.0,-0.0,1.0,0,0.0
8819,6,0.08199521432322174,0.0007370385368005161,-0.0,-0.0,1.0,0,0.0
8458,6,0.08197423936564088,0.0006904275199541843,-0.0,-0.0,1.0,0,0.0
468,6,0.08196638556922227,0.0005803820464312937,-0.0,-0.0,4.0,0,0.0
8727,6,0.08196610771108012,0.0005797645838931942,-0.0,-0.0,4.0,0,0.0
7984,6,0.08195511827573411,0.0006479362090502372,-0.0,-0.0,1.0,0,0.0
1851,6,0.08195208095362803,0.0006411866043700698,-0.0,-0.0,1.0,0,0.0
8548,6,0.08194504845608748,0.0006255588320577266,-0.0,-0.0,1.0,0,0.0
2045,6,0.08194077490327785,0.0006160620480363255,-0.0,-0.0,1.0,0,0.0
5593,6,0.08194001315256774,0.0006143692686805258,-0.0,-0.0,1.0,0,0.0
4176,6,0.081938087100143,0.0004557681645267486,-0.0,-0.0,6.0,0,0.0
8681,6,0.08193733580076248,0.0006084195980021745,-0.0,-0.0,1.0,0,0.0
6399,6,0.08193182317368657,0.0005961693156112391,-0.0,-0.0,1.0,0,0.0
6213,6,0.0819308347863694,0.0005631087018199699,-0.0,-0.0,2.0,0,0.0
8637,6,0.08193079967059944,0.0004395738766521662,-0.0,-0.0,6.0,0,0.0
2701,6,0.08192868843221586,0.0005892032234541267,-0.0,-0.0,1.0,0,0.0
2478,6,0.08192842471832285,0.0005886171925807426,-0.0,-0.0,1.0,0,0.0
7787,6,0.08192652633994704,0.0005843985739678592,-0.0,-0.0,1.0,0,0.0
6457,6,0.08191333668972278,0.0004007672524818373,-0.0,-0.0,6.0,0,0.0
8404,6,0.08190860204265582,0.0005445668022096006,-0.0,-0.0,1.0,0,0.0
8615,6,0.08190799379240586,0.00038889414733311867,-0.0,-0.0,6.0,0,0.0
8473,6,0.08190161779832067,0.000498182061711705,-0.0,-0.0,2.0,0,0.0
1864,6,0.08189830566753721,0.000521685968612684,-0.0,-0.0,1.0,0,0.0
6984,6,0.08189049625241544,0.000504331712786521,-0.0,-0.0,1.0,0,0.0
6402,6,0.08188854239386424,0.0004999898048949625,-0.0,-0.0,1.0,0,0.0
5034,6,0.08188636246580518,0.0004951455203192623,-0.0,-0.0,1.0,0,0.0
9029,6,0.08188476604194572,0.0004915979117426916,-0.0,-0.0,1.0,0,0.0
6668,6,0.08188181299408807,0.00048503558317014583,-0.0,-0.0,1.0,0,0.0
6534,6,0.08188146901191652,0.0004842711783444864,-0.0,-0.0,1.0,0,0.0
6898,6,0.08188111614143284,0.00048348702171407965,-0.0,-0.0,1.0,0,0.0
5783,6,0.08188093532722954,0.00029790002718821373,-0.0,-0.0,7.0,0,0.0
6936,6,0.08187965045316314,0.00048022993667029557,-0.0,-0.0,1.0,0,0.0
5698,6,0.08187640767434742,0.0002878385763390723,-0.0,-0.0,7.0,0,0.0
7170,6,0.08187370318691387,0.0004670137894496884,-0.0,-0.0,1.0,0,0.0
8498,6,0.08187213735152866,0.000309213167606015,-0.0,-0.0,6.0,0,0.0
6706,6,0.08187182509370042,0.00046284024897536025,-0.0,-0.0,1.0,0,0.0
9412,6,0.08186931738878629,0.00045726757138842,-0.0,-0.0,1.0,0,0.0
7718,6,0.08186912520453918,0.00045684049528371684,-0.0,-0.0,1.0,0,0.0
7220,6,0.0818651077340426,0.0004479127830691043,-0.0,-0.0,1.0,0,0.0
8360,6,0.0818622431116248,0.0004106827579430927,-0.0,-0.0,2.0,0,0.0
950,6,0.08186177620392962,0.00044050938281803287,-0.0,-0.0,1.0,0,0.0
4983,6,0.08186137412264695,0.0004396158688565466,-0.0,-0.0,1.0,0,0.0
9020,6,0.08186038999983267,0.0002522437440840575,-0.0,-0.0,7.0,0,0.0
6755,6,0.0818520960022503,0.00038813362599976475,-0.0,-0.0,2.0,0,0.0
75,6,0.08185103963771348,0.0002931935566586885,-0.0,-0.0,5.0,0,0.0
2515,6,0.0818487644428804,0.0004115943582642112,-0.0,-0.0,1.0,0,0.0
8528,6,0.08184552891090141,0.00025008329954545605,-0.0,-0.0,6.0,0,0.0
7417,6,0.08184157198608376,0.00039561112093833284,-0.0,-0.0,1.0,0,0.0
9031,6,0.08184010844663483,0.00020717362586664123,-0.0,-0.0,7.0,0,0.0
6665,6,0.08183931815912754,0.00039060261659118467,-0.0,-0.0,1.0,0,0.0
8895,6,0.08183838115631475,0.00038852038811831857,-0.0,-0.0,1.0,0,0.0
6310,6,0.08183791609327912,0.00038748691470580354,-0.0,-0.0,1.0,0,0.0
8709,6,0.08183642625336468,0.00038417615934038807,-0.0,-0.0,1.0,0,0.0
6613,6,0.08183624200004842,0.00038376670752648945,-0.0,-0.0,1.0,0,0.0
324,6,0.08183503359209497,0.0003810813565188198,-0.0,-0.0,1.0,0,0.0
1018,6,0.08182851375902767,0.0003357286410605731,-0.0,-0.0,2.0,0,0.0
9070,6,0.08182738417294784,0.00033321844977207693,-0.0,-0.0,2.0,0,0.0
5681,6,0.08182541840315048,0.0002053932823211646,-0.0,-0.0,6.0,0,0.0
2968,6,0.08182208473325864,0.0003523061146603057,-0.0,-0.0,1.0,0,0.0
6323,6,0.08182197642789951,0.00035206543608445884,-0.0,-0.0,1.0,0,0.0
4876,6,0.08182180122657952,0.000166490914632611,-0.0,-0.0,7.0,0,0.0
8171,6,0.08182099408100063,0.00034988244297584625,-0.0,-0.0,1.0,0,0.0
5669,6,0.08181967033986315,0.0003160765984727698,-0.0,-0.0,2.0,0,0.0
3050,6,0.08181902527736179,0.00028377892871667143,-0.0,-0.0,3.0,0,0.0
4108,6,0.0818189023880488,0.00019091324876185922,-0.0,-0.0,6.0,0,0.0
7685,6,0.08181862142099122,0.00034460986517714787,-0.0,-0.0,1.0,0,0.0
6211,6,0.08181740383648395,0.00034190412182766305,-0.0,-0.0,1.0,0,0.0
4973,6,0.08181724336376664,0.00034154751578918674,-0.0,-0.0,1.0,0,0.0
194,6,0.0818139353420354,0.0003341963563864292,-0.0,-0.0,1.0,0,0.0
2112,6,0.08181026884019248,0.00014086338932806086,-0.0,-0.0,7.0,0,0.0
8489,6,0.08181025344367313,0.0002951501624949282,-0.0,-0.0,2.0,0,0.0
6394,6,0.08180760777736587,0.0003201351015652554,-0.0,-0.0,1.0,0,0.0
217,6,0.0818074685554105,0.0003198257194422238,-0.0,-0.0,1.0,0,0.0
1677,6,0.08180386686877178,0.0003118219713561521,-0.0,-0.0,1.0,0,0.0
2005,6,0.08180304220552319,0.00012480420117411128,-0.0,-0.0,7.0,0,0.0
7998,6,0.08180244326982986,0.00027779422062101933,-0.0,-0.0,2.0,0,0.0
3953,6,0.08180181504515283,0.00015294137565968757,-0.0,-0.0,6.0,0,0.0
6148,6,0.08180049695968904,0.00030433328450563124,-0.0,-0.0,1.0,0,0.0
6793,6,0.0817991763080159,0.00017794171288632032,-0.0,-0.0,5.0,0,0.0
8705,6,0.08179866888960434,0.00014594991888527975,-0.0,-0.0,6.0,0,0.0
5491,6,0.08179601501662727,0.00010918822584982113,-0.0,-0.0,7.0,0,0.0
5123,6,0.08179535342795272,0.0002929032139804555,-0.0,-0.0,1.0,0,0.0
7633,6,0.0817951041995467,0.00013802838542387175,-0.0,-0.0,6.0,0,0.0
5417,6,0.08179426055857297,0.0002904746153588045,-0.0,-0.0,1.0,0,0.0
6948,6,0.08179305660974065,0.00025693497597834014,-0.0,-0.0,2.0,0,0.0
698,6,0.08179290323603446,0.00010227315786581759,-0.0,-0.0,7.0,0,0.0
2509,6,0.08179277180300171,0.00010198108445969023,-0.0,-0.0,7.0,0,0.0
7653,6,0.08179063873120015,0.00028242611008588714,-0.0,-0.0,1.0,0,0.0
8343,6,0.08178987311127005,0.0002807247324634332,-0.0,-0.0,1.0,0,0.0
9244,6,0.08178880457242499,0.00027835020169664215,-0.0,-0.0,1.0,0,0.0
8140,6,0.0817862569024838,0.00024182451540755157,-0.0,-0.0,2.0,0,0.0
3944,6,0.08178536253319581,8.551604044659822e-05,-0.0,-0.0,7.0,0,0.0
2469,6,0.08178522469929148,0.0001160739404122424,-0.0,-0.0,6.0,0,0.0
6099,6,0.08178337538383029,0.0002662853381528718,-0.0,-0.0,1.0,0,0.0
2637,6,0.08178262369548737,0.0002646149196130487,-0.0,-0.0,1.0,0,0.0
8372,6,0.08178219152547535,0.00026365454180854453,-0.0,-0.0,1.0,0,0.0
5764,6,0.0817815760679726,0.00026228685846907407,-0.0,-0.0,1.0,0,0.0
3205,6,0.08178139747336309,0.0002618899815590714,-0.0,-0.0,1.0,0,0.0
7394,6,0.08178005003598363,0.0002280314787405091,-0.0,-0.0,2.0,0,0.0
844,6,0.08177973323189039,0.00013473487705184528,-0.0,-0.0,5.0,0,0.0
806,6,0.08177920199251022,7.182595003418779e-05,-0.0,-0.0,7.0,0,0.0
293,6,0.08177842821866788,0.0002552916377919212,-0.0,-0.0,1.0,0,0.0
6531,6,0.08177840932525614,0.00025524965243250985,-0.0,-0.0,1.0,0,0.0
4100,6,0.08177815640752012,0.00016209502042652257,-0.0,-0.0,4.0,0,0.0
5886,6,0.08177785643226258,0.00016142840874311393,-0.0,-0.0,4.0,0,0.0
5589,6,0.08177755642833105,0.0002533543259323201,-0.0,-0.0,1.0,0,0.0
2485,6,0.08177749519755985,0.0002532182575518682,-0.0,-0.0,1.0,0,0.0
4166,6,0.08177666034831357,6.61778518193934e-05,-0.0,-0.0,7.0,0,0.0
7642,6,0.08177662546119317,0.0002512855100703648,-0.0,-0.0,1.0,0,0.0
4500,6,0.08177661728424586,6.608215389114491e-05,-0.0,-0.0,7.0,0,0.0
6429,6,0.08177626521192116,0.0002504849561325573,-0.0,-0.0,1.0,0,0.0
8097,6,0.08177575132540901,0.0002493429861055718,-0.0,-0.0,1.0,0,0.0
796,6,0.08177361828310468,5.9417706910758206e-05,-0.0,-0.0,7.0,0,0.0
6163,6,0.08177322317447042,0.0002437248729086905,-0.0,-0.0,1.0,0,0.0
7228,6,0.0817724715382633,0.00024205457022619115,-0.0,-0.0,1.0,0,0.0
8944,6,0.08177221915162365,0.00024149371102699657,-0.0,-0.0,1.0,0,0.0
7728,6,0.0817718533135037,0.0002406807374271125,-0.0,-0.0,1.0,0,0.0
3258,6,0.08177169742036405,0.00024033430822789636,-0.0,-0.0,1.0,0,0.0
5962,6,0.08177119598455214,5.403482123844672e-05,-0.0,-0.0,7.0,0,0.0
5477,6,0.08177062707276657,5.277057282604414e-05,-0.0,-0.0,7.0,0,0.0
8135,6,0.08177027784402514,0.00020631549661054294,-0.0,-0.0,2.0,0,0.0
7550,6,0.08176992561291255,0.00023639695833566066,-0.0,-0.0,1.0,0,0.0
2594,6,0.08176785388968129,4.660794374766741e-05,-0.0,-0.0,7.0,0,0.0
6335,6,0.08176709999994183,0.00013752522580812165,-0.0,-0.0,4.0,0,0.0
828,6,0.08176702787530869,4.47723562529978e-05,-0.0,-0.0,7.0,0,0.0
7129,6,0.08176671213558856,0.00022925589761568776,-0.0,-0.0,1.0,0,0.0
5937,6,0.08176610228148701,4.271548109369139e-05,-0.0,-0.0,7.0,0,0.0
73,6,0.08176577915651742,7.286162313657751e-05,-0.0,-0.0,6.0,0,0.0
6654,6,0.08176515006065338,0.00019492042245106145,-0.0,-0.0,2.0,0,0.0
9347,6,0.0817648957386021,0.00022521945986797576,-0.0,-0.0,1.0,0,0.0
7811,6,0.08176409865013777,3.8262966984281555e-05,-0.0,-0.0,7.0,0,0.0
3999,6,0.08176408113030788,3.822403402897745e-05,-0.0,-0.0,7.0,0,0.0
3896,6,0.08176321591646811,6.716553413810278e-05,-0.0,-0.0,6.0,0,0.0
8640,6,0.0817631139476097,6.693893667497619e-05,-0.0,-0.0,6.0,0,0.0
2553,6,0.08176234969925494,6.52406069977518e-05,-0.0,-0.0,6.0,0,0.0
2585,6,0.08176230340280892,0.00021945871366091385,-0.0,-0.0,1.0,0,0.0
7561,6,0.08176149613590203,0.00012507219460855534,-0.0,-0.0,4.0,0,0.0
453,6,0.0817613000067334,6.290795694985363e-05,-0.0,-0.0,6.0,0,0.0
4487,6,0.08176126928348659,6.28396830680833e-05,-0.0,-0.0,6.0,0,0.0
1743,6,0.08176122817463088,3.188413252452893e-05,-0.0,-0.0,7.0,0,0.0
2524,6,0.08176039355323142,9.175781336523414e-05,-0.0,-0.0,5.0,0,0.0
1202,6,0.08175959027948566,0.00021342955072034542,-0.0,-0.0,1.0,0,0.0
5583,6,0.08175901696067399,5.783452126228994e-05,-0.0,-0.0,6.0,0,0.0
733,6,0.08175836602275226,0.0001181163876090574,-0.0,-0.0,4.0,0,0.0
1236,6,0.08175814346826248,8.675762454535274e-05,-0.0,-0.0,5.0,0,0.0
7102,6,0.08175592995713724,0.00020529550105718997,-0.0,-0.0,1.0,0,0.0
6600,6,0.0817559255738441,0.00011269316781314931,-0.0,-0.0,4.0,0,0.0
4539,6,0.08175590668679794,0.00020524378919206665,-0.0,-0.0,1.0,0,0.0
5062,6,0.08175564870221189,0.00020467049011196892,-0.0,-0.0,1.0,0,0.0
669,6,0.08175496582337856,0.0002031529815934574,-0.0,-0.0,1.0,0,0.0
6695,6,0.08175493367682535,0.00020308154480852547,-0.0,-0.0,1.0,0,0.0
160,6,0.08175404175675197,0.00017023530267012976,-0.0,-0.0,2.0,0,0.0
1944,6,0.0817540090491165,1.584163138146355e-05,-0.0,-0.0,7.0,0,0.0
785,6,0.08175387651874473,1.5547119444181412e-05,-0.0,-0.0,7.0,0,0.0
3887,6,0.08175367047681036,4.5953446009772136e-05,-0.0,-0.0,6.0,0,0.0
8039,6,0.08175354749692512,0.00020000114503027078,-0.0,-0.0,1.0,0,0.0
2306,6,0.08175331986217368,0.0001994952900270519,-0.0,-0.0,1.0,0,0.0
989,6,0.08175312845334129,0.00019906993706619858,-0.0,-0.0,1.0,0,0.0
681,6,0.08175236237858707,1.2182363538282281e-05,-0.0,-0.0,7.0,0,0.0
683,6,0.08175225787138038,0.00019713531048637378,-0.0,-0.0,1.0,0,0.0
5181,6,0.08175172302569823,1.0761579340878846e-05,-0.0,-0.0,7.0,0,0.0
3264,6,0.0817510493833196,0.00019444978146243574,-0.0,-0.0,1.0,0,0.0
858,6,0.08175017522554337,9.991461603375829e-05,-0.0,-0.0,4.0,0,0.0
1114,6,0.08174944039578119,0.00019087425359931576,-0.0,-0.0,1.0,0,0.0
4165,6,0.08174924830050465,9.785478261437053e-05,-0.0,-0.0,4.0,0,0.0
2307,6,0.08174918248439156,5.115931992705214e-06,-0.0,-0.0,7.0,0,0.0
6971,6,0.08174904444653876,0.00018999436639388634,-0.0,-0.0,1.0,0,0.0
2398,6,0.0817485363158351,3.6800018672344947e-06,-0.0,-0.0,7.0,0,0.0
4273,6,0.0817481770199562,2.8815665807924162e-06,-0.0,-0.0,7.0,0,0.0
5777,6,0.08174807441221593,0.00018783873456540423,-0.0,-0.0,1.0,0,0.0
7730,6,0.08174805588516544,0.00018779756334208475,-0.0,-0.0,1.0,0,0.0
6279,6,0.08174787327211612,2.2065713806140863e-06,-0.0,-0.0,7.0,0,0.0
7848,6,0.08174776612245058,1.968461012746836e-06,-0.0,-0.0,7.0,0,0.0
793,6,0.08174775654332848,1.9471740747567523e-06,-0.0,-0.0,7.0,0,0.0
1665,6,0.08174728666194446,9.34955858139519e-05,-0.0,-0.0,4.0,0,0.0
6438,6,0.081747073922272,4.302383936893861e-07,-0.0,-0.0,7.0,0,0.0
1390,6,0.08174706189341899,4.0350760921459283e-07,-0.0,-0.0,7.0,0,0.0
178,6,0.0817469311964977,1.1307000635785158e-07,-0.0,-0.0,7.0,0,0.0
883,6,0.08174596525000496,2.8830719775552183e-05,-0.0,-0.0,6.0,0,0.0
3194,6,0.0817458508394764,0.0001828974618108825,-0.0,-0.0,1.0,0,0.0
8287,4426,0.08174531946292952,0.003215123438723655,-0.0,0.5146336483381243,7.0,4426,1.0
7784,6,0.08174512258089471,0.00018127910940712866,-0.0,-0.0,1.0,0,0.0
8592,6,0.08174455982080833,2.570754378306006e-05,-0.0,-0.0,6.0,0,0.0
5797,6,0.08174435379129413,0.00017957068807250565,-0.0,-0.0,1.0,0,0.0
4832,6,0.08174384462155551,2.411821211012466e-05,-0.0,-0.0,6.0,0,0.0
472,6,0.08174368028682638,0.00017807401147751367,-0.0,-0.0,1.0,0,0.0
7273,6,0.08174322554739648,0.00017706347941104372,-0.0,-0.0,1.0,0,0.0
2094,6,0.08174258947752489,5.219320068405864e-05,-0.0,-0.0,5.0,0,0.0
4417,6,0.08174251352987993,0.00017548121826316265,-0.0,-0.0,1.0,0,0.0
2772,6,0.08174242882865385,0.00017529299331631165,-0.0,-0.0,1.0,0,0.0
4192,6,0.08174232702270823,0.00017506675788159232,-0.0,-0.0,1.0,0,0.0
7378,6,0.08174185353488861,8.142197013427666e-05,-0.0,-0.0,4.0,0,0.0
6413,6,0.08174169718288828,0.0001736671138372614,-0.0,-0.0,1.0,0,0.0
8704,6,0.08174148230296417,0.00017318960289480767,-0.0,-0.0,1.0,0,0.0
1565,6,0.08174137018599012,0.00017294045406357483,-0.0,-0.0,1.0,0,0.0
7613,6,0.08174117307574094,0.00017250243128763554,-0.0,-0.0,1.0,0,0.0
2072,6,0.08174110860796828,1.8038181916257834e-05,-0.0,-0.0,6.0,0,0.0
820,6,0.08174105889351413,1.792770535147259e-05,-0.0,-0.0,6.0,0,0.0
365,6,0.08174061149915052,0.00017125448330890247,-0.0,-0.0,1.0,0,0.0
5354,6,0.08174032090800662,0.00017060872521135195,-0.0,-0.0,1.0,0,0.0
2923,6,0.08174011276668898,0.00017014618894994893,-0.0,-0.0,1.0,0,0.0
2074,6,0.08173937945334064,0.00016851660373140565,-0.0,-0.0,1.0,0,0.0
2977,6,0.08173846428673275,0.00016648290015830458,-0.0,-0.0,1.0,0,0.0
1915,6,0.08173816886731197,1.1505424902247263e-05,-0.0,-0.0,6.0,0,0.0
838,6,0.0817371206315723,0.00016349699980178212,-0.0,-0.0,1.0,0,0.0
7117,6,0.08173710937037583,0.00016347197492072585,-0.0,-0.0,1.0,0,0.0
7611,6,0.0817369499881747,0.00016311779225153256,-0.0,-0.0,1.0,0,0.0
5707,6,0.08173646119887001,7.710606142352638e-06,-0.0,-0.0,6.0,0,0.0
3065,6,0.08173609699500045,6.9012642099908206e-06,-0.0,-0.0,6.0,0,0.0
3850,6,0.08173573076943318,0.00016040841727038568,-0.0,-0.0,1.0,0,0.0
5050,6,0.081735417815502,0.00015971296409000857,-0.0,-0.0,1.0,0,0.0
5099,6,0.08173541108373261,0.00015969800460247097,-0.0,-0.0,1.0,0,0.0
7698,6,0.0817352301037114,4.974839123206287e-06,-0.0,-0.0,6.0,0,0.0
8521,6,0.08173482141808516,0.00015838763649700383,-0.0,-0.0,1.0,0,0.0
2698,6,0.0817346116033274,3.6003938254092205e-06,-0.0,-0.0,6.0,0,0.0
9351,6,0.08173411011163902,0.0001568069555055729,-0.0,-0.0,1.0,0,0.0
8356,6,0.08173387316942471,0.00015628041725157527,-0.0,-0.0,1.0,0,0.0
8418,6,0.08173331688600055,7.232442101878789e-07,-0.0,-0.0,6.0,0,0.0
9023,6,0.081733217578521,5.025609223219263e-07,-0.0,-0.0,6.0,0,0.0
2993,6,0.08173318133023263,0.00015474299682471937,-0.0,-0.0,1.0,0,0.0
3142,6,0.08173299383466376,5.352350673781814e-09,-0.0,-0.0,6.0,0,0.0
1206,6,0.08173232998516704,0.00015285111890117609,-0.0,-0.0,1.0,0,0.0
809,6,0.08173187287996458,5.924273696977789e-05,-0.0,-0.0,4.0,0,0.0
4790,6,0.08173173193201598,0.00015152211189883857,-0.0,-0.0,1.0,0,0.0
2468,6,0.08173110372505776,2.666930631267661e-05,-0.0,-0.0,5.0,0,0.0
6319,6,0.08173097039091785,0.00014982979834743393,-0.0,-0.0,1.0,0,0.0
3044,6,0.08173078335503957,0.00014941416306235578,-0.0,-0.0,1.0,0,0.0
5375,6,0.08173061843695062,5.645508582763359e-05,-0.0,-0.0,4.0,0,0.0
7483,6,0.08173038025581897,0.00014851838701657183,-0.0,-0.0,1.0,0,0.0
5118,6,0.08172885230567645,0.00014512294225543787,-0.0,-0.0,1.0,0,0.0
7255,6,0.08172859923455059,2.110377185227108e-05,-0.0,-0.0,5.0,0,0.0
5040,6,0.08172831728770867,0.0001439340134381517,-0.0,-0.0,1.0,0,0.0
3934,6,0.08172808946542583,5.083514910586562e-05,-0.0,-0.0,4.0,0,0.0
955,6,0.08172765082344075,0.00014245298173165555,-0.0,-0.0,1.0,0,0.0
5928,6,0.08172741017495132,0.00014191820731068727,-0.0,-0.0,1.0,0,0.0
2581,6,0.08172734376543966,4.917803802551024e-05,-0.0,-0.0,4.0,0,0.0
1937,6,0.08172732692073773,1.827640782370299e-05,-0.0,-0.0,5.0,0,0.0
7559,6,0.08172679608614417,0.00014055356551700982,-0.0,-0.0,1.0,0,0.0
8605,6,0.08172651226937151,1.6466071454335207e-05,-0.0,-0.0,5.0,0,0.0
263,6,0.08172538935439051,1.3970704829890934e-05,-0.0,-0.0,5.0,0,0.0
5616,6,0.0817253091865241,0.00010638514660821219,-0.0,-0.0,2.0,0,0.0
5456,6,0.08172530289357226,1.3778569678213337e-05,-0.0,-0.0,5.0,0,0.0
8728,6,0.08172517291174605,4.435391870638572e-05,-0.0,-0.0,4.0,0,0.0
2550,6,0.08172492357677653,4.379984099633916e-05,-0.0,-0.0,4.0,0,0.0
3343,6,0.08172485131211363,1.2775055325708884e-05,-0.0,-0.0,5.0,0,0.0
5159,6,0.08172443615644526,0.0001353092772972131,-0.0,-0.0,1.0,0,0.0
5476,6,0.08172434499901879,1.1649915114930742e-05,-0.0,-0.0,5.0,0,0.0
390,6,0.08172370334727201,0.00013368081246778463,-0.0,-0.0,1.0,0,0.0
2190,6,0.08172318875941861,9.080493781232768e-06,-0.0,-0.0,5.0,0,0.0
8725,6,0.0817231659792177,9.029871112509191e-06,-0.0,-0.0,5.0,0,0.0
4887,6,0.08172312184432062,0.00013238858368691542,-0.0,-0.0,1.0,0,0.0
385,6,0.08172266486097565,0.0001313730651425482,-0.0,-0.0,1.0,0,0.0
7940,6,0.08172264676415092,0.0001313328499764621,-0.0,-0.0,1.0,0,0.0
5910,6,0.0817224883042699,0.0001309807169075361,-0.0,-0.0,1.0,0,0.0
8472,6,0.08172232274707855,9.974861450701145e-05,-0.0,-0.0,2.0,0,0.0
2233,6,0.08172205776251025,0.00013002395744166062,-0.0,-0.0,1.0,0,0.0
6423,6,0.08172131574385953,0.00012837502710671966,-0.0,-0.0,1.0,0,0.0
8348,6,0.08172088610844229,0.00012742028173506892,-0.0,-0.0,1.0,0,0.0
3938,6,0.08172062303725819,3.3788889802766064e-06,-0.0,-0.0,5.0,0,0.0
3950,6,0.08171992694819175,1.8320243881930764e-06,-0.0,-0.0,5.0,0,0.0
6090,6,0.08171971622856203,9.395635113695899e-05,-0.0,-0.0,2.0,0,0.0
2886,6,0.08171957516307292,1.0502796796707514e-06,-0.0,-0.0,5.0,0,0.0
1888,6,0.08171943858026962,0.00012420355246245407,-0.0,-0.0,1.0,0,0.0
537,6,0.08171917510098686,0.00012361804294525047,-0.0,-0.0,1.0,0,0.0
8575,6,0.08171911444344301,2.6458279900332116e-08,-0.0,-0.0,5.0,0,0.0
7343,6,0.0817191027227604,4.123185126658768e-10,-0.0,-0.0,5.0,0,0.0
8713,6,0.08171888706870215,0.00012297797120142118,-0.0,-0.0,1.0,0,0.0
6784,6,0.08171810455631462,9.037485725382766e-05,-0.0,-0.0,2.0,0,0.0
7256,6,0.08171809598123012,0.00012121999904135539,-0.0,-0.0,1.0,0,0.0
5695,6,0.0817178506749848,0.00012067487405176269,-0.0,-0.0,1.0,0,0.0
4229,6,0.08171773672303687,0.00012042164750081241,-0.0,-0.0,1.0,0,0.0
4147,6,0.08171759241594,0.00012010096506331891,-0.0,-0.0,1.0,0,0.0
5577,6,0.08171756542886538,0.00012004099378637445,-0.0,-0.0,1.0,0,0.0
3430,6,0.08171743495814025,0.00011975105884165504,-0.0,-0.0,1.0,0,0.0
9161,6,0.08171694315338533,0.00011865815938627566,-0.0,-0.0,1.0,0,0.0
652,6,0.08171562401502938,0.00011572674081750112,-0.0,-0.0,1.0,0,0.0
5791,6,0.08171556766034797,8.473731066127588e-05,-0.0,-0.0,2.0,0,0.0
5238,6,0.08171531639450642,0.00011504313965537971,-0.0,-0.0,1.0,0,0.0
2071,6,0.08171529496315855,5.326711937614359e-05,-0.0,-0.0,3.0,0,0.0
6886,6,0.08171486360625053,0.00011403694353118166,-0.0,-0.0,1.0,0,0.0
7344,6,0.08171477225402306,0.00011383393858122037,-0.0,-0.0,1.0,0,0.0
7400,6,0.08171474567752456,0.00011377487969566058,-0.0,-0.0,1.0,0,0.0
6942,6,0.08171473996988451,8.289799852023716e-05,-0.0,-0.0,2.0,0,0.0
4450,6,0.08171473752910831,0.00011375677210401225,-0.0,-0.0,1.0,0,0.0
3075,6,0.08171456032693712,0.00011336298950137547,-0.0,-0.0,1.0,0,0.0
6145,6,0.08171441072451183,0.0001130305396673803,-0.0,-0.0,1.0,0,0.0
1225,6,0.08171391186905333,0.00011192197198184317,-0.0,-0.0,1.0,0,0.0
1704,6,0.08171389412453268,0.00011188253971372575,-0.0,-0.0,1.0,0,0.0
5023,6,0.08171347869006101,0.00011095935199889606,-0.0,-0.0,1.0,0,0.0
3977,6,0.08171324313194679,0.0001104358895228641,-0.0,-0.0,1.0,0,0.0
4045,6,0.08171304532003214,1.740371489766801e-05,-0.0,-0.0,4.0,0,0.0
159,6,0.08171266997041621,0.00010916219723267062,-0.0,-0.0,1.0,0,0.0
9022,6,0.08171264472448735,1.6513502575921102e-05,-0.0,-0.0,4.0,0,0.0
9243,6,0.08171263288571155,0.000109079786777877,-0.0,-0.0,1.0,0,0.0
1034,6,0.08171258981805112,0.0001089840808657927,-0.0,-0.0,1.0,0,0.0
4852,6,0.08171258033563755,0.00010896300883567189,-0.0,-0.0,1.0,0,0.0
6455,6,0.08171167206346908,0.00010694462623905832,-0.0,-0.0,1.0,0,0.0
3069,6,0.08171085893517809,0.00010513767448128153,-0.0,-0.0,1.0,0,0.0
8452,6,0.08171046266953089,0.00010425708415418011,-0.0,-0.0,1.0,0,0.0
4911,6,0.08170977067749495,1.012673148170773e-05,-0.0,-0.0,4.0,0,0.0
2973,6,0.08170960303821667,7.148259481393193e-05,-0.0,-0.0,2.0,0,0.0
552,6,0.08170949628873095,0.00010210957126544074,-0.0,-0.0,1.0,0,0.0
5357,6,0.08170907413227171,0.00010117144580046311,-0.0,-0.0,1.0,0,0.0
902,6,0.08170898181430335,0.00010096629475964125,-0.0,-0.0,1.0,0,0.0
8461,6,0.08170874601648657,0.00010044229961125861,-0.0,-0.0,1.0,0,0.0
1380,6,0.08170842955152499,9.973904414106727e-05,-0.0,-0.0,1.0,0,0.0
1135,6,0.08170822547582614,6.692949995446007e-06,-0.0,-0.0,4.0,0,0.0
8985,6,0.0817081920516592,6.6186740689255785e-06,-0.0,-0.0,4.0,0,0.0
8645,6,0.081707983658857,9.874817154553739e-05,-0.0,-0.0,1.0,0,0.0
885,6,0.0817079461092758,9.866472803177206e-05,-0.0,-0.0,1.0,0,0.0
2006,6,0.08170779452699607,9.83278785212649e-05,-0.0,-0.0,1.0,0,0.0
1522,6,0.0817073321063526,9.730027709131672e-05,-0.0,-0.0,1.0,0,0.0
2265,6,0.08170675496799915,9.601774741696545e-05,-0.0,-0.0,1.0,0,0.0
312,6,0.08170669025984591,9.587395152088618e-05,-0.0,-0.0,1.0,0,0.0
5599,6,0.08170653491811102,2.936155072963409e-06,-0.0,-0.0,4.0,0,0.0
1806,6,0.08170632970924428,9.507272796172028e-05,-0.0,-0.0,1.0,0,0.0
2351,6,0.08170624095939746,9.487550607989448e-05,-0.0,-0.0,1.0,0,0.0
633,6,0.08170592849128086,1.5885398948478624e-06,-0.0,-0.0,4.0,0,0.0
2425,6,0.08170583120120443,9.396493231761394e-05,-0.0,-0.0,1.0,0,0.0
2362,6,0.0817056901495516,1.0588916076192945e-06,-0.0,-0.0,4.0,0,0.0
1189,6,0.08170544929662937,9.311625548413804e-05,-0.0,-0.0,1.0,0,0.0
8881,6,0.08170533847075193,2.773831638824831e-07,-0.0,-0.0,4.0,0,0.0
4300,6,0.08170531023659058,9.280723317572903e-05,-0.0,-0.0,1.0,0,0.0
8159,6,0.08170517058727013,9.249690135249011e-05,-0.0,-0.0,1.0,0,0.0
4370,6,0.08170514016612856,9.242929881569939e-05,-0.0,-0.0,1.0,0,0.0
1386,6,0.0817048221659315,9.172263171108863e-05,-0.0,-0.0,1.0,0,0.0
2249,6,0.08170450162442616,9.101031725478048e-05,-0.0,-0.0,1.0,0,0.0
8626,6,0.08170387399098424,8.961557627273908e-05,-0.0,-0.0,1.0,0,0.0
2289,6,0.0817038135065222,8.948116635709713e-05,-0.0,-0.0,1.0,0,0.0
4200,6,0.08170377843096009,8.94032206635309e-05,-0.0,-0.0,1.0,0,0.0
3054,6,0.0817037587989878,8.935959405842464e-05,-0.0,-0.0,1.0,0,0.0
2117,6,0.08170373899958373,8.931559538272182e-05,-0.0,-0.0,1.0,0,0.0
5380,6,0.08170348353683073,8.874790037605162e-05,-0.0,-0.0,1.0,0,0.0
6851,6,0.08170347587249793,5.7866670994499714e-05,-0.0,-0.0,2.0,0,0.0
3338,6,0.08170322281457704,8.816851759008149e-05,-0.0,-0.0,1.0,0,0.0
8732,6,0.08170265089295928,8.68975806617156e-05,-0.0,-0.0,1.0,0,0.0
504,6,0.08170259766283557,8.677929149791819e-05,-0.0,-0.0,1.0,0,0.0
3270,6,0.08170253922305785,8.664942532521369e-05,-0.0,-0.0,1.0,0,0.0
9292,6,0.0817023838044036,8.630405053799972e-05,-0.0,-0.0,1.0,0,0.0
3990,6,0.08170212807603333,8.573576527071136e-05,-0.0,-0.0,1.0,0,0.0
4960,6,0.08170202478502019,8.55062296859499e-05,-0.0,-0.0,1.0,0,0.0
4137,6,0.08170183191111993,8.50776210187254e-05,-0.0,-0.0,1.0,0,0.0
69,6,0.08170179041617645,8.498541003321147e-05,-0.0,-0.0,1.0,0,0.0
8886,6,0.0817017326286983,8.485699341509445e-05,-0.0,-0.0,1.0,0,0.0
5318,6,0.08170167365229988,8.472593475195023e-05,-0.0,-0.0,1.0,0,0.0
8984,6,0.08170154263783433,5.357059396426944e-05,-0.0,-0.0,2.0,0,0.0
5885,6,0.0817011905875209,8.365245746533301e-05,-0.0,-0.0,1.0,0,0.0
6081,6,0.08170098278557025,8.319067535278446e-05,-0.0,-0.0,1.0,0,0.0
1283,6,0.08170065372798707,8.245943627904762e-05,-0.0,-0.0,1.0,0,0.0
1938,6,0.08170007744790223,8.117881386826564e-05,-0.0,-0.0,1.0,0,0.0
3302,6,0.081699721354456,8.038749509886589e-05,-0.0,-0.0,1.0,0,0.0
395,6,0.08169969197610719,8.032220987930216e-05,-0.0,-0.0,1.0,0,0.0
4091,6,0.08169946765709937,7.982372319526032e-05,-0.0,-0.0,1.0,0,0.0
5022,6,0.08169937392206184,7.961542311185621e-05,-0.0,-0.0,1.0,0,0.0
1268,6,0.08169899178624306,7.876623240343772e-05,-0.0,-0.0,1.0,0,0.0
2038,6,0.08169868755275397,1.6361762921524026e-05,-0.0,-0.0,3.0,0,0.0
3259,6,0.08169831865959183,7.727039540073033e-05,-0.0,-0.0,1.0,0,0.0
6650,6,0.08169829955525881,7.722794132736244e-05,-0.0,-0.0,1.0,0,0.0
6698,6,0.08169809252517723,7.676787447941091e-05,-0.0,-0.0,1.0,0,0.0
3982,6,0.08169774574729888,7.599725697193804e-05,-0.0,-0.0,1.0,0,0.0
6249,6,0.08169737049482353,7.516336258228673e-05,-0.0,-0.0,1.0,0,0.0
9255,6,0.08169705267438962,7.445709495135233e-05,-0.0,-0.0,1.0,0,0.0
8940,6,0.08169688055587343,7.407460935981991e-05,-0.0,-0.0,1.0,0,0.0
6078,6,0.08169660171363227,7.345495993504869e-05,-0.0,-0.0,1.0,0,0.0
6367,6,0.08169658574258386,1.16910736546183e-05,-0.0,-0.0,3.0,0,0.0
5555,6,0.081695837511319,7.17567325722035e-05,-0.0,-0.0,1.0,0,0.0
8947,6,0.08169536312737767,7.070254603591675e-05,-0.0,-0.0,1.0,0,0.0
5949,6,0.081695268343531,7.049191526553589e-05,-0.0,-0.0,1.0,0,0.0
1901,6,0.08169490641528743,6.968763027981328e-05,-0.0,-0.0,1.0,0,0.0
5327,6,0.08169464560250607,7.379651259520337e-06,-0.0,-0.0,3.0,0,0.0
5909,6,0.08169440705573242,6.857794237979942e-05,-0.0,-0.0,1.0,0,0.0
2201,6,0.08169431553042115,6.646157737488778e-06,-0.0,-0.0,3.0,0,0.0
1547,6,0.08169425586269838,6.824195785970488e-05,-0.0,-0.0,1.0,0,0.0
6519,6,0.08169409953800204,6.789456964562124e-05,-0.0,-0.0,1.0,0,0.0
8699,6,0.08169399939903886,6.767203861635096e-05,-0.0,-0.0,1.0,0,0.0
6424,6,0.08169317427938211,6.583843937912892e-05,-0.0,-0.0,1.0,0,0.0
5833,6,0.08169314297519861,6.576887452691693e-05,-0.0,-0.0,1.0,0,0.0
7163,6,0.08169312164599361,6.572147629357872e-05,-0.0,-0.0,1.0,0,0.0
5787,6,0.08169285288185764,3.395827596341938e-06,-0.0,-0.0,3.0,0,0.0
1179,6,0.08169252182728937,6.438854583967757e-05,-0.0,-0.0,1.0,0,0.0
1106,6,0.08169243779164546,6.420179996435849e-05,-0.0,-0.0,1.0,0,0.0
3392,6,0.08169239971021046,6.41171745532354e-05,-0.0,-0.0,1.0,0,0.0
389,6,0.0816923756536879,6.406371561418212e-05,-0.0,-0.0,1.0,0,0.0
6257,6,0.08169229201399417,6.387784962813559e-05,-0.0,-0.0,1.0,0,0.0
7207,6,0.08169221417235419,6.370486820594934e-05,-0.0,-0.0,1.0,0,0.0
2363,6,0.08169169109520584,6.254247454295925e-05,-0.0,-0.0,1.0,0,0.0
2195,6,0.08169165805672483,6.246905569629035e-05,-0.0,-0.0,1.0,0,0.0
5951,6,0.08169150757513889,6.213465217197456e-05,-0.0,-0.0,1.0,0,0.0
2427,6,0.08169132687228631,6.173309027734941e-05,-0.0,-0.0,1.0,0,0.0
9063,6,0.08169132528324494,1.1640125530121281e-09,-0.0,-0.0,3.0,0,0.0
394,6,0.08169116929102298,6.138290969215365e-05,-0.0,-0.0,1.0,0,0.0
3025,6,0.08169104035190235,6.109637831297476e-05,-0.0,-0.0,1.0,0,0.0
2247,6,0.08169083925135413,6.0649488205832824e-05,-0.0,-0.0,1.0,0,0.0
3058,6,0.08169074991341485,2.958676192099663e-05,-0.0,-0.0,2.0,0,0.0
6240,6,0.08169055176574906,6.0010631305673634e-05,-0.0,-0.0,1.0,0,0.0
4503,6,0.08169020326485707,5.923618487901905e-05,-0.0,-0.0,1.0,0,0.0
1786,6,0.08169006838776671,5.893645801158254e-05,-0.0,-0.0,1.0,0,0.0
6384,6,0.08168985256178483,5.845684471850188e-05,-0.0,-0.0,1.0,0,0.0
5804,6,0.08168944918765952,5.756045777338681e-05,-0.0,-0.0,1.0,0,0.0
1508,6,0.08168936885298107,5.7381936265699096e-05,-0.0,-0.0,1.0,0,0.0
3005,6,0.08168913811042501,5.6869175030005437e-05,-0.0,-0.0,1.0,0,0.0
2332,6,0.08168889362925821,2.546168601735843e-05,-0.0,-0.0,2.0,0,0.0
6997,6,0.0816888102505734,5.614059758196621e-05,-0.0,-0.0,1.0,0,0.0
6912,6,0.08168873345090946,5.596993166212538e-05,-0.0,-0.0,1.0,0,0.0
4985,6,0.08168848638165681,5.542088887844354e-05,-0.0,-0.0,1.0,0,0.0
6869,6,0.08168832137733845,5.505421261542409e-05,-0.0,-0.0,1.0,0,0.0
8447,6,0.08168830695868377,5.5022171160601374e-05,-0.0,-0.0,1.0,0,0.0
6201,6,0.08168799132590424,2.3456567452950772e-05,-0.0,-0.0,2.0,0,0.0
3033,6,0.08168787957675927,5.407243355060043e-05,-0.0,-0.0,1.0,0,0.0
5752,6,0.08168748439405657,5.3194249766796986e-05,-0.0,-0.0,1.0,0,0.0
7496,6,0.08168735029691182,5.2896256111822915e-05,-0.0,-0.0,1.0,0,0.0
2513,6,0.08168716906837276,5.2493526024988135e-05,-0.0,-0.0,1.0,0,0.0
4399,6,0.08168709737713231,5.233421215733447e-05,-0.0,-0.0,1.0,0,0.0
1731,6,0.08168701753337025,5.215678157499681e-05,-0.0,-0.0,1.0,0,0.0
6127,6,0.08168690884572337,5.191525347081338e-05,-0.0,-0.0,1.0,0,0.0
7533,6,0.0816868161508948,5.170926496289585e-05,-0.0,-0.0,1.0,0,0.0
1402,6,0.08168659533857628,5.121857092171833e-05,-0.0,-0.0,1.0,0,0.0
6798,6,0.08168658473685039,2.033081399999137e-05,-0.0,-0.0,2.0,0,0.0
5232,6,0.08168642098084622,5.083110929937629e-05,-0.0,-0.0,1.0,0,0.0
658,6,0.08168632170086139,5.061048711085814e-05,-0.0,-0.0,1.0,0,0.0
3256,6,0.08168590850523698,4.969227461215642e-05,-0.0,-0.0,1.0,0,0.0
4935,6,0.08168590531259537,4.968517985304288e-05,-0.0,-0.0,1.0,0,0.0
6302,6,0.08168567334727474,1.830550383186136e-05,-0.0,-0.0,2.0,0,0.0
1340,6,0.08168555647404893,4.8909983083156305e-05,-0.0,-0.0,1.0,0,0.0
5620,6,0.08168534923552473,4.844945302939774e-05,-0.0,-0.0,1.0,0,0.0
3838,6,0.08168531832875645,4.83807713220763e-05,-0.0,-0.0,1.0,0,0.0
1532,6,0.08168521547516665,4.8152207789198265e-05,-0.0,-0.0,1.0,0,0.0
173,6,0.08168518606537006,1.7222655154802702e-05,-0.0,-0.0,2.0,0,0.0
5786,6,0.08168517774896243,4.806837177984136e-05,-0.0,-0.0,1.0,0,0.0
4806,6,0.08168499638771066,4.766534677591583e-05,-0.0,-0.0,1.0,0,0.0
4535,6,0.08168409328148757,4.5658444057905534e-05,-0.0,-0.0,1.0,0,0.0
6267,6,0.08168378754213773,4.4979023280489194e-05,-0.0,-0.0,1.0,0,0.0
8952,6,0.08168367606465328,4.473129553728139e-05,-0.0,-0.0,1.0,0,0.0
4024,6,0.08168336702333764,4.404453705808553e-05,-0.0,-0.0,1.0,0,0.0
3245,6,0.08168332228643266,4.3945121713684365e-05,-0.0,-0.0,1.0,0,0.0
9047,6,0.0816831581655528,1.2716211116425846e-05,-0.0,-0.0,2.0,0,0.0
2449,6,0.08168315029061739,1.2698711259973017e-05,-0.0,-0.0,2.0,0,0.0
7262,6,0.08168296493511443,4.3151007673158936e-05,-0.0,-0.0,1.0,0,0.0
195,6,0.08168291975678704,4.305061139009414e-05,-0.0,-0.0,1.0,0,0.0
8107,6,0.08168257086739228,4.227530162392856e-05,-0.0,-0.0,1.0,0,0.0
2730,6,0.08168223044696263,4.151881178027228e-05,-0.0,-0.0,1.0,0,0.0
1389,6,0.08168219803631246,4.144678811324187e-05,-0.0,-0.0,1.0,0,0.0
1574,6,0.08168208525755569,4.119616865372322e-05,-0.0,-0.0,1.0,0,0.0
4103,6,0.08168192207824479,9.96935043195979e-06,-0.0,-0.0,2.0,0,0.0
821,6,0.08168184209858298,4.0655815381041016e-05,-0.0,-0.0,1.0,0,0.0
8759,6,0.081681646081764,4.022022244998258e-05,-0.0,-0.0,1.0,0,0.0
9277,6,0.08168158651263617,4.008784661035936e-05,-0.0,-0.0,1.0,0,0.0
7799,6,0.08168158050040515,4.007448609699704e-05,-0.0,-0.0,1.0,0,0.0
8672,6,0.08168129608052875,3.9442441927217686e-05,-0.0,-0.0,1.0,0,0.0
611,6,0.08168113093662815,3.907545548142988e-05,-0.0,-0.0,1.0,0,0.0
801,6,0.08168098007068501,3.87401978300117e-05,-0.0,-0.0,1.0,0,0.0
2972,6,0.08168096536469384,3.870751784962323e-05,-0.0,-0.0,1.0,0,0.0
5967,6,0.08168094012491582,3.865142945402855e-05,-0.0,-0.0,1.0,0,0.0
6790,6,0.08168081848058291,3.8381108714236056e-05,-0.0,-0.0,1.0,0,0.0
3331,6,0.08168078634328799,3.830969250329108e-05,-0.0,-0.0,1.0,0,0.0
1014,6,0.08168057386224573,3.7837512409377716e-05,-0.0,-0.0,1.0,0,0.0
8988,6,0.08168042803228887,3.75134458385773e-05,-0.0,-0.0,1.0,0,0.0
3886,6,0.0816803049749461,3.723998507687565e-05,-0.0,-0.0,1.0,0,0.0
7951,6,0.08168013604482181,3.686458480067767e-05,-0.0,-0.0,1.0,0,0.0
1892,6,0.0816801092830681,3.680511423687083e-05,-0.0,-0.0,1.0,0,0.0
9261,6,0.08168005912761031,3.669365766401089e-05,-0.0,-0.0,1.0,0,0.0
7610,6,0.08167991762037313,3.6379197136948704e-05,-0.0,-0.0,1.0,0,0.0
4387,6,0.08167942410137306,3.5282488247911914e-05,-0.0,-0.0,1.0,0,0.0
994,6,0.08167938254579014,3.519014250807917e-05,-0.0,-0.0,1.0,0,0.0
1985,6,0.08167916102992803,3.469788503673854e-05,-0.0,-0.0,1.0,0,0.0
1152,6,0.08167908383530659,3.4526341433527286e-05,-0.0,-0.0,1.0,0,0.0
5701,6,0.08167903152671453,3.441010011784318e-05,-0.0,-0.0,1.0,0,0.0
823,6,0.08167889846092824,3.411439837053276e-05,-0.0,-0.0,1.0,0,0.0
2952,6,0.08167885354185309,3.4014578203511725e-05,-0.0,-0.0,1.0,0,0.0
7284,6,0.08167878767955537,3.3868217541921375e-05,-0.0,-0.0,1.0,0,0.0
212,6,0.08167870401834332,3.368230373734793e-05,-0.0,-0.0,1.0,0,0.0
4235,6,0.08167866816945435,3.3602639539664914e-05,-0.0,-0.0,1.0,0,0.0
4341,6,0.0816786614053216,3.358760813354511e-05,-0.0,-0.0,1.0,0,0.0
8889,6,0.08167857437316452,3.33942033400314e-05,-0.0,-0.0,1.0,0,0.0
1084,6,0.08167854968922918,3.333935015037426e-05,-0.0,-0.0,1.0,0,0.0
8684,6,0.08167848825770956,3.320283566232707e-05,-0.0,-0.0,1.0,0,0.0
1631,6,0.08167843133154867,3.307633308258229e-05,-0.0,-0.0,1.0,0,0.0
3238,6,0.0816781185382853,1.5170394108698915e-06,-0.0,-0.0,2.0,0,0.0
3039,6,0.08167804595566876,3.22199422383429e-05,-0.0,-0.0,1.0,0,0.0
7356,6,0.08167803281800415,3.21907474281069e-05,-0.0,-0.0,1.0,0,0.0
5415,6,0.08167799734287537,3.211191380858569e-05,-0.0,-0.0,1.0,0,0.0
6733,6,0.08167780746100006,8.257565548008827e-07,-0.0,-0.0,2.0,0,0.0
4246,6,0.08167771470914155,3.1483838844548195e-05,-0.0,-0.0,1.0,0,0.0
4328,6,0.08167764392824692,4.6235043671405407e-07,-0.0,-0.0,2.0,0,0.0
1053,6,0.08167758031173177,3.2098040303463193e-07,-0.0,-0.0,2.0,0,0.0
8034,6,0.08167745580201333,4.429213984469271e-08,-0.0,-0.0,2.0,0,0.0
2966,6,0.08167745315236843,3.8404040059170086e-08,-0.0,-0.0,2.0,0,0.0
3408,6,0.0816774490872032,3.089356787044917e-05,-0.0,-0.0,1.0,0,0.0
3415,6,0.08167743720312098,3.0867158798852934e-05,-0.0,-0.0,1.0,0,0.0
9175,6,0.08167741808136636,3.082466601078693e-05,-0.0,-0.0,1.0,0,0.0
6920,6,0.0816774011408158,3.078702034287062e-05,-0.0,-0.0,1.0,0,0.0
6414,6,0.08167737431264246,3.072740217990866e-05,-0.0,-0.0,1.0,0,0.0
84,6,0.08167725723595178,3.0467231756148294e-05,-0.0,-0.0,1.0,0,0.0
1352,6,0.08167723751730166,3.042341253367553e-05,-0.0,-0.0,1.0,0,0.0
2681,6,0.08167713644623908,3.019881017241044e-05,-0.0,-0.0,1.0,0,0.0
8310,6,0.08167650109941764,2.878692834695773e-05,-0.0,-0.0,1.0,0,0.0
290,6,0.0816764996959396,2.878380950688264e-05,-0.0,-0.0,1.0,0,0.0
6760,6,0.08167637479011902,2.8506241016690304e-05,-0.0,-0.0,1.0,0,0.0
179,6,0.08167630560542459,2.8352497251304953e-05,-0.0,-0.0,1.0,0,0.0
2775,6,0.0816762791894376,2.8293795057976467e-05,-0.0,-0.0,1.0,0,0.0
4213,6,0.08167622986455797,2.8184184214352648e-05,-0.0,-0.0,1.0,0,0.0
2482,6,0.08167601848334113,2.771444817695201e-05,-0.0,-0.0,1.0,0,0.0
4071,6,0.08167595869085018,2.7581575974822137e-05,-0.0,-0.0,1.0,0,0.0
3010,6,0.08167586200204811,2.736671197023366e-05,-0.0,-0.0,1.0,0,0.0
8564,6,0.08167584856762398,2.7336857694404415e-05,-0.0,-0.0,1.0,0,0.0
1674,6,0.08167581778439058,2.7268450509043696e-05,-0.0,-0.0,1.0,0,0.0
9184,6,0.08167578678650272,2.7199566313806933e-05,-0.0,-0.0,1.0,0,0.0
7790,6,0.0816755469114416,2.666651062244174e-05,-0.0,-0.0,1.0,0,0.0
1600,6,0.081675508366146,2.6580854409985477e-05,-0.0,-0.0,1.0,0,0.0
3939,6,0.08167547889012597,2.6515352143263726e-05,-0.0,-0.0,1.0,0,0.0
716,6,0.08167543807295807,2.642464732571792e-05,-0.0,-0.0,1.0,0,0.0
4890,6,0.08167519733171678,2.5889666789513655e-05,-0.0,-0.0,1.0,0,0.0
4633,6,0.08167514428652595,2.5771788587647393e-05,-0.0,-0.0,1.0,0,0.0
2941,6,0.08167507356638726,2.5614632723880426e-05,-0.0,-0.0,1.0,0,0.0
1288,6,0.08167500930557918,2.5471830928158745e-05,-0.0,-0.0,1.0,0,0.0
8351,6,0.08167500400497542,2.5460051808701145e-05,-0.0,-0.0,1.0,0,0.0
5854,6,0.08167471327634485,2.4813988185212743e-05,-0.0,-0.0,1.0,0,0.0
4784,6,0.08167470948360793,2.4805559880936023e-05,-0.0,-0.0,1.0,0,0.0
4195,6,0.08167466358938545,2.4703572719886324e-05,-0.0,-0.0,1.0,0,0.0
7500,6,0.08167464014644507,2.465147729679984e-05,-0.0,-0.0,1.0,0,0.0
3920,6,0.0816746306853058,2.4630452542862002e-05,-0.0,-0.0,1.0,0,0.0
3940,6,0.0816745759878137,2.4508902560449464e-05,-0.0,-0.0,1.0,0,0.0
7859,6,0.0816743737255139,2.405943078309658e-05,-0.0,-0.0,1.0,0,0.0
2759,6,0.08167432922379948,2.3960538084399907e-05,-0.0,-0.0,1.0,0,0.0
8321,6,0.08167432755749635,2.3956835188521097e-05,-0.0,-0.0,1.0,0,0.0
6802,6,0.08167425351071739,2.379228679083578e-05,-0.0,-0.0,1.0,0,0.0
6945,6,0.08167405877019372,2.33595300715983e-05,-0.0,-0.0,1.0,0,0.0
5738,6,0.08167400199086124,2.3233353777185606e-05,-0.0,-0.0,1.0,0,0.0
2641,6,0.08167382070626415,2.2830499116999192e-05,-0.0,-0.0,1.0,0,0.0
6685,6,0.08167368947753607,2.2538879721256677e-05,-0.0,-0.0,1.0,0,0.0
1630,6,0.08167363715015769,2.2422596658189242e-05,-0.0,-0.0,1.0,0,0.0
2505,6,0.08167361966987662,2.2383751589138967e-05,-0.0,-0.0,1.0,0,0.0
9193,6,0.08167359013169587,2.231811118746929e-05,-0.0,-0.0,1.0,0,0.0
1752,6,0.08167349769272939,2.2112691261955142e-05,-0.0,-0.0,1.0,0,0.0
699,6,0.08167347007539266,2.205131940258287e-05,-0.0,-0.0,1.0,0,0.0
3410,6,0.08167335949170616,2.1805577877009874e-05,-0.0,-0.0,1.0,0,0.0
5652,6,0.08167326739447572,2.160091736491676e-05,-0.0,-0.0,1.0,0,0.0
8825,6,0.08167326430688554,2.1594056053397814e-05,-0.0,-0.0,1.0,0,0.0
1039,6,0.08167321672303457,2.148831416237673e-05,-0.0,-0.0,1.0,0,0.0
5955,6,0.08167308481699279,2.119518962506728e-05,-0.0,-0.0,1.0,0,0.0
2013,6,0.08167305762761744,2.113476879095355e-05,-0.0,-0.0,1.0,0,0.0
4649,6,0.08167302741577681,2.106763136733303e-05,-0.0,-0.0,1.0,0,0.0
2011,6,0.0816729806059474,2.096360952419385e-05,-0.0,-0.0,1.0,0,0.0
808,6,0.08167291794829573,2.0824370298266892e-05,-0.0,-0.0,1.0,0,0.0
2488,6,0.08167281424267143,2.0593913355404503e-05,-0.0,-0.0,1.0,0,0.0
1297,6,0.08167273588151577,2.041977745392831e-05,-0.0,-0.0,1.0,0,0.0
1670,6,0.08167272386115422,2.0393065539359156e-05,-0.0,-0.0,1.0,0,0.0
4670,6,0.08167256880147547,2.0048488475477022e-05,-0.0,-0.0,1.0,0,0.0
7839,6,0.08167255101969333,2.0008973404039843e-05,-0.0,-0.0,1.0,0,0.0
922,6,0.081672538989359,1.998223932775378e-05,-0.0,-0.0,1.0,0,0.0
1012,6,0.08167248402524288,1.9860096847512665e-05,-0.0,-0.0,1.0,0,0.0
5562,6,0.08167231724665859,1.9489477771306163e-05,-0.0,-0.0,1.0,0,0.0
5800,6,0.08167216645305408,1.9154380872410393e-05,-0.0,-0.0,1.0,0,0.0
4269,6,0.08167212504575536,1.9062364652988606e-05,-0.0,-0.0,1.0,0,0.0
5755,6,0.08167195778357204,1.869067091231358e-05,-0.0,-0.0,1.0,0,0.0
375,6,0.0816718009296368,1.8342106611779485e-05,-0.0,-0.0,1.0,0,0.0
3984,6,0.08167177048628196,1.827445471214162e-05,-0.0,-0.0,1.0,0,0.0
7413,6,0.08167169150483404,1.8098940383404205e-05,-0.0,-0.0,1.0,0,0.0
2142,6,0.08167152831689467,1.7736300518156334e-05,-0.0,-0.0,1.0,0,0.0
5475,6,0.08167143094888991,1.7519927174247663e-05,-0.0,-0.0,1.0,0,0.0
8168,6,0.08167136230184237,1.7367378179700133e-05,-0.0,-0.0,1.0,0,0.0
2399,6,0.08167130540398894,1.7240938505413972e-05,-0.0,-0.0,1.0,0,0.0
7943,6,0.08167127194052375,1.716657524941656e-05,-0.0,-0.0,1.0,0,0.0
7190,6,0.081671231104859,1.7075829327750647e-05,-0.0,-0.0,1.0,0,0.0
5335,6,0.08167119304195117,1.6991245088138207e-05,-0.0,-0.0,1.0,0,0.0
2405,6,0.08167106340828886,1.670317028301671e-05,-0.0,-0.0,1.0,0,0.0
4369,6,0.0816710283162995,1.6625188084429254e-05,-0.0,-0.0,1.0,0,0.0
4049,6,0.08167102448884295,1.6616682625425483e-05,-0.0,-0.0,1.0,0,0.0
5792,6,0.08167101280060023,1.6590708752706185e-05,-0.0,-0.0,1.0,0,0.0
6136,6,0.08167086111044414,1.625361951695936e-05,-0.0,-0.0,1.0,0,0.0
5480,6,0.08167085300402879,1.6235605260650487e-05,-0.0,-0.0,1.0,0,0.0
3943,6,0.08167080333010922,1.6125218772700123e-05,-0.0,-0.0,1.0,0,0.0
5865,6,0.08167074944533063,1.6005474820279808e-05,-0.0,-0.0,1.0,0,0.0
3162,6,0.08167070357376624,1.590353801050881e-05,-0.0,-0.0,1.0,0,0.0
2209,6,0.08167070295068325,1.5902153381652795e-05,-0.0,-0.0,1.0,0,0.0
6913,6,0.08167070133621489,1.5898565674188347e-05,-0.0,-0.0,1.0,0,0.0
8912,6,0.08167060016643549,1.5673743942179463e-05,-0.0,-0.0,1.0,0,0.0
5549,6,0.08167056677104884,1.5599531971832725e-05,-0.0,-0.0,1.0,0,0.0
8926,6,0.08167053858290381,1.5536891649570173e-05,-0.0,-0.0,1.0,0,0.0
6154,6,0.0816705052525857,1.546282427600243e-05,-0.0,-0.0,1.0,0,0.0
2286,6,0.08167047189856726,1.538870423500871e-05,-0.0,-0.0,1.0,0,0.0
4305,6,0.0816704715947355,1.5388029053320373e-05,-0.0,-0.0,1.0,0,0.0
94,6,0.08167044039141752,1.531868834669936e-05,-0.0,-0.0,1.0,0,0.0
8877,6,0.08167036321728488,1.5147190274178435e-05,-0.0,-0.0,1.0,0,0.0
571,6,0.08167027459323369,1.4950247938183558e-05,-0.0,-0.0,1.0,0,0.0
2002,6,0.08167012255907063,1.461239424249694e-05,-0.0,-0.0,1.0,0,0.0
5390,6,0.08167002078043616,1.4386219499229469e-05,-0.0,-0.0,1.0,0,0.0
964,6,0.08167000725022046,1.4356152353234286e-05,-0.0,-0.0,1.0,0,0.0
1791,6,0.08166993998273078,1.4206669042837738e-05,-0.0,-0.0,1.0,0,0.0
925,6,0.08166982804911226,1.395792766833992e-05,-0.0,-0.0,1.0,0,0.0
5973,6,0.08166971471287401,1.3706069361130169e-05,-0.0,-0.0,1.0,0,0.0
8070,6,0.08166970469950613,1.3683817432497136e-05,-0.0,-0.0,1.0,0,0.0
3327,6,0.08166959314108369,1.3435909827053116e-05,-0.0,-0.0,1.0,0,0.0
8323,6,0.08166950128931529,1.3231794786183748e-05,-0.0,-0.0,1.0,0,0.0
2899,6,0.08166941286208725,1.303528983498392e-05,-0.0,-0.0,1.0,0,0.0
1001,6,0.0816693144494603,1.2816595108433582e-05,-0.0,-0.0,1.0,0,0.0
2317,6,0.08166928134769058,1.2743035620155219e-05,-0.0,-0.0,1.0,0,0.0
4118,6,0.08166918587847584,1.2530881809635908e-05,-0.0,-0.0,1.0,0,0.0
1124,6,0.08166918564488325,1.253036271497976e-05,-0.0,-0.0,1.0,0,0.0
1317,6,0.08166908365610098,1.2303720976603039e-05,-0.0,-0.0,1.0,0,0.0
1290,6,0.08166892571515391,1.1952741094223285e-05,-0.0,-0.0,1.0,0,0.0
3935,6,0.08166885522746767,1.1796101791472502e-05,-0.0,-0.0,1.0,0,0.0
4751,6,0.08166884661602526,1.1776965252785487e-05,-0.0,-0.0,1.0,0,0.0
1824,6,0.08166882998113784,1.1739998836302057e-05,-0.0,-0.0,1.0,0,0.0
1627,6,0.08166874906801694,1.1560191900961136e-05,-0.0,-0.0,1.0,0,0.0
7856,6,0.08166867206172279,1.138906680286933e-05,-0.0,-0.0,1.0,0,0.0
4777,6,0.08166851875107922,1.104837648380208e-05,-0.0,-0.0,1.0,0,0.0
91,6,0.0816685014049907,1.1009829620434175e-05,-0.0,-0.0,1.0,0,0.0
5452,6,0.08166848792229899,1.0979868083293987e-05,-0.0,-0.0,1.0,0,0.0
1879,6,0.08166846431062552,1.0927397697813035e-05,-0.0,-0.0,1.0,0,0.0
5339,6,0.08166821671710808,1.0377189881283222e-05,-0.0,-0.0,1.0,0,0.0
1813,6,0.08166803950460291,9.983384314238286e-06,-0.0,-0.0,1.0,0,0.0
3284,6,0.08166803263448903,9.968117394509868e-06,-0.0,-0.0,1.0,0,0.0
9363,6,0.08166783492575605,9.528764654542776e-06,-0.0,-0.0,1.0,0,0.0
860,6,0.08166781753374712,9.490115745802719e-06,-0.0,-0.0,1.0,0,0.0
9106,6,0.08166770392477368,9.23765136040533e-06,-0.0,-0.0,1.0,0,0.0
5273,6,0.08166770068818259,9.230458935749475e-06,-0.0,-0.0,1.0,0,0.0
8085,6,0.0816676249564546,9.062166206885713e-06,-0.0,-0.0,1.0,0,0.0
1962,6,0.08166754765155587,8.89037754303601e-06,-0.0,-0.0,1.0,0,0.0
4329,6,0.08166730101160985,8.342288774110251e-06,-0.0,-0.0,1.0,0,0.0
1098,6,0.08166729307615417,8.324654428126799e-06,-0.0,-0.0,1.0,0,0.0
175,6,0.08166729056114716,8.31906552367645e-06,-0.0,-0.0,1.0,0,0.0
2227,6,0.08166721159044753,8.143575080055143e-06,-0.0,-0.0,1.0,0,0.0
3046,6,0.08166719154768254,8.099035602282534e-06,-0.0,-0.0,1.0,0,0.0
2572,6,0.08166717971297702,8.072736256692359e-06,-0.0,-0.0,1.0,0,0.0
2446,6,0.08166706395756441,7.81550200645853e-06,-0.0,-0.0,1.0,0,0.0
1849,6,0.08166702764053478,7.734797496161683e-06,-0.0,-0.0,1.0,0,0.0
5717,6,0.08166698558776202,7.641346890019385e-06,-0.0,-0.0,1.0,0,0.0
5192,6,0.08166686917958371,7.38266204936e-06,-0.0,-0.0,1.0,0,0.0
4074,6,0.08166682961031256,7.294730335671851e-06,-0.0,-0.0,1.0,0,0.0
5293,6,0.08166679813950539,7.2247952086490486e-06,-0.0,-0.0,1.0,0,0.0
5401,6,0.08166674887436343,7.115317115391484e-06,-0.0,-0.0,1.0,0,0.0
984,6,0.08166661864225033,6.825912419627933e-06,-0.0,-0.0,1.0,0,0.0
2418,6,0.08166654740758178,6.6676131561527185e-06,-0.0,-0.0,1.0,0,0.0
1009,6,0.08166651858096048,6.6035539977304936e-06,-0.0,-0.0,1.0,0,0.0
6965,6,0.08166649507652249,6.551321913295105e-06,-0.0,-0.0,1.0,0,0.0
636,6,0.08166642596006933,6.3977297951600676e-06,-0.0,-0.0,1.0,0,0.0
3335,6,0.08166639477683524,6.3284337193936224e-06,-0.0,-0.0,1.0,0,0.0
3216,6,0.08166637711148575,6.289177387208689e-06,-0.0,-0.0,1.0,0,0.0
7712,6,0.08166631643212846,6.154334371011316e-06,-0.0,-0.0,1.0,0,0.0
5923,6,0.08166629815104501,6.113709741129014e-06,-0.0,-0.0,1.0,0,0.0
1678,6,0.08166626423143875,6.038332838298466e-06,-0.0,-0.0,1.0,0,0.0
72,6,0.08166617575135687,5.841710434162373e-06,-0.0,-0.0,1.0,0,0.0
584,6,0.08166615081834518,5.7863037414840335e-06,-0.0,-0.0,1.0,0,0.0
7423,6,0.08166608055942774,5.630172813853029e-06,-0.0,-0.0,1.0,0,0.0
7096,6,0.08166603336615699,5.52529887887232e-06,-0.0,-0.0,1.0,0,0.0
6702,6,0.08166603328855443,5.525126428707061e-06,-0.0,-0.0,1.0,0,0.0
5158,6,0.08166602142052037,5.498753019694824e-06,-0.0,-0.0,1.0,0,0.0
9123,6,0.0816660117491626,5.4772611135511795e-06,-0.0,-0.0,1.0,0,0.0
5679,6,0.08166597727788577,5.400658276144554e-06,-0.0,-0.0,1.0,0,0.0
2569,6,0.08166593778233894,5.31289039429339e-06,-0.0,-0.0,1.0,0,0.0
1896,6,0.08166588134431643,5.187472566503537e-06,-0.0,-0.0,1.0,0,0.0
3090,6,0.08166583852274434,5.092313517418567e-06,-0.0,-0.0,1.0,0,0.0
2256,6,0.08166577171848072,4.943859598260936e-06,-0.0,-0.0,1.0,0,0.0
5461,6,0.08166565935772532,4.6941690307056305e-06,-0.0,-0.0,1.0,0,0.0
207,6,0.08166552244662456,4.38992214013556e-06,-0.0,-0.0,1.0,0,0.0
1197,6,0.0816654777753316,4.2906526002139955e-06,-0.0,-0.0,1.0,0,0.0
1967,6,0.08166547008591175,4.273565000545432e-06,-0.0,-0.0,1.0,0,0.0
6828,6,0.08166545048481136,4.230006999672575e-06,-0.0,-0.0,1.0,0,0.0
1690,6,0.08166543629813797,4.198481058814707e-06,-0.0,-0.0,1.0,0,0.0
7467,6,0.08166540354543622,4.125697277146401e-06,-0.0,-0.0,1.0,0,0.0
1125,6,0.0816654019593542,4.122172650444789e-06,-0.0,-0.0,1.0,0,0.0
3240,6,0.08166539698326682,4.111114678462258e-06,-0.0,-0.0,1.0,0,0.0
6879,6,0.08166524441036525,3.77206378610051e-06,-0.0,-0.0,1.0,0,0.0
6604,6,0.0816652401833764,3.7626704775250985e-06,-0.0,-0.0,1.0,0,0.0
4525,6,0.08166521938869062,3.7164600646955037e-06,-0.0,-0.0,1.0,0,0.0
139,6,0.08166519739121093,3.6675767765004252e-06,-0.0,-0.0,1.0,0,0.0
1572,6,0.08166519661880758,3.6658603246308985e-06,-0.0,-0.0,1.0,0,0.0
4361,6,0.08166518228954146,3.634017511022769e-06,-0.0,-0.0,1.0,0,0.0
1024,6,0.08166518090714767,3.6309455248018097e-06,-0.0,-0.0,1.0,0,0.0
1659,6,0.08166516641663478,3.598744385047148e-06,-0.0,-0.0,1.0,0,0.0
8106,6,0.08166514089111238,3.54202100194545e-06,-0.0,-0.0,1.0,0,0.0
1266,6,0.08166510359904784,3.4591497474201205e-06,-0.0,-0.0,1.0,0,0.0
8534,6,0.08166505174744404,3.3439239611743332e-06,-0.0,-0.0,1.0,0,0.0
2295,6,0.0816649835115445,3.192288628883766e-06,-0.0,-0.0,1.0,0,0.0
476,6,0.08166498115542026,3.1870527972266416e-06,-0.0,-0.0,1.0,0,0.0
8187,6,0.08166496882830598,3.159659209939214e-06,-0.0,-0.0,1.0,0,0.0
9320,6,0.08166496611902388,3.1536385830532865e-06,-0.0,-0.0,1.0,0,0.0
5151,6,0.08166484194685852,2.8777004378310878e-06,-0.0,-0.0,1.0,0,0.0
1073,6,0.08166483334655356,2.8585886490128942e-06,-0.0,-0.0,1.0,0,0.0
4493,6,0.08166483247967314,2.856662248085229e-06,-0.0,-0.0,1.0,0,0.0
4618,6,0.08166483222207316,2.8560898036600335e-06,-0.0,-0.0,1.0,0,0.0
5343,6,0.08166482642194778,2.843200636148957e-06,-0.0,-0.0,1.0,0,0.0
4496,6,0.0816647832069463,2.7471672995327268e-06,-0.0,-0.0,1.0,0,0.0
1908,6,0.08166476962052001,2.716975241123798e-06,-0.0,-0.0,1.0,0,0.0
2742,6,0.08166474989066036,2.6731311085770315e-06,-0.0,-0.0,1.0,0,0.0
1809,6,0.08166473308622423,2.635787917149024e-06,-0.0,-0.0,1.0,0,0.0
740,6,0.08166473084017307,2.630796692382198e-06,-0.0,-0.0,1.0,0,0.0
1539,6,0.08166460433732788,2.3496792586064075e-06,-0.0,-0.0,1.0,0,0.0
7177,6,0.0816645884987799,2.314482485332725e-06,-0.0,-0.0,1.0,0,0.0
216,6,0.08166450393991109,2.1265738879838736e-06,-0.0,-0.0,1.0,0,0.0
6345,6,0.08166448283858752,2.079682057787302e-06,-0.0,-0.0,1.0,0,0.0
90,6,0.08166447947838554,2.0722149423058056e-06,-0.0,-0.0,1.0,0,0.0
899,6,0.0816644324145051,1.9676285413217087e-06,-0.0,-0.0,1.0,0,0.0
6719,6,0.08166440814457508,1.9136953635090492e-06,-0.0,-0.0,1.0,0,0.0
2408,6,0.08166440328206634,1.9028897885187135e-06,-0.0,-0.0,1.0,0,0.0
1863,6,0.08166439567569271,1.885986736005485e-06,-0.0,-0.0,1.0,0,0.0
7238,6,0.08166439532424953,1.8852057511731246e-06,-0.0,-0.0,1.0,0,0.0
5902,6,0.08166433468495575,1.7504517649813423e-06,-0.0,-0.0,1.0,0,0.0
7664,6,0.08166433106889864,1.742416082528564e-06,-0.0,-0.0,1.0,0,0.0
6982,6,0.08166430474054939,1.6839086397490988e-06,-0.0,-0.0,1.0,0,0.0
2552,6,0.08166426863432273,1.6036725805079755e-06,-0.0,-0.0,1.0,0,0.0
6632,6,0.08166426632774895,1.598546860992478e-06,-0.0,-0.0,1.0,0,0.0
4812,6,0.08166426108431592,1.5868947875752326e-06,-0.0,-0.0,1.0,0,0.0
2566,6,0.08166423680466067,1.5329399981611758e-06,-0.0,-0.0,1.0,0,0.0
1550,6,0.0816641950335752,1.4401153637377817e-06,-0.0,-0.0,1.0,0,0.0
5540,6,0.0816641942579921,1.4383918457427924e-06,-0.0,-0.0,1.0,0,0.0
988,6,0.08166412628377198,1.2873380232925058e-06,-0.0,-0.0,1.0,0,0.0
3132,6,0.08166405063216416,1.119223339229869e-06,-0.0,-0.0,1.0,0,0.0
5431,6,0.08166402855684259,1.0701670690727028e-06,-0.0,-0.0,1.0,0,0.0
2033,6,0.08166399988103146,1.006443044349048e-06,-0.0,-0.0,1.0,0,0.0
1028,6,0.08166399808056314,1.00244200362809e-06,-0.0,-0.0,1.0,0,0.0
671,6,0.08166399528445124,9.962284216458173e-07,-0.0,-0.0,1.0,0,0.0
1830,6,0.08166398635047709,9.763751457336767e-07,-0.0,-0.0,1.0,0,0.0
2578,6,0.0816639773656602,9.564088859770337e-07,-0.0,-0.0,1.0,0,0.0
8987,6,0.08166393476614683,8.617433007174213e-07,-0.0,-0.0,1.0,0,0.0
2915,6,0.08166392110500666,8.31385211452762e-07,-0.0,-0.0,1.0,0,0.0
6299,6,0.08166391280711038,8.129454419636417e-07,-0.0,-0.0,1.0,0,0.0
6737,6,0.08166390184550287,7.885863141376959e-07,-0.0,-0.0,1.0,0,0.0
4054,6,0.0816638748630596,7.286253290716971e-07,-0.0,-0.0,1.0,0,0.0
5933,6,0.08166387095442612,7.199394769230594e-07,-0.0,-0.0,1.0,0,0.0
3246,6,0.08166386188089825,6.997760816362941e-07,-0.0,-0.0,1.0,0,0.0
3844,6,0.08166382681063106,6.218421545467478e-07,-0.0,-0.0,1.0,0,0.0
464,6,0.08166381951612235,6.056321352199134e-07,-0.0,-0.0,1.0,0,0.0
2932,6,0.08166379871045816,5.593973259054863e-07,-0.0,-0.0,1.0,0,0.0
7374,6,0.08166378225756842,5.228353486819159e-07,-0.0,-0.0,1.0,0,0.0
7502,6,0.08166378193191581,5.22111676226622e-07,-0.0,-0.0,1.0,0,0.0
8899,6,0.08166377584515672,5.085855449005194e-07,-0.0,-0.0,1.0,0,0.0
9252,6,0.08166377242091102,5.009761100405186e-07,-0.0,-0.0,1.0,0,0.0
3400,6,0.08166375595722661,4.6439014467214434e-07,-0.0,-0.0,1.0,0,0.0
3549,6,0.0816637534077092,4.587245504561466e-07,-0.0,-0.0,1.0,0,0.0
2259,6,0.08166375024252245,4.5169080209461754e-07,-0.0,-0.0,1.0,0,0.0
3101,6,0.08166374514588694,4.4036494539767546e-07,-0.0,-0.0,1.0,0,0.0
1161,6,0.0816636910601401,3.20174396883921e-07,-0.0,-0.0,1.0,0,0.0
904,6,0.08166367717173283,2.8931126960785036e-07,-0.0,-0.0,1.0,0,0.0
8611,6,0.08166367525009482,2.850409629440165e-07,-0.0,-0.0,1.0,0,0.0
5626,6,0.0816636731226608,2.803133317685891e-07,-0.0,-0.0,1.0,0,0.0
3402,6,0.0816636541766296,2.38211040226588e-07,-0.0,-0.0,1.0,0,0.0
1370,6,0.08166362424650019,1.7169964150465233e-07,-0.0,-0.0,1.0,0,0.0
3653,6,0.08166362393615753,1.7100999116781423e-07,-0.0,-0.0,1.0,0,0.0
7769,6,0.081663613394914,1.475850055498995e-07,-0.0,-0.0,1.0,0,0.0
790,6,0.08166361290765357,1.4650220458989338e-07,-0.0,-0.0,1.0,0,0.0
7119,6,0.08166361060333349,1.4138149329046001e-07,-0.0,-0.0,1.0,0,0.0
5922,6,0.08166360549334126,1.3002595500299918e-07,-0.0,-0.0,1.0,0,0.0
7189,6,0.08166360478247159,1.2844624464047882e-07,-0.0,-0.0,1.0,0,0.0
676,6,0.08166359966721687,1.170790119298104e-07,-0.0,-0.0,1.0,0,0.0
5466,6,0.08166359618115793,1.0933221428199857e-07,-0.0,-0.0,1.0,0,0.0
7854,6,0.08166359032794632,9.632507735890528e-08,-0.0,-0.0,1.0,0,0.0
4940,6,0.0816635900479342,9.570282821780296e-08,-0.0,-0.0,1.0,0,0.0
4639,6,0.0816635888917599,9.313355198159456e-08,-0.0,-0.0,1.0,0,0.0
3775,6,0.08166358737646136,8.976622190015604e-08,-0.0,-0.0,1.0,0,0.0
903,6,0.08166358182192034,7.742279739542113e-08,-0.0,-0.0,1.0,0,0.0
5860,6,0.08166357300206814,5.782312584301508e-08,-0.0,-0.0,1.0,0,0.0
1261,6,0.08166357086536197,5.307488992745135e-08,-0.0,-0.0,1.0,0,0.0
1095,6,0.08166356980932882,5.0728149569856384e-08,-0.0,-0.0,1.0,0,0.0
2122,6,0.08166356732894431,4.5216184019203354e-08,-0.0,-0.0,1.0,0,0.0
3683,6,0.08166356663581001,4.3675885574856466e-08,-0.0,-0.0,1.0,0,0.0
299,6,0.08166356563475538,4.1451319710006373e-08,-0.0,-0.0,1.0,0,0.0
5157,6,0.08166356494250132,3.991297736760657e-08,-0.0,-0.0,1.0,0,0.0
4409,6,0.0816635645384771,3.9015145780751936e-08,-0.0,-0.0,1.0,0,0.0
3179,6,0.08166356075297265,3.060291364764822e-08,-0.0,-0.0,1.0,0,0.0
1598,6,0.08166355608283288,2.022482525898539e-08,-0.0,-0.0,1.0,0,0.0
5095,6,0.08166355507871818,1.799345927810947e-08,-0.0,-0.0,1.0,0,0.0
5873,6,0.0816635549231022,1.7647646011198503e-08,-0.0,-0.0,1.0,0,0.0
488,6,0.0816635525963104,1.2476997546251312e-08,-0.0,-0.0,1.0,0,0.0
490,6,0.08166355242934621,1.2105966007425195e-08,-0.0,-0.0,1.0,0,0.0
3594,6,0.08166355157417172,1.0205578271360594e-08,-0.0,-0.0,1.0,0,0.0
863,6,0.08166355085666102,8.6111100472408e-09,-0.0,-0.0,1.0,0,0.0
3736,6,0.08166355076295134,8.402866291667976e-09,-0.0,-0.0,1.0,0,0.0
1759,6,0.08166354889574834,4.253526308950484e-09,-0.0,-0.0,1.0,0,0.0
8068,6,0.08166354729003927,6.852839407045508e-10,-0.0,-0.0,1.0,0,0.0
3407,6,0.08166354700059951,4.208444703834857e-11,-0.0,-0.0,1.0,0,0.0
2430,6,0.08165380305975352,9.211037735323835e-06,-0.0,-0.0,0.0,0,0.0
5790,6,0.08164965809277278,3.3306690738754696e-16,-0.0,-0.0,0.0,0,0.0
5892,6,0.08164965809277278,3.3306690738754696e-16,-0.0,-0.0,0.0,0,0.0
5980,6,0.08164965809277278,3.3306690738754696e-16,-0.0,-0.0,0.0,0,0.0
1954,6,0.08164965809277268,1.1102230246251565e-16,-0.0,-0.0,0.0,0,0.0
4749,6,0.08164965809277268,1.1102230246251565e-16,-0.0,-0.0,0.0,0,0.0
4732,6,0.08164965809277268,1.1102230246251565e-16,-0.0,-0.0,0.0,0,0.0
3140,6,0.08164965809277268,1.1102230246251565e-16,-0.0,-0.0,0.0,0,0.0
1589,6,0.08164965809277268,1.1102230246251565e-16,-0.0,-0.0,0.0,0,0.0
7353,6,0.08164965809277268,1.1102230246251565e-16,-0.0,-0.0,0.0,0,0.0
7338,6,0.08164965809277268,1.1102230246251565e-16,-0.0,-0.0,0.0,0,0.0
8755,6,0.08164965809277268,1.1102230246251565e-16,-0.0,-0.0,0.0,0,0.0
5362,6,0.08164965809277268,1.1102230246251565e-16,-0.0,-0.0,0.0,0,0.0
8007,6,0.08164965809277268,1.1102230246251565e-16,-0.0,-0.0,0.0,0,0.0
5445,6,0.08164965809277268,1.1102230246251565e-16,-0.0,-0.0,0.0,0,0.0
6598,6,0.08164965809277268,1.1102230246251565e-16,-0.0,-0.0,0.0,0,0.0
2202,6,0.08164965809277268,1.1102230246251565e-16,-0.0,-0.0,0.0,0,0.0
5384,6,0.08164965809277268,1.1102230246251565e-16,-0.0,-0.0,0.0,0,0.0
4294,6,0.08164965809277268,1.1102230246251565e-16,-0.0,-0.0,0.0,0,0.0
414,6,0.08164965809277268,1.1102230246251565e-16,-0.0,-0.0,0.0,0,0.0
7955,6,0.08164965809277268,1.1102230246251565e-16,-0.0,-0.0,0.0,0,0.0
4617,6,0.08164965809277268,1.1102230246251565e-16,-0.0,-0.0,0.0,0,0.0
967,6,0.08164965809277268,1.1102230246251565e-16,-0.0,-0.0,0.0,0,0.0
3203,6,0.08164965809277268,1.1102230246251565e-16,-0.0,-0.0,0.0,0,0.0
3931,6,0.08164965809277268,1.1102230246251565e-16,-0.0,-0.0,0.0,0,0.0
3933,6,0.08164965809277268,1.1102230246251565e-16,-0.0,-0.0,0.0,0,0.0
5732,6,0.08164965809277268,1.1102230246251565e-16,-0.0,-0.0,0.0,0,0.0
1604,6,0.08164965809277268,1.1102230246251565e-16,-0.0,-0.0,0.0,0,0.0
9361,6,0.08164965809277268,1.1102230246251565e-16,-0.0,-0.0,0.0,0,0.0
2575,6,0.08164965809277268,1.1102230246251565e-16,-0.0,-0.0,0.0,0,0.0
2583,6,0.08164965809277268,1.1102230246251565e-16,-0.0,-0.0,0.0,0,0.0
7431,6,0.08164965809277268,1.1102230246251565e-16,-0.0,-0.0,0.0,0,0.0
3329,6,0.08164965809277268,1.1102230246251565e-16,-0.0,-0.0,0.0,0,0.0
5801,6,0.08164965809277268,1.1102230246251565e-16,-0.0,-0.0,0.0,0,0.0
8943,6,0.08164965809277268,1.1102230246251565e-16,-0.0,-0.0,0.0,0,0.0
2511,6,0.08164965809277268,1.1102230246251565e-16,-0.0,-0.0,0.0,0,0.0
7937,6,0.08164965809277268,1.1102230246251565e-16,-0.0,-0.0,0.0,0,0.0
9090,6,0.08164965809277268,1.1102230246251565e-16,-0.0,-0.0,0.0,0,0.0
5170,6,0.08164965809277268,1.1102230246251565e-16,-0.0,-0.0,0.0,0,0.0
6808,6,0.08164965809277268,1.1102230246251565e-16,-0.0,-0.0,0.0,0,0.0
6929,6,0.08164965809277268,1.1102230246251565e-16,-0.0,-0.0,0.0,0,0.0
3456,6,0.08164965809277268,1.1102230246251565e-16,-0.0,-0.0,0.0,0,0.0
1242,6,0.08164965809277268,1.1102230246251565e-16,-0.0,-0.0,0.0,0,0.0
5527,6,0.08164965809277268,1.1102230246251565e-16,-0.0,-0.0,0.0,0,0.0
4998,6,0.08164965809277268,1.1102230246251565e-16,-0.0,-0.0,0.0,0,0.0
4464,6,0.08164965809277268,1.1102230246251565e-16,-0.0,-0.0,0.0,0,0.0
6687,6,0.08164965809277268,1.1102230246251565e-16,-0.0,-0.0,0.0,0,0.0
4384,6,0.08164965809277268,1.1102230246251565e-16,-0.0,-0.0,0.0,0,0.0
2020,6,0.08164965809277268,1.1102230246251565e-16,-0.0,-0.0,0.0,0,0.0
1358,6,0.08164965809277268,1.1102230246251565e-16,-0.0,-0.0,0.0,0,0.0
8648,6,0.08164965809277268,1.1102230246251565e-16,-0.0,-0.0,0.0,0,0.0
6636,6,0.08164965809277268,1.1102230246251565e-16,-0.0,-0.0,0.0,0,0.0
8942,6,0.08164965809277268,1.1102230246251565e-16,-0.0,-0.0,0.0,0,0.0
786,6,0.08164965809277268,1.1102230246251565e-16,-0.0,-0.0,0.0,0,0.0
789,6,0.08164965809277268,1.1102230246251565e-16,-0.0,-0.0,0.0,0,0.0
276,6,0.08164965809277268,1.1102230246251565e-16,-0.0,-0.0,0.0,0,0.0
812,6,0.08164965809277268,1.1102230246251565e-16,-0.0,-0.0,0.0,0,0.0
2213,6,0.08164965809277268,1.1102230246251565e-16,-0.0,-0.0,0.0,0,0.0
6465,6,0.08164965809277268,1.1102230246251565e-16,-0.0,-0.0,0.0,0,0.0
7880,6,0.08164965809277268,1.1102230246251565e-16,-0.0,-0.0,0.0,0,0.0
2216,6,0.08164965809277268,1.1102230246251565e-16,-0.0,-0.0,0.0,0,0.0
5132,6,0.08164965809277268,1.1102230246251565e-16,-0.0,-0.0,0.0,0,0.0
7810,6,0.08164965809277268,1.1102230246251565e-16,-0.0,-0.0,0.0,0,0.0
7114,6,0.08164965809277268,1.1102230246251565e-16,-0.0,-0.0,0.0,0,0.0
3433,6,0.08164965809277268,1.1102230246251565e-16,-0.0,-0.0,0.0,0,0.0
3390,6,0.08164965809277268,1.1102230246251565e-16,-0.0,-0.0,0.0,0,0.0
8897,6,0.08164965809277268,1.1102230246251565e-16,-0.0,-0.0,0.0,0,0.0
878,6,0.08164965809277268,1.1102230246251565e-16,-0.0,-0.0,0.0,0,0.0
68,6,0.08164965809277268,1.1102230246251565e-16,-0.0,-0.0,0.0,0,0.0
8527,6,0.08164965809277268,1.1102230246251565e-16,-0.0,-0.0,0.0,0,0.0
6248,6,0.08164965809277268,1.1102230246251565e-16,-0.0,-0.0,0.0,0,0.0
1431,6,0.08164965809277268,1.1102230246251565e-16,-0.0,-0.0,0.0,0,0.0
6287,6,0.08164965809277262,0.0,-0.0,-0.0,0.0,0,0.0
9345,6,0.08164965809277262,0.0,-0.0,-0.0,0.0,0,0.0
2009,6,0.08164965809277262,0.0,-0.0,-0.0,0.0,0,0.0
2091,6,0.08164965809277262,0.0,-0.0,-0.0,0.0,0,0.0
113,6,0.08164965809277262,0.0,-0.0,-0.0,0.0,0,0.0
1306,6,0.08164965809277262,0.0,-0.0,-0.0,0.0,0,0.0
9358,6,0.08164965809277262,0.0,-0.0,-0.0,0.0,0,0.0
2903,6,0.08164965809277262,0.0,-0.0,-0.0,0.0,0,0.0
1616,6,0.08164965809277262,0.0,-0.0,-0.0,0.0,0,0.0
1621,6,0.08164965809277262,0.0,-0.0,-0.0,0.0,0,0.0
317,6,0.08164965809277262,0.0,-0.0,-0.0,0.0,0,0.0
3438,6,0.08164965809277262,0.0,-0.0,-0.0,0.0,0,0.0
1721,6,0.08164965809277262,0.0,-0.0,-0.0,0.0,0,0.0
639,6,0.08164965809277262,0.0,-0.0,-0.0,0.0,0,0.0
8800,6,0.08164965809277262,0.0,-0.0,-0.0,0.0,0,0.0
640,6,0.08164965809277262,0.0,-0.0,-0.0,0.0,0,0.0
898,6,0.08164965809277262,0.0,-0.0,-0.0,0.0,0,0.0
916,6,0.08164965809277262,0.0,-0.0,-0.0,0.0,0,0.0
336,6,0.08164965809277262,0.0,-0.0,-0.0,0.0,0,0.0
228,6,0.08164965809277262,0.0,-0.0,-0.0,0.0,0,0.0
6891,6,0.08164965809277262,0.0,-0.0,-0.0,0.0,0,0.0
4000,6,0.08164965809277262,0.0,-0.0,-0.0,0.0,0,0.0
4813,6,0.08164965809277262,0.0,-0.0,-0.0,0.0,0,0.0
8029,6,0.08164965809277262,0.0,-0.0,-0.0,0.0,0,0.0
1751,6,0.08164965809277262,0.0,-0.0,-0.0,0.0,0,0.0
5382,6,0.08164965809277262,0.0,-0.0,-0.0,0.0,0,0.0
8424,6,0.08164965809277262,0.0,-0.0,-0.0,0.0,0,0.0
7405,6,0.08164965809277262,0.0,-0.0,-0.0,0.0,0,0.0
7396,6,0.08164965809277262,0.0,-0.0,-0.0,0.0,0,0.0
1961,6,0.08164965809277262,0.0,-0.0,-0.0,0.0,0,0.0
8405,6,0.08164965809277262,0.0,-0.0,-0.0,0.0,0,0.0
4015,6,0.08164965809277262,0.0,-0.0,-0.0,0.0,0,0.0
4026,6,0.08164965809277262,0.0,-0.0,-0.0,0.0,0,0.0
2266,6,0.08164965809277262,0.0,-0.0,-0.0,0.0,0,0.0
8469,6,0.08164965809277262,0.0,-0.0,-0.0,0.0,0,0.0
7383,6,0.08164965809277262,0.0,-0.0,-0.0,0.0,0,0.0
8708,6,0.08164965809277262,0.0,-0.0,-0.0,0.0,0,0.0
340,6,0.08164965809277262,0.0,-0.0,-0.0,0.0,0,0.0
8997,6,0.08164965809277262,0.0,-0.0,-0.0,0.0,0,0.0
5877,6,0.08164965809277262,0.0,-0.0,-0.0,0.0,0,0.0
6550,6,0.08164965809277262,0.0,-0.0,-0.0,0.0,0,0.0
7434,6,0.08164965809277262,0.0,-0.0,-0.0,0.0,0,0.0
2456,6,0.08164965809277262,0.0,-0.0,-0.0,0.0,0,0.0
8978,6,0.08164965809277262,0.0,-0.0,-0.0,0.0,0,0.0
6602,6,0.08164965809277262,0.0,-0.0,-0.0,0.0,0,0.0
5692,6,0.08164965809277262,0.0,-0.0,-0.0,0.0,0,0.0
8746,6,0.08164965809277262,0.0,-0.0,-0.0,0.0,0,0.0
1140,6,0.08164965809277262,0.0,-0.0,-0.0,0.0,0,0.0
5324,6,0.08164965809277262,0.0,-0.0,-0.0,0.0,0,0.0
1800,6,0.08164965809277262,0.0,-0.0,-0.0,0.0,0,0.0
2480,6,0.08164965809277262,0.0,-0.0,-0.0,0.0,0,0.0
2470,6,0.08164965809277262,0.0,-0.0,-0.0,0.0,0,0.0
3160,6,0.08164965809277262,0.0,-0.0,-0.0,0.0,0,0.0
5226,6,0.08164965809277262,0.0,-0.0,-0.0,0.0,0,0.0
1504,6,0.08164965809277262,0.0,-0.0,-0.0,0.0,0,0.0
3061,6,0.08164965809277262,0.0,-0.0,-0.0,0.0,0,0.0
4240,6,0.08164965809277262,0.0,-0.0,-0.0,0.0,0,0.0
6436,6,0.08164965809277262,0.0,-0.0,-0.0,0.0,0,0.0
5094,6,0.08164965809277262,0.0,-0.0,-0.0,0.0,0,0.0
5001,6,0.08164965809277262,0.0,-0.0,-0.0,0.0,0,0.0
2152,6,0.08164965809277262,0.0,-0.0,-0.0,0.0,0,0.0
4278,6,0.08164965809277262,0.0,-0.0,-0.0,0.0,0,0.0
1637,6,0.08164965809277262,0.0,-0.0,-0.0,0.0,0,0.0
7772,6,0.08164965809277262,0.0,-0.0,-0.0,0.0,0,0.0
7791,6,0.08164965809277262,0.0,-0.0,-0.0,0.0,0,0.0
1383,6,0.08164965809277262,0.0,-0.0,-0.0,0.0,0,0.0
6365,6,0.08164965809277262,0.0,-0.0,-0.0,0.0,0,0.0
2160,6,0.08164965809277262,0.0,-0.0,-0.0,0.0,0,0.0
4396,6,0.08164965809277262,0.0,-0.0,-0.0,0.0,0,0.0
6418,6,0.08164965809277262,0.0,-0.0,-0.0,0.0,0,0.0
7638,6,0.08164965809277262,0.0,-0.0,-0.0,0.0,0,0.0
2711,6,0.08164965809277262,0.0,-0.0,-0.0,0.0,0,0.0
1943,6,0.08164965809277262,0.0,-0.0,-0.0,0.0,0,0.0
2714,6,0.08164965809277262,0.0,-0.0,-0.0,0.0,0,0.0
2879,6,0.08164965809277262,0.0,-0.0,-0.0,0.0,0,0.0
1486,6,0.08164965809277262,0.0,-0.0,-0.0,0.0,0,0.0
9235,6,0.08164965809277262,0.0,-0.0,-0.0,0.0,0,0.0
1493,6,0.08164965809277262,0.0,-0.0,-0.0,0.0,0,0.0
6111,6,0.08164965809277262,0.0,-0.0,-0.0,0.0,0,0.0
1496,6,0.08164965809277262,0.0,-0.0,-0.0,0.0,0,0.0
6417,6,0.08164965809277262,0.0,-0.0,-0.0,0.0,0,0.0
1686,6,0.08164965809277262,0.0,-0.0,-0.0,0.0,0,0.0
1052,6,0.08164965809277262,0.0,-0.0,-0.0,0.0,0,0.0
5030,6,0.08164965809277262,0.0,-0.0,-0.0,0.0,0,0.0
1035,6,0.08164965809277262,0.0,-0.0,-0.0,0.0,0,0.0
494,6,0.08164965809277262,0.0,-0.0,-0.0,0.0,0,0.0
5169,6,0.08164965809277262,0.0,-0.0,-0.0,0.0,0,0.0
5971,6,0.08164965809277262,0.0,-0.0,-0.0,0.0,0,0.0
2500,6,0.08164965809277262,0.0,-0.0,-0.0,0.0,0,0.0
7938,6,0.08164965809277262,0.0,-0.0,-0.0,0.0,0,0.0
7334,6,0.08164965809277262,0.0,-0.0,-0.0,0.0,0,0.0
7823,6,0.08164965809277262,0.0,-0.0,-0.0,0.0,0,0.0
7196,6,0.08164965809277262,0.0,-0.0,-0.0,0.0,0,0.0
1548,6,0.08164965809277262,0.0,-0.0,-0.0,0.0,0,0.0
4869,6,0.08164965809277262,0.0,-0.0,-0.0,0.0,0,0.0
4877,6,0.08164965809277262,0.0,-0.0,-0.0,0.0,0,0.0
1251,6,0.08164965809277262,0.0,-0.0,-0.0,0.0,0,0.0
1647,6,0.08164965809277262,0.0,-0.0,-0.0,0.0,0,0.0
6780,6,0.08164965809277262,0.0,-0.0,-0.0,0.0,0,0.0
372,6,0.08164965809277262,0.0,-0.0,-0.0,0.0,0,0.0
8667,6,0.08164965809277262,0.0,-0.0,-0.0,0.0,0,0.0
7327,6,0.08164965809277262,0.0,-0.0,-0.0,0.0,0,0.0
4939,6,0.08164965809277262,0.0,-0.0,-0.0,0.0,0,0.0
5195,6,0.08164965809277262,0.0,-0.0,-0.0,0.0,0,0.0
9071,6,0.08164965809277262,0.0,-0.0,-0.0,0.0,0,0.0
7000,6,0.08164965809277253,-2.220446049250313e-16,-0.0,-0.0,0.0,0,0.0
5424,6,0.08164965809277253,-2.220446049250313e-16,-0.0,-0.0,0.0,0,0.0
8726,6,0.08164965809277253,-2.220446049250313e-16,-0.0,-0.0,0.0,0,0.0
3325,6,0.08164965809277253,-2.220446049250313e-16,-0.0,-0.0,0.0,0,0.0
241,6,0.08164965809277253,-2.220446049250313e-16,-0.0,-0.0,0.0,0,0.0
3265,6,0.08164965809277253,-2.220446049250313e-16,-0.0,-0.0,0.0,0,0.0
6684,6,0.08164965809277253,-2.220446049250313e-16,-0.0,-0.0,0.0,0,0.0
2003,6,0.08164965809277253,-2.220446049250313e-16,-0.0,-0.0,0.0,0,0.0
96,6,0.08164965809277253,-2.220446049250313e-16,-0.0,-0.0,0.0,0,0.0
2616,6,0.08164965809277253,-2.220446049250313e-16,-0.0,-0.0,0.0,0,0.0
307,6,0.08164965809277253,-2.220446049250313e-16,-0.0,-0.0,0.0,0,0.0
940,6,0.08164965809277253,-2.220446049250313e-16,-0.0,-0.0,0.0,0,0.0
6253,6,0.08164965809277253,-2.220446049250313e-16,-0.0,-0.0,0.0,0,0.0
446,6,0.08164965809277253,-2.220446049250313e-16,-0.0,-0.0,0.0,0,0.0
1929,6,0.08164965809277253,-2.220446049250313e-16,-0.0,-0.0,0.0,0,0.0
8543,6,0.08164965809277253,-2.220446049250313e-16,-0.0,-0.0,0.0,0,0.0
1271,6,0.08164965809277253,-2.220446049250313e-16,-0.0,-0.0,0.0,0,0.0
862,6,0.08164965809277253,-2.220446049250313e-16,-0.0,-0.0,0.0,0,0.0
2591,6,0.08164965809277253,-2.220446049250313e-16,-0.0,-0.0,0.0,0,0.0
1950,6,0.08164965809277253,-2.220446049250313e-16,-0.0,-0.0,0.0,0,0.0
7792,6,0.08164965809277253,-2.220446049250313e-16,-0.0,-0.0,0.0,0,0.0
7295,6,0.08164965809277253,-2.220446049250313e-16,-0.0,-0.0,0.0,0,0.0
4262,6,0.08164965809277253,-2.220446049250313e-16,-0.0,-0.0,0.0,0,0.0
7186,6,0.08164965809277253,-2.220446049250313e-16,-0.0,-0.0,0.0,0,0.0
4264,6,0.08164965809277253,-2.220446049250313e-16,-0.0,-0.0,0.0,0,0.0
771,6,0.08164965809277253,-2.220446049250313e-16,-0.0,-0.0,0.0,0,0.0
1551,6,0.08164965809277253,-2.220446049250313e-16,-0.0,-0.0,0.0,0,0.0
6783,6,0.08164965809277253,-2.220446049250313e-16,-0.0,-0.0,0.0,0,0.0
2397,6,0.08164965809277253,-2.220446049250313e-16,-0.0,-0.0,0.0,0,0.0
1578,6,0.08164965809277253,-2.220446049250313e-16,-0.0,-0.0,0.0,0,0.0
7329,6,0.08164965809277253,-2.220446049250313e-16,-0.0,-0.0,0.0,0,0.0
1764,6,0.08164965809277253,-2.220446049250313e-16,-0.0,-0.0,0.0,0,0.0
2503,6,0.08164965809277253,-2.220446049250313e-16,-0.0,-0.0,0.0,0,0.0
501,6,0.08164965809277253,-2.220446049250313e-16,-0.0,-0.0,0.0,0,0.0
7250,6,0.08164965809277253,-2.220446049250313e-16,-0.0,-0.0,0.0,0,0.0
411,6,0.08164965809277253,-2.220446049250313e-16,-0.0,-0.0,0.0,0,0.0
130,6,0.08164965809277253,-2.220446049250313e-16,-0.0,-0.0,0.0,0,0.0
8517,6,0.08164965809277253,-2.220446049250313e-16,-0.0,-0.0,0.0,0,0.0
7771,6,0.08164965809277253,-2.220446049250313e-16,-0.0,-0.0,0.0,0,0.0
6094,6,0.08164965809277253,-2.220446049250313e-16,-0.0,-0.0,0.0,0,0.0
6495,6,0.08164965809277253,-2.220446049250313e-16,-0.0,-0.0,0.0,0,0.0
9137,6,0.08164965809277253,-2.220446049250313e-16,-0.0,-0.0,0.0,0,0.0
4237,6,0.08164965809277253,-2.220446049250313e-16,-0.0,-0.0,0.0,0,0.0
805,6,0.08164965809277253,-2.220446049250313e-16,-0.0,-0.0,0.0,0,0.0
237,6,0.08164965809277253,-2.220446049250313e-16,-0.0,-0.0,0.0,0,0.0
8907,6,0.08164965809277253,-2.220446049250313e-16,-0.0,-0.0,0.0,0,0.0
8092,6,0.08164965809277253,-2.220446049250313e-16,-0.0,-0.0,0.0,0,0.0
4926,6,0.08164965809277253,-2.220446049250313e-16,-0.0,-0.0,0.0,0,0.0
8694,6,0.08164965809277253,-2.220446049250313e-16,-0.0,-0.0,0.0,0,0.0
4033,6,0.08164965809277253,-2.220446049250313e-16,-0.0,-0.0,0.0,0,0.0
6564,6,0.08164965809277253,-2.220446049250313e-16,-0.0,-0.0,0.0,0,0.0
6562,6,0.08164965809277253,-2.220446049250313e-16,-0.0,-0.0,0.0,0,0.0
971,6,0.08164965809277253,-2.220446049250313e-16,-0.0,-0.0,0.0,0,0.0
7410,6,0.08164965809277253,-2.220446049250313e-16,-0.0,-0.0,0.0,0,0.0
5736,6,0.08164965809277253,-2.220446049250313e-16,-0.0,-0.0,0.0,0,0.0
6674,6,0.08164965809277253,-2.220446049250313e-16,-0.0,-0.0,0.0,0,0.0
5729,6,0.08164965809277253,-2.220446049250313e-16,-0.0,-0.0,0.0,0,0.0
1299,6,0.08164965809277253,-2.220446049250313e-16,-0.0,-0.0,0.0,0,0.0
2339,6,0.08164965809277253,-2.220446049250313e-16,-0.0,-0.0,0.0,0,0.0
3601,232,0.08135736291009693,0.0031597060874473115,-0.0,0.44471753108367446,7.0,232,1.0
3484,250,0.08111349624104754,0.003992224900209451,-0.0,0.44374608114312064,7.630000114440918,250,1.0
3648,240,0.0810636093741144,0.0059110313519340485,-0.0,0.4359561533347392,7.2200000286102295,240,1.0
3682,266,0.08088115301441055,0.006911928038762394,-0.0,0.43599406479714253,7.8399999141693115,266,1.0
3534,248,0.08086968015989231,0.005902217361998807,-0.0,0.43610964949834385,7.0,248,1.0
3596,234,0.08081870129909682,0.006228841758650128,-0.0,0.43229394184179853,7.0,234,1.0
3458,282,0.0808092254257005,0.00567956042977269,-0.0,0.44164064366039624,7.019999980926514,282,1.0
3557,253,0.08060649029171317,0.005131812410187786,-0.0,0.4375070681044521,7.0,253,1.0
3766,253,0.08050431261967005,0.005754814491195304,-0.0,0.43492446998256495,7.349999904632568,253,1.0
3502,253,0.08036432035057015,0.00562047324065551,-0.0,0.4344266193387621,7.0,253,1.0
3701,254,0.08021459095475975,0.005468660630796651,-0.0,0.43404903563943903,7.0,254,1.0
3656,237,0.0800700510887053,0.006033961162829171,-0.0,0.42844100195984886,7.0,237,1.0
3774,275,0.08006705367604112,0.004903676507287846,0.034703114844079,0.4032877744463615,7.294469118118286,275,1.0
3540,253,0.07963294605004323,0.005989617295664051,-0.0,0.428443358503557,7.0,253,1.0
3610,235,0.07963037030583359,0.004080853476022939,-0.0,0.43100135038888127,7.0,235,1.0
3723,245,0.07936931320295608,0.005810648123112827,-0.0,0.4258651201688953,7.0,245,1.0
3637,240,0.07928215542938466,0.005723956566577093,-0.0,0.424661388432298,7.0,240,1.0
3496,262,0.0791184964329625,0.0060801346253013255,-0.0,0.4261944824336692,7.0,262,1.0
3650,259,0.07908301981621282,0.0053183292663515624,-0.0,0.4277676940273894,7.0,259,1.0
3630,251,0.0789856876074629,0.005174264029621178,-0.0,0.42622901968540045,7.130000114440918,251,1.0
3478,244,0.0789763675828072,0.00797075807319747,-0.0,0.4165296637766517,7.6600000858306885,244,1.0
3490,261,0.07893875398144885,0.005228122975272975,-0.0,0.42735291471925374,7.450000047683716,261,1.0
3452,268,0.07882335358698359,0.003944100984614729,-0.0,0.43147894323153113,7.900000095367432,268,1.0
3746,261,0.07874696828374421,0.004678393836566985,-0.0,0.4277651974884226,7.0,261,1.0
3618,250,0.07868768608844093,0.006597955511207121,-0.0,0.4198151549700133,7.0,250,1.0
3589,251,0.07849030738327879,0.0040774314362009845,-0.0,0.42622901968540045,7.0,251,1.0
3711,264,0.07837514464587797,0.005932283814979122,-0.0,0.42199497072654585,7.0,264,1.0
3614,267,0.07832838361244487,0.00536259004830375,-0.0,0.4238222235430487,7.349999904632568,267,1.0
3562,245,0.07828792806357024,0.005856144607316871,-0.0,0.4185193964537109,7.0,245,1.0
3672,259,0.0782447629716163,0.004037330241982939,-0.0,0.42602231213651837,7.0,259,1.0
3730,257,0.07810120086567193,0.004514897691572761,-0.0,0.4233107830080391,7.0,257,1.0
3663,249,0.07807841953740474,0.006728800972123805,-0.0,0.41519167911491495,7.0,249,1.0
3625,255,0.07790024739978066,0.005232730065996671,-0.0,0.4194920721743796,7.0,255,1.0
3657,269,0.07770048079791614,0.004808410269147134,-0.0,0.421577328900363,7.623476982116699,269,1.0
3735,260,0.07769421409229908,0.0042578383969966715,-0.0,0.4218499408833834,7.0,260,1.0
3744,263,0.07744288891296217,0.004990661592040202,-0.0,0.4184406043729987,7.0899999141693115,263,1.0
3545,266,0.07731348436152653,0.004996630428045212,-0.0,0.418033277713231,7.0,266,1.0
3591,265,0.07727752495041225,0.005164921208727691,-0.0,0.4171345723172237,7.0,265,1.0
3725,271,0.07722022210248598,0.0045798560139895805,-0.0,0.41935799371395904,7.6646199226379395,271,1.0
3504,265,0.07709348545903973,0.004755944561233183,-0.0,0.4171345723172237,7.0,265,1.0
3570,260,0.0770713097010685,0.005577279108824995,-0.0,0.4137389228063612,7.0,260,1.0
3675,259,0.07700739407419395,0.005003104182917162,-0.0,0.4148758643309,7.0,259,1.0
3639,280,0.07688498175067754,0.005854504514506087,-0.0,0.4145979760291891,7.809999942779541,280,1.0
3529,256,0.07680318793761573,0.005081335057061098,-0.0,0.4127957662647735,7.0,256,1.0
3737,270,0.0766592461365511,0.005894332432212157,-0.0,0.41158641287219816,7.0,270,1.0
3522,261,0.07665645494720676,0.004878097443829832,-0.0,0.4132293310897177,7.0,261,1.0
3527,268,0.07648456754309466,0.005708511523540127,-0.0,0.41060121207791433,7.819999933242798,268,1.0
3803,269,0.0763398220529396,0.004768667047155062,-0.0,0.41268322961669174,7.0,269,1.0
3709,262,0.07623072851485996,0.005137104225565792,-0.0,0.40975975046455865,7.130000114440918,262,1.0
3772,261,0.07623053846743846,0.0059623252286080675,-0.0,0.40713720453692775,7.0,261,1.0
3680,257,0.07615919568202786,0.004405548994761088,-0.0,0.41069212787418036,7.0,257,1.0
3756,264,0.07613492263648974,0.004521962992150685,-0.0,0.41128556424885226,7.059999942779541,264,1.0
3764,260,0.07589065291616687,0.003515869710280728,-0.0,0.4120002539227628,7.559999942779541,260,1.0
3692,266,0.07584175530009894,0.0030831433946746367,-0.0,0.41387610061986646,7.930000066757202,266,1.0
3795,272,0.07571020856887589,0.003934225502337574,-0.0,0.4114386907919008,7.0,272,1.0
3687,265,0.07557579518215521,0.006184889248411207,-0.0,0.4027298030764595,7.0,265,1.0
3716,254,0.0754432200339123,0.0035526872453558456,-0.0,0.40791652002891493,7.769999980926514,254,1.0
3758,275,0.07518778372050249,0.004668340594111142,-0.0,0.40619569631879804,7.0,275,1.0
3696,269,0.07517512707142818,0.004940165287184328,-0.0,0.4044041016865278,7.0,269,1.0
3509,282,0.07487767831201123,0.006067895265165157,-0.0,0.4009338435797094,7.0,282,1.0
3780,266,0.07449036646933144,0.004186109479406452,-0.0,0.40164405461117997,7.0,266,1.0
3632,277,0.07446069343669472,0.0038540830672612048,-0.0,0.40408198981121846,7.0,277,1.0
3719,274,0.07437872788232157,0.005049619580971609,-0.0,0.399489344323952,7.240000009536743,274,1.0
3548,272,0.07435007045711414,0.004523470032441468,-0.0,0.40060336978984407,7.0,272,1.0
3703,277,0.07393892968032982,0.006417034001390931,-0.0,0.3929147119663966,7.0,277,1.0
3604,259,0.07337329494998512,0.0030168565219763632,-0.0,0.39660727981899696,7.0,259,1.0
3510,279,0.0729399184467982,0.0041480005250496,-0.0,0.39334939457679113,7.0,279,1.0
8389,9,0.06875716276589469,0.0045838184921116465,-0.0,-0.0,2.0,0,0.0
3567,217,0.06795971734883216,0.0009617274051850755,-0.0,0.35901888752156025,7.0,217,1.0
9017,9,0.06726226147465401,0.001200087227626212,-0.0,-0.0,4.0,0,0.0
6680,9,0.06715222081247577,0.0008320956326621776,-0.0,-0.0,8.0,0,0.0
8125,9,0.06703835241247685,0.0007642399289609081,-0.0,-0.0,2.0,0,0.0
7645,9,0.06700197963008797,0.0004982263384670782,-0.0,-0.0,8.0,0,0.0
6987,9,0.06698310335630375,0.0006414642485762512,-0.0,-0.0,2.0,0,0.0
371,9,0.06697692094077577,0.0005042687572794913,-0.0,-0.0,6.0,0,0.0
1187,9,0.06693500268925978,0.00038025288971310633,-0.0,-0.0,7.0,0,0.0
8573,9,0.06691291423136565,0.00042376002031874194,-0.0,-0.0,4.0,0,0.0
3462,207,0.06690795015951537,0.003194650420213385,-0.0,0.34307745837090464,7.759999990463257,207,1.0
3063,9,0.06689512145581017,0.0002916279264917332,-0.0,-0.0,7.0,0,0.0
7935,9,0.06688938625447897,0.0004332040222989608,-0.0,-0.0,2.0,0,0.0
7366,9,0.06688794708089113,0.0004300058587703992,-0.0,-0.0,2.0,0,0.0
8459,9,0.0668782299609826,0.0002540912713193677,-0.0,-0.0,7.0,0,0.0
8610,9,0.06687376536930337,0.00021330575894573656,-0.0,-0.0,8.0,0,0.0
8109,9,0.06687345111877949,0.0004286568071643071,-0.0,-0.0,1.0,0,0.0
9073,9,0.06686829051106806,0.00032459619743518964,-0.0,-0.0,4.0,0,0.0
849,9,0.06686735730012695,0.00022992980275127195,-0.0,-0.0,7.0,0,0.0
7504,9,0.06686326968734412,0.00037516720644370505,-0.0,-0.0,2.0,0,0.0
7572,9,0.06685456305175877,0.0001706339421799763,-0.0,-0.0,8.0,0,0.0
7697,9,0.06685403747631034,0.00020033019426990428,-0.0,-0.0,7.0,0,0.0
1619,9,0.06685023972330194,0.0003153475332635658,-0.0,-0.0,3.0,0,0.0
6549,9,0.06684649983440735,0.00018357987892991812,-0.0,-0.0,7.0,0,0.0
80,9,0.06684117485701903,0.0001408823983138907,-0.0,-0.0,8.0,0,0.0
1062,9,0.06683489295251781,0.0002503794006568638,-0.0,-0.0,4.0,0,0.0
8779,9,0.06683213966630035,0.00021339678930942796,-0.0,-0.0,5.0,0,0.0
7915,9,0.06682537181393469,0.0002909497099783387,-0.0,-0.0,2.0,0,0.0
2982,9,0.06681041318452396,7.252312610261935e-05,-0.0,-0.0,8.0,0,0.0
7874,9,0.06681002623100303,0.0002568484145746286,-0.0,-0.0,2.0,0,0.0
2012,9,0.06680842459327731,0.0001606966270359944,-0.0,-0.0,5.0,0,0.0
7766,9,0.06680510564054154,0.000215049571573811,-0.0,-0.0,3.0,0,0.0
4996,9,0.06680477959194846,9.086822902126812e-05,-0.0,-0.0,7.0,0,0.0
6840,9,0.06680200909335603,0.00023903255313684202,-0.0,-0.0,2.0,0,0.0
5558,9,0.06679998778288483,4.9355566904552006e-05,-0.0,-0.0,8.0,0,0.0
2082,9,0.06679954754209419,7.924145156734674e-05,-0.0,-0.0,7.0,0,0.0
8966,9,0.06679704449726434,0.0002280001173775581,-0.0,-0.0,2.0,0,0.0
8735,9,0.06679642771988831,0.0002574936985172416,-0.0,-0.0,1.0,0,0.0
1387,9,0.06679633105561925,4.122950631435529e-05,-0.0,-0.0,8.0,0,0.0
856,9,0.06679617550280678,0.00013347642599037535,-0.0,-0.0,5.0,0,0.0
6635,9,0.0667905297390253,0.00024438707437723917,-0.0,-0.0,1.0,0,0.0
8381,9,0.06678962426646234,0.00018064651806448673,-0.0,-0.0,3.0,0,0.0
8511,9,0.06678950420986038,0.0002112439231465313,-0.0,-0.0,2.0,0,0.0
4698,9,0.06678521226594628,1.6521084818865717e-05,-0.0,-0.0,8.0,0,0.0
9012,9,0.06678471532728424,4.628097421188748e-05,-0.0,-0.0,7.0,0,0.0
770,9,0.06678252206071147,7.22712460254904e-05,-0.0,-0.0,6.0,0,0.0
5007,9,0.06678173586472522,7.052414383379446e-05,-0.0,-0.0,6.0,0,0.0
7865,9,0.06678155571445316,0.00022444479755023838,-0.0,-0.0,1.0,0,0.0
224,9,0.06677700087520157,0.00012173033995410698,-0.0,-0.0,4.0,0,0.0
7526,9,0.06677589944498835,0.00021187530985067315,-0.0,-0.0,1.0,0,0.0
3057,9,0.06677561934468246,2.606767954127509e-05,-0.0,-0.0,7.0,0,0.0
6625,9,0.06677482236507676,0.00017861760140513994,-0.0,-0.0,2.0,0,0.0
5213,9,0.06677478407896022,5.507573102270236e-05,-0.0,-0.0,6.0,0,0.0
8174,9,0.06677258363095137,0.0001736426366820698,-0.0,-0.0,2.0,0,0.0
8065,9,0.06677243097593194,1.8982415651236373e-05,-0.0,-0.0,7.0,0,0.0
6554,9,0.06677231421744491,4.95871498775724e-05,-0.0,-0.0,6.0,0,0.0
8753,9,0.06677142956933795,1.675706766457452e-05,-0.0,-0.0,7.0,0,0.0
2080,9,0.0667698622172392,0.00016759505065500058,-0.0,-0.0,2.0,0,0.0
4123,9,0.06676922733479512,1.1863213124962968e-05,-0.0,-0.0,7.0,0,0.0
8011,9,0.06676897208378858,0.0001964811738511818,-0.0,-0.0,1.0,0,0.0
1983,9,0.06676800178025127,0.00016346074623740936,-0.0,-0.0,2.0,0,0.0
4134,9,0.06676782591793,7.047734848641962e-05,-0.0,-0.0,5.0,0,0.0
5819,9,0.06676505631792981,0.0001877794719428172,-0.0,-0.0,1.0,0,0.0
2099,9,0.0667649687730276,2.399742530467819e-06,-0.0,-0.0,7.0,0,0.0
5972,9,0.06676440790798334,1.1533757654502708e-06,-0.0,-0.0,7.0,0,0.0
5828,9,0.06676146522375101,0.00014893506512569932,-0.0,-0.0,2.0,0,0.0
5944,9,0.06675992064229636,2.2045871769682535e-05,-0.0,-0.0,6.0,0,0.0
9153,9,0.06675895715250842,0.00014336157347549783,-0.0,-0.0,2.0,0,0.0
9093,9,0.06675890054542533,0.00017409997748840667,-0.0,-0.0,1.0,0,0.0
3954,9,0.06675745593518685,1.6568744859668527e-05,-0.0,-0.0,6.0,0,0.0
726,9,0.0667517875923321,3.972427404685952e-06,-0.0,-0.0,6.0,0,0.0
4178,9,0.06675131214981869,0.000157236876140332,-0.0,-0.0,1.0,0,0.0
3541,9,0.06675003527738112,7.839418025845646e-08,-0.0,-0.0,6.0,0,0.0
1334,9,0.06674922929526184,0.0001217441129275354,-0.0,-0.0,2.0,0,0.0
822,9,0.06674831113371764,0.00011970375394043664,-0.0,-0.0,2.0,0,0.0
7259,9,0.06674580960821451,8.328061084705851e-05,-0.0,-0.0,3.0,0,0.0
6620,9,0.06674429404631108,0.00011077689303695681,-0.0,-0.0,2.0,0,0.0
1645,9,0.06674136106092289,1.1666555137290757e-05,-0.0,-0.0,5.0,0,0.0
7888,9,0.06674118407138982,0.00013473003518726934,-0.0,-0.0,1.0,0,0.0
797,9,0.06674046950878487,4.054952569476633e-05,-0.0,-0.0,4.0,0,0.0
8801,9,0.06673829353592492,3.571403045043997e-05,-0.0,-0.0,4.0,0,0.0
2621,9,0.06673693197021752,9.441672394017164e-05,-0.0,-0.0,2.0,0,0.0
1671,9,0.06673642925649165,7.069897345335363e-07,-0.0,-0.0,5.0,0,0.0
5629,9,0.06673586862532853,6.118953776712566e-05,-0.0,-0.0,3.0,0,0.0
4773,9,0.06673579038434034,9.18798664353293e-05,-0.0,-0.0,2.0,0,0.0
5604,9,0.06673550695798075,0.00012211422761154722,-0.0,-0.0,1.0,0,0.0
3311,9,0.0667342464449883,2.672049503571472e-05,-0.0,-0.0,4.0,0,0.0
5654,9,0.06673382160817556,2.5776413229650075e-05,-0.0,-0.0,4.0,0,0.0
2518,9,0.06673360685977009,8.702758961254276e-05,-0.0,-0.0,2.0,0,0.0
7382,9,0.06673339089248122,0.00011741185983482616,-0.0,-0.0,1.0,0,0.0
7847,9,0.06673078124320744,0.00011161263922643272,-0.0,-0.0,1.0,0,0.0
1612,9,0.06672929324366972,7.74417760561752e-05,-0.0,-0.0,2.0,0,0.0
1077,9,0.06672906364597816,7.693155896382198e-05,-0.0,-0.0,2.0,0,0.0
5816,9,0.06672780402287887,0.00010499659405183159,-0.0,-0.0,1.0,0,0.0
6817,9,0.06672725786148423,7.291870453285387e-05,-0.0,-0.0,2.0,0,0.0
5148,9,0.06672547070899057,9.981145207782482e-05,-0.0,-0.0,1.0,0,0.0
2137,9,0.06672439688689613,9.742518075683826e-05,-0.0,-0.0,1.0,0,0.0
2085,9,0.06672378424543074,3.433536021646422e-05,-0.0,-0.0,3.0,0,0.0
1048,9,0.066723607903537,6.480768687233684e-05,-0.0,-0.0,2.0,0,0.0
5636,9,0.06672292262722795,6.328485063000766e-05,-0.0,-0.0,2.0,0,0.0
7363,9,0.06672261961382658,6.261148751585122e-05,-0.0,-0.0,2.0,0,0.0
2545,9,0.06672165230994924,2.9597725813124143e-05,-0.0,-0.0,3.0,0,0.0
3955,9,0.06672074977166416,8.932048024135053e-05,-0.0,-0.0,1.0,0,0.0
4047,9,0.06671831478227071,5.304519516946549e-05,-0.0,-0.0,2.0,0,0.0
55,9,0.06671715999010241,5.047899035104386e-05,-0.0,-0.0,2.0,0,0.0
330,9,0.06671677602230713,8.048992611464634e-05,-0.0,-0.0,1.0,0,0.0
6440,9,0.06671641099098599,4.881454787009076e-05,-0.0,-0.0,2.0,0,0.0
5277,9,0.06671566371704052,4.715393910237342e-05,-0.0,-0.0,2.0,0,0.0
3908,9,0.06671558533282153,7.784394947996098e-05,-0.0,-0.0,1.0,0,0.0
7509,9,0.06671434467538095,7.508693294533408e-05,-0.0,-0.0,1.0,0,0.0
4094,9,0.06671282198957547,4.083898918005868e-05,-0.0,-0.0,2.0,0,0.0
5963,9,0.06670943461664612,3.3311493781496004e-05,-0.0,-0.0,2.0,0,0.0
3976,9,0.06670932669175894,3.307166069888012e-05,-0.0,-0.0,2.0,0,0.0
6369,9,0.06670880152697169,1.0404303074640353e-06,-0.0,-0.0,3.0,0,0.0
2263,9,0.06670849833010997,3.123085703449213e-05,-0.0,-0.0,2.0,0,0.0
837,9,0.06670847163613473,3.0733955869166607e-07,-0.0,-0.0,3.0,0,0.0
1252,9,0.06670741047220784,5.967759256064742e-05,-0.0,-0.0,1.0,0,0.0
3959,9,0.06670543764843262,2.4429342195930737e-05,-0.0,-0.0,2.0,0,0.0
3952,9,0.06670524261724954,5.486013709776749e-05,-0.0,-0.0,1.0,0,0.0
9053,9,0.06670397026941387,2.116849993205605e-05,-0.0,-0.0,2.0,0,0.0
4038,9,0.06670353587990446,2.0203189911138786e-05,-0.0,-0.0,2.0,0,0.0
1108,9,0.06670196489930111,1.6712121903683652e-05,-0.0,-0.0,2.0,0,0.0
3285,9,0.06670188508945007,1.6534766679177082e-05,-0.0,-0.0,2.0,0,0.0
3957,9,0.06670185097324306,1.6458952885822775e-05,-0.0,-0.0,2.0,0,0.0
8354,9,0.06670159571364274,4.675590686042952e-05,-0.0,-0.0,1.0,0,0.0
5839,9,0.0667013314286459,4.616860686745827e-05,-0.0,-0.0,1.0,0,0.0
2022,9,0.06669968616921762,1.1648277273734742e-05,-0.0,-0.0,2.0,0,0.0
5961,9,0.06669937660704511,4.182455886569958e-05,-0.0,-0.0,1.0,0,0.0
5943,9,0.0666992697793183,4.1587163917222725e-05,-0.0,-0.0,1.0,0,0.0
7420,9,0.06669822652607073,8.40462583617807e-06,-0.0,-0.0,2.0,0,0.0
5531,9,0.06669787380017277,3.848498803826761e-05,-0.0,-0.0,1.0,0,0.0
2030,9,0.06669757913286023,6.96597425731138e-06,-0.0,-0.0,2.0,0,0.0
1177,9,0.0666960710181694,3.6146082776911115e-06,-0.0,-0.0,2.0,0,0.0
3612,9,0.06669531501371702,1.9345983834906377e-06,-0.0,-0.0,2.0,0,0.0
5087,9,0.06669452791370829,1.8548725300160385e-07,-0.0,-0.0,2.0,0,0.0
6207,9,0.0666939709296065,2.9811942335422614e-05,-0.0,-0.0,1.0,0,0.0
4771,9,0.06669392578035815,2.9711610672444877e-05,-0.0,-0.0,1.0,0,0.0
8047,9,0.066693730643721,2.9277973701002935e-05,-0.0,-0.0,1.0,0,0.0
5934,9,0.06669360420979017,2.899700941028094e-05,-0.0,-0.0,1.0,0,0.0
1689,9,0.06669343716437437,2.8625797375170237e-05,-0.0,-0.0,1.0,0,0.0
2159,9,0.06669271130769822,2.7012782539248548e-05,-0.0,-0.0,1.0,0,0.0
3094,9,0.06669260920733569,2.678589284477173e-05,-0.0,-0.0,1.0,0,0.0
527,9,0.06669184435486299,2.5086220683201432e-05,-0.0,-0.0,1.0,0,0.0
5525,9,0.06669170607293273,2.4778927504853776e-05,-0.0,-0.0,1.0,0,0.0
306,9,0.06669002131918438,2.103503028627607e-05,-0.0,-0.0,1.0,0,0.0
593,9,0.06668953209884004,1.9947873965531215e-05,-0.0,-0.0,1.0,0,0.0
6329,9,0.06668799734421055,1.6537308122233085e-05,-0.0,-0.0,1.0,0,0.0
1376,9,0.06668710507819223,1.455449474818682e-05,-0.0,-0.0,1.0,0,0.0
8164,9,0.06668697259949896,1.4260097652041281e-05,-0.0,-0.0,1.0,0,0.0
4880,9,0.06668686776943333,1.4027141950645472e-05,-0.0,-0.0,1.0,0,0.0
3190,9,0.06668646735265116,1.3137326879131273e-05,-0.0,-0.0,1.0,0,0.0
5004,9,0.06668608986676006,1.229846934336365e-05,-0.0,-0.0,1.0,0,0.0
1021,9,0.06668569588453996,1.142295329870091e-05,-0.0,-0.0,1.0,0,0.0
7339,9,0.06668541975381642,1.0809329468619566e-05,-0.0,-0.0,1.0,0,0.0
5979,9,0.06668363738531094,6.848510567536437e-06,-0.0,-0.0,1.0,0,0.0
5136,9,0.06668357362102403,6.706812152201813e-06,-0.0,-0.0,1.0,0,0.0
4175,9,0.06668338215723602,6.2813370677039515e-06,-0.0,-0.0,1.0,0,0.0
3414,9,0.06668337595099194,6.267545414218034e-06,-0.0,-0.0,1.0,0,0.0
9247,9,0.06668302024458661,5.477086735705683e-06,-0.0,-0.0,1.0,0,0.0
3817,9,0.06668277297916259,4.927608015625751e-06,-0.0,-0.0,1.0,0,0.0
4288,9,0.06668243418402293,4.1747299275307626e-06,-0.0,-0.0,1.0,0,0.0
9258,9,0.06668227179950036,3.813875432912006e-06,-0.0,-0.0,1.0,0,0.0
8081,9,0.06668205394626625,3.3297571349066857e-06,-0.0,-0.0,1.0,0,0.0
9321,9,0.06668169303621686,2.527734802915127e-06,-0.0,-0.0,1.0,0,0.0
664,9,0.06668161125674371,2.346002640374323e-06,-0.0,-0.0,1.0,0,0.0
2096,9,0.06668153185131998,2.1695461431825436e-06,-0.0,-0.0,1.0,0,0.0
5946,9,0.06668111246349556,1.237573200030262e-06,-0.0,-0.0,1.0,0,0.0
2877,9,0.06668105628166103,1.1127246788422696e-06,-0.0,-0.0,1.0,0,0.0
3925,9,0.0666809419966139,8.587579074514906e-07,-0.0,-0.0,1.0,0,0.0
3428,9,0.06668091546853391,7.998066186010178e-07,-0.0,-0.0,1.0,0,0.0
7819,9,0.06668087412023588,7.079215118555027e-07,-0.0,-0.0,1.0,0,0.0
7623,9,0.06668079144731986,5.242039207153937e-07,-0.0,-0.0,1.0,0,0.0
8027,9,0.06668078604739372,5.12204084812673e-07,-0.0,-0.0,1.0,0,0.0
2477,9,0.06668066790267775,2.496602715673646e-07,-0.0,-0.0,1.0,0,0.0
2379,9,0.06668057634101396,4.61899075654415e-08,-0.0,-0.0,1.0,0,0.0
4122,9,0.06668055642031066,1.9216780389186283e-09,-0.0,-0.0,1.0,0,0.0
5691,9,0.0666666998741375,7.379437960697288e-08,-0.0,-0.0,0.0,0,0.0
8737,9,0.06666666806720385,3.1123048582770707e-09,-0.0,-0.0,0.0,0,0.0
5653,9,0.06666666666666676,2.220446049250313e-16,-0.0,-0.0,0.0,0,0.0
1713,9,0.06666666666666667,0.0,-0.0,-0.0,0.0,0,0.0
3441,9,0.06666666666666657,-2.220446049250313e-16,-0.0,-0.0,0.0,9,1.0
8290,1542,0.0661977780592053,0.003460515205472303,-0.0,0.3963112402354314,7.25,1542,1.0
3565,226,0.06293203020833099,0.005699722591049561,-0.0,0.3130173855033511,7.9736480712890625,226,1.0
3786,238,0.061051441549631456,0.0008117645052357902,-0.0,0.3174156721845686,7.900000095367432,238,1.0
3622,232,0.060794761273713915,0.0019247013534926527,-0.0,0.3113385343763183,7.0,232,1.0
3783,244,0.059347556925421416,0.004753525998176467,-0.0,0.2952971743255564,7.934838056564331,244,1.0
7941,12,0.058185777357344634,0.0009708034433181245,-0.0,-0.0,1.0,0,0.0
6747,12,0.058175765588306075,0.0009485550676768817,-0.0,-0.0,1.0,0,0.0
7806,12,0.058088739079102565,0.0006008418373480984,-0.0,-0.0,6.0,0,0.0
7579,12,0.05807476234069189,0.0006932392087811712,-0.0,-0.0,2.0,0,0.0
6603,12,0.05803459980505336,0.00048053233946099283,-0.0,-0.0,6.0,0,0.0
5887,12,0.05803444349759675,0.00044932079202653075,-0.0,-0.0,7.0,0,0.0
7934,12,0.058027516205037266,0.000619111993746202,-0.0,-0.0,1.0,0,0.0
7538,12,0.05800096062672955,0.0003440502147907809,-0.0,-0.0,8.0,0,0.0
6525,12,0.05799981040681048,0.0005575435532422235,-0.0,-0.0,1.0,0,0.0
7911,12,0.057996177246725594,0.0005494698641647089,-0.0,-0.0,1.0,0,0.0
6204,12,0.05799469455197516,0.0003918539992872061,-0.0,-0.0,6.0,0,0.0
7855,12,0.057985990824238734,0.0005268333697494576,-0.0,-0.0,1.0,0,0.0
6292,12,0.05798526895364328,0.0005252292128706815,-0.0,-0.0,1.0,0,0.0
7745,12,0.05797976022581729,0.0005129875954795748,-0.0,-0.0,1.0,0,0.0
8400,12,0.05797750721679814,0.0005079809087703557,-0.0,-0.0,1.0,0,0.0
7957,12,0.05797480664180061,0.0005019796309980729,-0.0,-0.0,1.0,0,0.0
6169,12,0.05797174002184279,0.0004951649199806951,-0.0,-0.0,1.0,0,0.0
9021,12,0.057964766376798045,0.0003562111408689228,-0.0,-0.0,5.0,0,0.0
8749,12,0.057959322888473316,0.00046757129027075184,-0.0,-0.0,1.0,0,0.0
7862,12,0.057939719848801745,0.0004240089798894786,-0.0,-0.0,1.0,0,0.0
1270,12,0.05793590542046951,0.00038466827495364786,-0.0,-0.0,2.0,0,0.0
7247,12,0.05793039050005706,0.0004032770937901775,-0.0,-0.0,1.0,0,0.0
7801,12,0.05791679651907516,0.00024961145704027743,-0.0,-0.0,5.0,0,0.0
5230,12,0.057911708273470267,0.0003617610347084188,-0.0,-0.0,1.0,0,0.0
443,12,0.057896390048195634,0.0003277205340981304,-0.0,-0.0,1.0,0,0.0
9196,12,0.05789317159101302,0.0003205684070256565,-0.0,-0.0,1.0,0,0.0
8488,12,0.05789307579658563,0.00032035553052034427,-0.0,-0.0,1.0,0,0.0
4154,12,0.05789127597709094,0.0001311707464580758,-0.0,-0.0,7.0,0,0.0
4138,12,0.05788553148931303,0.00030359040324789976,-0.0,-0.0,1.0,0,0.0
8916,12,0.057884151054011665,0.00030052276924485977,-0.0,-0.0,1.0,0,0.0
4629,12,0.057883700532851794,0.00026865741358095274,-0.0,-0.0,2.0,0,0.0
6860,12,0.057882835896197575,0.00026673599879378784,-0.0,-0.0,2.0,0,0.0
1520,12,0.05788242877847923,0.0002658312927530382,-0.0,-0.0,2.0,0,0.0
5582,12,0.05788104183275092,0.0002627491911345592,-0.0,-0.0,2.0,0,0.0
3965,12,0.05788093730603113,0.00029338110706589315,-0.0,-0.0,1.0,0,0.0
8180,12,0.05787958809257649,0.0002286544598827378,-0.0,-0.0,3.0,0,0.0
3909,12,0.057876785656517396,0.00012983423160328744,-0.0,-0.0,6.0,0,0.0
8994,12,0.05787386810302621,0.00027767176705495444,-0.0,-0.0,1.0,0,0.0
6681,12,0.05786787333826077,0.00026435006757619117,-0.0,-0.0,1.0,0,0.0
7350,12,0.057865874602603284,0.00025990843278178577,-0.0,-0.0,1.0,0,0.0
7520,12,0.057864463371340734,0.0002567723633094543,-0.0,-0.0,1.0,0,0.0
4828,12,0.05786241573226214,0.0002522220542459097,-0.0,-0.0,1.0,0,0.0
7830,12,0.05785777658420038,0.0002419128363309042,-0.0,-0.0,1.0,0,0.0
3198,12,0.05785748430313173,8.694233519068728e-05,-0.0,-0.0,6.0,0,0.0
6597,12,0.057855675467929864,0.00023724368906308246,-0.0,-0.0,1.0,0,0.0
5789,12,0.05785526013901257,2.0271353197487407e-05,-0.0,-0.0,8.0,0,0.0
3013,12,0.05785158606869328,4.29709500188169e-05,-0.0,-0.0,7.0,0,0.0
2537,12,0.05785140548213832,0.00022775483174852784,-0.0,-0.0,1.0,0,0.0
8542,12,0.05785071198084561,7.18927301104344e-05,-0.0,-0.0,6.0,0,0.0
3192,12,0.05784968847767266,0.00022393926626929073,-0.0,-0.0,1.0,0,0.0
1992,12,0.05784961252132385,0.00022377047438304487,-0.0,-0.0,1.0,0,0.0
1993,12,0.05784525420772203,2.8900147860499992e-05,-0.0,-0.0,7.0,0,0.0
5012,12,0.057843895438738156,0.0002110658464148374,-0.0,-0.0,1.0,0,0.0
4769,12,0.05784044967379313,0.00020340859098144648,-0.0,-0.0,1.0,0,0.0
709,12,0.05783803250232235,0.00019803709882415532,-0.0,-0.0,1.0,0,0.0
2215,12,0.05783572899010306,0.00010032559018868792,-0.0,-0.0,4.0,0,0.0
6692,12,0.05783417392285436,0.0001894624777841747,-0.0,-0.0,1.0,0,0.0
8415,12,0.057833674663003945,0.00018835301144992656,-0.0,-0.0,1.0,0,0.0
4446,12,0.05782786915987012,0.0001754518933747562,-0.0,-0.0,1.0,0,0.0
6425,12,0.057827273377895914,0.00017412793343207777,-0.0,-0.0,1.0,0,0.0
6508,12,0.057825893794037214,0.00017106219152385194,-0.0,-0.0,1.0,0,0.0
2212,12,0.0578250339963685,0.00016915153003782546,-0.0,-0.0,1.0,0,0.0
4217,12,0.05782469339426078,0.00016839463646511899,-0.0,-0.0,1.0,0,0.0
8338,12,0.0578233607174318,0.00013456893486984978,-0.0,-0.0,2.0,0,0.0
6259,12,0.057822328483718835,0.00016313927970523778,-0.0,-0.0,1.0,0,0.0
1119,12,0.05782072065495386,0.00015956632689417827,-0.0,-0.0,1.0,0,0.0
7153,12,0.05781915856493163,0.000125230818202815,-0.0,-0.0,2.0,0,0.0
441,12,0.057819113636373654,0.00015599517449371714,-0.0,-0.0,1.0,0,0.0
5733,12,0.057818740490454844,0.00012430176380995306,-0.0,-0.0,2.0,0,0.0
7919,12,0.05781869481997814,0.00015506447139257418,-0.0,-0.0,1.0,0,0.0
101,12,0.0578182028250379,0.00015397114930315592,-0.0,-0.0,1.0,0,0.0
8683,12,0.05781486804796482,0.00014656053358519383,-0.0,-0.0,1.0,0,0.0
2384,12,0.057813682644013466,0.00014392630258219796,-0.0,-0.0,1.0,0,0.0
3223,12,0.057811172586932254,7.662000289554438e-05,-0.0,-0.0,3.0,0,0.0
4780,12,0.05781075592867793,0.00013742249072545842,-0.0,-0.0,1.0,0,0.0
7090,12,0.057810750714424104,0.00013741090349472795,-0.0,-0.0,1.0,0,0.0
5687,12,0.05781047932261548,0.0001368078105866699,-0.0,-0.0,1.0,0,0.0
2499,12,0.05780783336549438,0.00010006370834225731,-0.0,-0.0,2.0,0,0.0
1785,12,0.05780781692702908,0.00013089137595023725,-0.0,-0.0,1.0,0,0.0
8390,12,0.05780532901400514,0.00012536268034146758,-0.0,-0.0,1.0,0,0.0
1664,12,0.057804816474903285,9.335950702871187e-05,-0.0,-0.0,2.0,0,0.0
8839,12,0.05780471468023543,0.00012399749418656736,-0.0,-0.0,1.0,0,0.0
4805,12,0.05780450304067167,9.266298651400273e-05,-0.0,-0.0,2.0,0,0.0
6892,12,0.05780038225394491,0.00011436988020763206,-0.0,-0.0,1.0,0,0.0
421,12,0.05780017093907031,0.000113900291597413,-0.0,-0.0,1.0,0,0.0
2244,12,0.05779980257263516,0.0001130816995192907,-0.0,-0.0,1.0,0,0.0
4040,12,0.05779933414733931,0.00011204075441739736,-0.0,-0.0,1.0,0,0.0
6472,12,0.0577975949614525,0.00010817589689116058,-0.0,-0.0,1.0,0,0.0
5605,12,0.057796802548876945,0.00010641498005659056,-0.0,-0.0,1.0,0,0.0
7630,12,0.05779667314292502,1.3534818681937288e-05,-0.0,-0.0,4.0,0,0.0
8508,12,0.05779587697030316,0.0001043581387815129,-0.0,-0.0,1.0,0,0.0
7721,12,0.057795729021645335,0.00010402936398634655,-0.0,-0.0,1.0,0,0.0
5659,12,0.05779541911095635,1.0748080973788099e-05,-0.0,-0.0,4.0,0,0.0
5387,12,0.05779423104309733,0.00010070052276855979,-0.0,-0.0,1.0,0,0.0
2890,12,0.0577939512311792,0.00010007871850603589,-0.0,-0.0,1.0,0,0.0
67,12,0.05779229728721217,6.55390899373387e-05,-0.0,-0.0,2.0,0,0.0
7770,12,0.057791671678375685,6.414884807848242e-05,-0.0,-0.0,2.0,0,0.0
5848,12,0.057791127430489565,9.38036058624192e-05,-0.0,-0.0,1.0,0,0.0
2891,12,0.057790553403285504,6.16637923225305e-05,-0.0,-0.0,2.0,0,0.0
7360,12,0.057789220893975056,8.956685805239228e-05,-0.0,-0.0,1.0,0,0.0
4052,12,0.057788519592220484,8.800840970890622e-05,-0.0,-0.0,1.0,0,0.0
6103,12,0.0577874119773664,8.554704336649621e-05,-0.0,-0.0,1.0,0,0.0
3941,12,0.05778724058984388,8.516618220533179e-05,-0.0,-0.0,1.0,0,0.0
6210,12,0.057786771370101075,5.325927413490916e-05,-0.0,-0.0,2.0,0,0.0
5290,12,0.057786739753740185,8.405321308602165e-05,-0.0,-0.0,1.0,0,0.0
7287,12,0.05778631443256451,8.310805491784645e-05,-0.0,-0.0,1.0,0,0.0
956,12,0.05778613287262313,8.270458838144368e-05,-0.0,-0.0,1.0,0,0.0
5020,12,0.05778602363852896,8.246184594995487e-05,-0.0,-0.0,1.0,0,0.0
8836,12,0.057785608826570925,8.154004159877104e-05,-0.0,-0.0,1.0,0,0.0
4744,12,0.05778487836207444,7.991678716212647e-05,-0.0,-0.0,1.0,0,0.0
5416,12,0.057784876317559325,7.991224379522155e-05,-0.0,-0.0,1.0,0,0.0
1682,12,0.0577844044458779,7.886364005871283e-05,-0.0,-0.0,1.0,0,0.0
3123,12,0.057783504261447904,7.686323021427466e-05,-0.0,-0.0,1.0,0,0.0
8335,12,0.05778343974205372,7.671985378276958e-05,-0.0,-0.0,1.0,0,0.0
3867,12,0.05778215561378561,7.386623540917014e-05,-0.0,-0.0,1.0,0,0.0
8823,12,0.05778185579372608,7.319996861021583e-05,-0.0,-0.0,1.0,0,0.0
4259,12,0.0577817488621222,7.296234282383462e-05,-0.0,-0.0,1.0,0,0.0
9105,12,0.0577812956432267,4.1090992191850084e-05,-0.0,-0.0,2.0,0,0.0
5762,12,0.05778078334230081,7.081674322073628e-05,-0.0,-0.0,1.0,0,0.0
5229,12,0.05778017316262582,6.946078838743208e-05,-0.0,-0.0,1.0,0,0.0
6967,12,0.057777852030218096,6.430271637025697e-05,-0.0,-0.0,1.0,0,0.0
7157,12,0.05777772448432864,6.401928106036792e-05,-0.0,-0.0,1.0,0,0.0
6224,12,0.05777721332090251,6.288336233561953e-05,-0.0,-0.0,1.0,0,0.0
7183,12,0.05777711929507229,6.26744160462378e-05,-0.0,-0.0,1.0,0,0.0
4297,12,0.057776989887030256,6.238684261949956e-05,-0.0,-0.0,1.0,0,0.0
3968,12,0.05777677024899664,6.189875810036494e-05,-0.0,-0.0,1.0,0,0.0
6619,12,0.0577758861456713,2.906988651318887e-05,-0.0,-0.0,2.0,0,0.0
9217,12,0.05777587175486595,5.990210447659461e-05,-0.0,-0.0,1.0,0,0.0
6507,12,0.05777568955116162,5.949720735587416e-05,-0.0,-0.0,1.0,0,0.0
1042,12,0.05777541511785245,5.888735555770186e-05,-0.0,-0.0,1.0,0,0.0
6845,12,0.057774738072955696,5.738281134270995e-05,-0.0,-0.0,1.0,0,0.0
6923,12,0.05777428714980183,5.6380759889673726e-05,-0.0,-0.0,1.0,0,0.0
7490,12,0.057773985655275285,5.57107720529082e-05,-0.0,-0.0,1.0,0,0.0
1480,12,0.05777330782842943,5.4204490173237474e-05,-0.0,-0.0,1.0,0,0.0
5011,12,0.05777325359948485,5.4083981407493376e-05,-0.0,-0.0,1.0,0,0.0
5614,12,0.05777274404644119,5.2951641310472475e-05,-0.0,-0.0,1.0,0,0.0
5912,12,0.05777243319102898,5.2260851505558925e-05,-0.0,-0.0,1.0,0,0.0
3059,12,0.05777242637710066,5.224570944262208e-05,-0.0,-0.0,1.0,0,0.0
4005,12,0.057772382721108934,5.2148696127685135e-05,-0.0,-0.0,1.0,0,0.0
8451,12,0.057772203433180236,5.175027850834457e-05,-0.0,-0.0,1.0,0,0.0
1391,12,0.057771713078399956,5.0660601218832646e-05,-0.0,-0.0,1.0,0,0.0
1499,12,0.057771278888091145,4.969573386592874e-05,-0.0,-0.0,1.0,0,0.0
5097,12,0.05777111313780615,4.9327399899268265e-05,-0.0,-0.0,1.0,0,0.0
1661,12,0.05777097458173019,4.9019497508240306e-05,-0.0,-0.0,1.0,0,0.0
6488,12,0.0577707563326893,4.853449963959644e-05,-0.0,-0.0,1.0,0,0.0
2871,12,0.0577701472760164,4.7181040366495175e-05,-0.0,-0.0,1.0,0,0.0
1075,12,0.0577696749229992,4.613136699493925e-05,-0.0,-0.0,1.0,0,0.0
5189,12,0.057769528696309344,4.580641879525782e-05,-0.0,-0.0,1.0,0,0.0
333,12,0.05776904635050325,4.4734539226154446e-05,-0.0,-0.0,1.0,0,0.0
4197,12,0.05776819571145964,4.284423024036865e-05,-0.0,-0.0,1.0,0,0.0
1718,12,0.05776751038675096,4.132128644329658e-05,-0.0,-0.0,1.0,0,0.0
8593,12,0.05776733881718361,4.094002073806724e-05,-0.0,-0.0,1.0,0,0.0
8089,12,0.05776717470002729,4.0575315946256296e-05,-0.0,-0.0,1.0,0,0.0
157,12,0.0577670929874445,9.529534898078396e-06,-0.0,-0.0,2.0,0,0.0
9344,12,0.05776683137134941,3.9812363328728395e-05,-0.0,-0.0,1.0,0,0.0
2019,12,0.057766380421946185,3.88102535437973e-05,-0.0,-0.0,1.0,0,0.0
1333,12,0.05776632203899007,3.868051364130931e-05,-0.0,-0.0,1.0,0,0.0
8971,12,0.05776628560351668,3.8599545922668455e-05,-0.0,-0.0,1.0,0,0.0
128,12,0.05776595346048876,6.9972527741990476e-06,-0.0,-0.0,2.0,0,0.0
270,12,0.05776543101291125,3.670045568837654e-05,-0.0,-0.0,1.0,0,0.0
4768,12,0.057765279313548974,3.636334599443902e-05,-0.0,-0.0,1.0,0,0.0
3985,12,0.05776496865576258,3.567299535800483e-05,-0.0,-0.0,1.0,0,0.0
769,12,0.05776474355122397,3.517276304998429e-05,-0.0,-0.0,1.0,0,0.0
5545,12,0.05776430071687638,3.418868672200315e-05,-0.0,-0.0,1.0,0,0.0
1415,12,0.05776427922532449,3.41409277178073e-05,-0.0,-0.0,1.0,0,0.0
1237,12,0.05776396454106084,3.3441629354147295e-05,-0.0,-0.0,1.0,0,0.0
7362,12,0.05776392278555734,3.3348839346358794e-05,-0.0,-0.0,1.0,0,0.0
993,12,0.05776361413540221,3.266295011272735e-05,-0.0,-0.0,1.0,0,0.0
2027,12,0.057763485775270594,1.5135078449413086e-06,-0.0,-0.0,2.0,0,0.0
2939,12,0.05776316003113741,3.1653829524302957e-05,-0.0,-0.0,1.0,0,0.0
6672,12,0.057762881928061456,1.7162515797419786e-07,-0.0,-0.0,2.0,0,0.0
7535,12,0.05776263030196924,3.0476653595012948e-05,-0.0,-0.0,1.0,0,0.0
7606,12,0.05776180549076984,2.864373981859014e-05,-0.0,-0.0,1.0,0,0.0
4267,12,0.057761746828908674,2.851338012710425e-05,-0.0,-0.0,1.0,0,0.0
5497,12,0.057761640129704056,2.827627078350048e-05,-0.0,-0.0,1.0,0,0.0
3951,12,0.05776138383127472,2.770671871832331e-05,-0.0,-0.0,1.0,0,0.0
6505,12,0.057761282910892324,2.7482451201876756e-05,-0.0,-0.0,1.0,0,0.0
8151,12,0.057761273091431475,2.7460630177778e-05,-0.0,-0.0,1.0,0,0.0
1900,12,0.057761182905186455,2.7260216299951345e-05,-0.0,-0.0,1.0,0,0.0
2279,12,0.05776092356531608,2.6683905476887482e-05,-0.0,-0.0,1.0,0,0.0
5144,12,0.057760322113964306,2.53473469173926e-05,-0.0,-0.0,1.0,0,0.0
692,12,0.057760067578311,2.4781712132271316e-05,-0.0,-0.0,1.0,0,0.0
1160,12,0.05775992030447747,2.4454436946652613e-05,-0.0,-0.0,1.0,0,0.0
2642,12,0.057759904555645836,2.4419439543010846e-05,-0.0,-0.0,1.0,0,0.0
1777,12,0.05775982441777884,2.4241355394138964e-05,-0.0,-0.0,1.0,0,0.0
5269,12,0.05775978883422689,2.416228083423899e-05,-0.0,-0.0,1.0,0,0.0
6411,12,0.057759013526725786,2.2439375276239737e-05,-0.0,-0.0,1.0,0,0.0
8956,12,0.05775896332954108,2.232782597688665e-05,-0.0,-0.0,1.0,0,0.0
4669,12,0.057758111357979876,2.0434555840886937e-05,-0.0,-0.0,1.0,0,0.0
2969,12,0.05775803006848324,2.0253912515033612e-05,-0.0,-0.0,1.0,0,0.0
3865,12,0.05775790019739661,1.9965310100289457e-05,-0.0,-0.0,1.0,0,0.0
6918,12,0.057757848462324235,1.9850343272787008e-05,-0.0,-0.0,1.0,0,0.0
8468,12,0.05775784188427108,1.9835725376893265e-05,-0.0,-0.0,1.0,0,0.0
9283,12,0.05775717671719041,1.8357576308747348e-05,-0.0,-0.0,1.0,0,0.0
8206,12,0.057756944784443105,1.7842170203619112e-05,-0.0,-0.0,1.0,0,0.0
7243,12,0.05775679323460213,1.7505392779226803e-05,-0.0,-0.0,1.0,0,0.0
1658,12,0.05775645743170754,1.6759164124580117e-05,-0.0,-0.0,1.0,0,0.0
8096,12,0.057756440774653556,1.6722148449055396e-05,-0.0,-0.0,1.0,0,0.0
66,12,0.05775644052203228,1.672158706844673e-05,-0.0,-0.0,1.0,0,0.0
5360,12,0.05775630316914132,1.641635842186684e-05,-0.0,-0.0,1.0,0,0.0
665,12,0.057756143018133116,1.6060467292522418e-05,-0.0,-0.0,1.0,0,0.0
5332,12,0.05775589615074243,1.5511873091011985e-05,-0.0,-0.0,1.0,0,0.0
3209,12,0.05775530310996785,1.4194004703038665e-05,-0.0,-0.0,1.0,0,0.0
6543,12,0.057755045029897034,1.3620493434562952e-05,-0.0,-0.0,1.0,0,0.0
1734,12,0.0577547311035085,1.2922879237819984e-05,-0.0,-0.0,1.0,0,0.0
1603,12,0.05775447120689112,1.234533119920389e-05,-0.0,-0.0,1.0,0,0.0
4851,12,0.05775441745074998,1.2225873107785112e-05,-0.0,-0.0,1.0,0,0.0
7995,12,0.05775440369776693,1.2195310923224234e-05,-0.0,-0.0,1.0,0,0.0
1141,12,0.05775437122729871,1.2123154327192687e-05,-0.0,-0.0,1.0,0,0.0
3899,12,0.05775435564951385,1.2088537027499235e-05,-0.0,-0.0,1.0,0,0.0
6587,12,0.05775390930109338,1.1096651648667688e-05,-0.0,-0.0,1.0,0,0.0
6173,12,0.0577538740671081,1.1018353903602396e-05,-0.0,-0.0,1.0,0,0.0
1844,12,0.05775326976081205,9.675451023483106e-06,-0.0,-0.0,1.0,0,0.0
5193,12,0.05775314204831847,9.391645482192956e-06,-0.0,-0.0,1.0,0,0.0
725,12,0.05775304583484647,9.177837766660701e-06,-0.0,-0.0,1.0,0,0.0
5840,12,0.057753006286613985,9.089952805574342e-06,-0.0,-0.0,1.0,0,0.0
8675,12,0.05775297197288028,9.013700064008923e-06,-0.0,-0.0,1.0,0,0.0
506,12,0.05775296805821449,9.005000806694419e-06,-0.0,-0.0,1.0,0,0.0
6565,12,0.05775250686106942,7.980118262085334e-06,-0.0,-0.0,1.0,0,0.0
5573,12,0.05775245180250751,7.85776590228604e-06,-0.0,-0.0,1.0,0,0.0
3021,12,0.05775237191854646,7.68024598885031e-06,-0.0,-0.0,1.0,0,0.0
6116,12,0.057752314712117114,7.553120590308993e-06,-0.0,-0.0,1.0,0,0.0
6338,12,0.057751989181636945,6.82971952326028e-06,-0.0,-0.0,1.0,0,0.0
6284,12,0.0577519474363122,6.736952134933638e-06,-0.0,-0.0,1.0,0,0.0
6937,12,0.05775148997662337,5.720375048645643e-06,-0.0,-0.0,1.0,0,0.0
6069,12,0.05775147992280409,5.698033228029864e-06,-0.0,-0.0,1.0,0,0.0
9041,12,0.057751439987478594,5.609288060259843e-06,-0.0,-0.0,1.0,0,0.0
7537,12,0.05775138007674657,5.47615310020344e-06,-0.0,-0.0,1.0,0,0.0
1778,12,0.05775136286511635,5.437905033045531e-06,-0.0,-0.0,1.0,0,0.0
8927,12,0.05775118692252296,5.046921492168899e-06,-0.0,-0.0,1.0,0,0.0
2937,12,0.0577511187456626,4.895417358041776e-06,-0.0,-0.0,1.0,0,0.0
1827,12,0.05775111816294652,4.894122433429793e-06,-0.0,-0.0,1.0,0,0.0
1357,12,0.05775109035352376,4.8323237161751464e-06,-0.0,-0.0,1.0,0,0.0
1615,12,0.05775100596247401,4.6447880500677385e-06,-0.0,-0.0,1.0,0,0.0
8960,12,0.05775099280483568,4.615548853781348e-06,-0.0,-0.0,1.0,0,0.0
4923,12,0.057750982370513425,4.5923614709897365e-06,-0.0,-0.0,1.0,0,0.0
3997,12,0.05775097082791115,4.5667112437142166e-06,-0.0,-0.0,1.0,0,0.0
2415,12,0.05775091300556384,4.4382171385803915e-06,-0.0,-0.0,1.0,0,0.0
7893,12,0.05775079039972161,4.165759711405315e-06,-0.0,-0.0,1.0,0,0.0
5331,12,0.05775068403330494,3.929389896573099e-06,-0.0,-0.0,1.0,0,0.0
7851,12,0.05775062287795071,3.7934891093938106e-06,-0.0,-0.0,1.0,0,0.0
4048,12,0.05775054049717081,3.6104207096210317e-06,-0.0,-0.0,1.0,0,0.0
2172,12,0.0577505080603172,3.53833881272525e-06,-0.0,-0.0,1.0,0,0.0
7292,12,0.0577504648257301,3.4422619524798748e-06,-0.0,-0.0,1.0,0,0.0
9049,12,0.057750395996962106,3.289309134735241e-06,-0.0,-0.0,1.0,0,0.0
1120,12,0.057750248988686005,2.9626240767299805e-06,-0.0,-0.0,1.0,0,0.0
6017,12,0.057750229451166556,2.9192073668360408e-06,-0.0,-0.0,1.0,0,0.0
4663,12,0.057750195287133,2.8432872922756758e-06,-0.0,-0.0,1.0,0,0.0
5880,12,0.057750191675797424,2.835262102096614e-06,-0.0,-0.0,1.0,0,0.0
8629,12,0.05775017141541465,2.7902390292711132e-06,-0.0,-0.0,1.0,0,0.0
3043,12,0.05775014024664304,2.7209750923518072e-06,-0.0,-0.0,1.0,0,0.0
8058,12,0.05775012584532125,2.6889721550515944e-06,-0.0,-0.0,1.0,0,0.0
5019,12,0.057750064085083375,2.5517271819985865e-06,-0.0,-0.0,1.0,0,0.0
1980,12,0.05775005811532954,2.538461062351338e-06,-0.0,-0.0,1.0,0,0.0
2646,12,0.05775001266209566,2.4374538759586173e-06,-0.0,-0.0,1.0,0,0.0
4722,12,0.057749992185802096,2.3919510013792333e-06,-0.0,-0.0,1.0,0,0.0
2770,12,0.0577499201207151,2.2318063636062035e-06,-0.0,-0.0,1.0,0,0.0
963,12,0.057749862228277854,2.1031565030638077e-06,-0.0,-0.0,1.0,0,0.0
1947,12,0.057749832510829054,2.0371177279487895e-06,-0.0,-0.0,1.0,0,0.0
302,12,0.05774972125680761,1.7898865691812205e-06,-0.0,-0.0,1.0,0,0.0
5703,12,0.05774971705322398,1.7805452722230442e-06,-0.0,-0.0,1.0,0,0.0
7150,12,0.0577496092087858,1.5408909651570823e-06,-0.0,-0.0,1.0,0,0.0
4152,12,0.057749537459762974,1.3814486922170133e-06,-0.0,-0.0,1.0,0,0.0
3986,12,0.057749522206787196,1.3475531904783011e-06,-0.0,-0.0,1.0,0,0.0
4945,12,0.05774951270208372,1.3264316272021404e-06,-0.0,-0.0,1.0,0,0.0
3275,12,0.057749434587788834,1.1528443052410964e-06,-0.0,-0.0,1.0,0,0.0
1043,12,0.057749336182804874,9.341665631046325e-07,-0.0,-0.0,1.0,0,0.0
4198,12,0.05774933349441641,9.281923665227509e-07,-0.0,-0.0,1.0,0,0.0
546,12,0.0577492480006443,7.382062062744055e-07,-0.0,-0.0,1.0,0,0.0
93,12,0.05774920404120821,6.405185705160577e-07,-0.0,-0.0,1.0,0,0.0
5852,12,0.057749179216112084,5.85351690229885e-07,-0.0,-0.0,1.0,0,0.0
3855,12,0.05774917813195107,5.829424435388475e-07,-0.0,-0.0,1.0,0,0.0
4065,12,0.05774910360378503,4.1732429678642546e-07,-0.0,-0.0,1.0,0,0.0
3084,12,0.05774907735861005,3.590016857124567e-07,-0.0,-0.0,1.0,0,0.0
5352,12,0.05774906443840219,3.3029011270446773e-07,-0.0,-0.0,1.0,0,0.0
9200,12,0.05774904736703882,2.923537496535289e-07,-0.0,-0.0,1.0,0,0.0
5047,12,0.05774903510479265,2.6510431372361865e-07,-0.0,-0.0,1.0,0,0.0
1584,12,0.057749027056534744,2.4721929614557325e-07,-0.0,-0.0,1.0,0,0.0
712,12,0.057749014588066534,2.1951158901689638e-07,-0.0,-0.0,1.0,0,0.0
7239,12,0.0577490138785314,2.179348442821194e-07,-0.0,-0.0,1.0,0,0.0
549,12,0.057749007324564484,2.0337047335061698e-07,-0.0,-0.0,1.0,0,0.0
6592,12,0.05774898305332412,1.494343836450085e-07,-0.0,-0.0,1.0,0,0.0
5449,12,0.05774895810211372,9.398724942766279e-08,-0.0,-0.0,1.0,0,0.0
5190,12,0.05774895678346413,9.105691700650453e-08,-0.0,-0.0,1.0,0,0.0
909,12,0.05774895400900147,8.489144442958008e-08,-0.0,-0.0,1.0,0,0.0
2383,12,0.05774895382556391,8.448380539594069e-08,-0.0,-0.0,1.0,0,0.0
1507,12,0.05774893525700032,4.322033075876419e-08,-0.0,-0.0,1.0,0,0.0
6745,12,0.05774892640725803,2.3554236783240867e-08,-0.0,-0.0,1.0,0,0.0
402,12,0.05774892485676864,2.0108704812393796e-08,-0.0,-0.0,1.0,0,0.0
4782,12,0.05774892163774859,1.2955326922359234e-08,-0.0,-0.0,1.0,0,0.0
2385,12,0.05774891871476364,6.459804802183555e-09,-0.0,-0.0,1.0,0,0.0
8535,12,0.0577489182328923,5.388979595899457e-09,-0.0,-0.0,1.0,0,0.0
1230,12,0.057748917217622577,3.1328246663520076e-09,-0.0,-0.0,1.0,0,0.0
3382,12,0.05774891606232657,5.655002022209032e-10,-0.0,-0.0,1.0,0,0.0
2670,12,0.05773502691896264,1.1102230246251565e-16,-0.0,-0.0,0.0,0,0.0
1313,12,0.05773502691896264,1.1102230246251565e-16,-0.0,-0.0,0.0,0,0.0
7491,12,0.05773502691896264,1.1102230246251565e-16,-0.0,-0.0,0.0,0,0.0
2422,12,0.05773502691896264,1.1102230246251565e-16,-0.0,-0.0,0.0,0,0.0
6754,12,0.05773502691896264,1.1102230246251565e-16,-0.0,-0.0,0.0,0,0.0
8872,12,0.05773502691896264,1.1102230246251565e-16,-0.0,-0.0,0.0,0,0.0
3907,12,0.05773502691896264,1.1102230246251565e-16,-0.0,-0.0,0.0,0,0.0
247,12,0.05773502691896264,1.1102230246251565e-16,-0.0,-0.0,0.0,0,0.0
360,12,0.05773502691896264,1.1102230246251565e-16,-0.0,-0.0,0.0,0,0.0
3422,12,0.05773502691896264,1.1102230246251565e-16,-0.0,-0.0,0.0,0,0.0
6583,12,0.05773502691896264,1.1102230246251565e-16,-0.0,-0.0,0.0,0,0.0
7093,12,0.05773502691896264,1.1102230246251565e-16,-0.0,-0.0,0.0,0,0.0
2183,12,0.05773502691896264,1.1102230246251565e-16,-0.0,-0.0,0.0,0,0.0
6835,12,0.05773502691896264,1.1102230246251565e-16,-0.0,-0.0,0.0,0,0.0
149,12,0.05773502691896264,1.1102230246251565e-16,-0.0,-0.0,0.0,0,0.0
4140,12,0.05773502691896264,1.1102230246251565e-16,-0.0,-0.0,0.0,0,0.0
7967,12,0.05773502691896264,1.1102230246251565e-16,-0.0,-0.0,0.0,0,0.0
4660,12,0.05773502691896264,1.1102230246251565e-16,-0.0,-0.0,0.0,0,0.0
958,12,0.05773502691896264,1.1102230246251565e-16,-0.0,-0.0,0.0,0,0.0
74,12,0.05773502691896264,1.1102230246251565e-16,-0.0,-0.0,0.0,0,0.0
481,12,0.05773502691896264,1.1102230246251565e-16,-0.0,-0.0,0.0,0,0.0
9328,12,0.05773502691896264,1.1102230246251565e-16,-0.0,-0.0,0.0,0,0.0
941,12,0.05773502691896264,1.1102230246251565e-16,-0.0,-0.0,0.0,0,0.0
1960,12,0.05773502691896264,1.1102230246251565e-16,-0.0,-0.0,0.0,0,0.0
9101,12,0.05773502691896264,1.1102230246251565e-16,-0.0,-0.0,0.0,0,0.0
5284,12,0.05773502691896264,1.1102230246251565e-16,-0.0,-0.0,0.0,0,0.0
8433,12,0.05773502691896264,1.1102230246251565e-16,-0.0,-0.0,0.0,0,0.0
4659,12,0.05773502691896264,1.1102230246251565e-16,-0.0,-0.0,0.0,0,0.0
2388,12,0.05773502691896259,0.0,-0.0,-0.0,0.0,0,0.0
2312,12,0.05773502691896259,0.0,-0.0,-0.0,0.0,0,0.0
2314,12,0.05773502691896259,0.0,-0.0,-0.0,0.0,0,0.0
2442,12,0.05773502691896259,0.0,-0.0,-0.0,0.0,0,0.0
2287,12,0.05773502691896259,0.0,-0.0,-0.0,0.0,0,0.0
544,12,0.05773502691896259,0.0,-0.0,-0.0,0.0,0,0.0
7264,12,0.05773502691896259,0.0,-0.0,-0.0,0.0,0,0.0
550,12,0.05773502691896259,0.0,-0.0,-0.0,0.0,0,0.0
5716,12,0.05773502691896259,0.0,-0.0,-0.0,0.0,0,0.0
4522,12,0.05773502691896259,0.0,-0.0,-0.0,0.0,0,0.0
3299,12,0.05773502691896259,0.0,-0.0,-0.0,0.0,0,0.0
3874,12,0.05773502691896259,0.0,-0.0,-0.0,0.0,0,0.0
4125,12,0.05773502691896259,0.0,-0.0,-0.0,0.0,0,0.0
4070,12,0.05773502691896259,0.0,-0.0,-0.0,0.0,0,0.0
3153,12,0.05773502691896259,0.0,-0.0,-0.0,0.0,0,0.0
5646,12,0.05773502691896259,0.0,-0.0,-0.0,0.0,0,0.0
1877,12,0.05773502691896259,0.0,-0.0,-0.0,0.0,0,0.0
4921,12,0.05773502691896259,0.0,-0.0,-0.0,0.0,0,0.0
5244,12,0.05773502691896259,0.0,-0.0,-0.0,0.0,0,0.0
1927,12,0.05773502691896259,0.0,-0.0,-0.0,0.0,0,0.0
492,12,0.05773502691896259,0.0,-0.0,-0.0,0.0,0,0.0
2708,12,0.05773502691896259,0.0,-0.0,-0.0,0.0,0,0.0
3273,12,0.05773502691896259,0.0,-0.0,-0.0,0.0,0,0.0
9139,12,0.05773502691896259,0.0,-0.0,-0.0,0.0,0,0.0
4010,12,0.05773502691896259,0.0,-0.0,-0.0,0.0,0,0.0
5292,12,0.05773502691896259,0.0,-0.0,-0.0,0.0,0,0.0
2493,12,0.05773502691896259,0.0,-0.0,-0.0,0.0,0,0.0
7016,12,0.05773502691896259,0.0,-0.0,-0.0,0.0,0,0.0
1769,12,0.05773502691896259,0.0,-0.0,-0.0,0.0,0,0.0
4029,12,0.05773502691896259,0.0,-0.0,-0.0,0.0,0,0.0
4704,12,0.05773502691896259,0.0,-0.0,-0.0,0.0,0,0.0
3936,12,0.05773502691896259,0.0,-0.0,-0.0,0.0,0,0.0
348,12,0.05773502691896259,0.0,-0.0,-0.0,0.0,0,0.0
6174,12,0.05773502691896259,0.0,-0.0,-0.0,0.0,0,0.0
445,12,0.05773502691896259,0.0,-0.0,-0.0,0.0,0,0.0
3388,12,0.05773502691896259,0.0,-0.0,-0.0,0.0,0,0.0
1184,12,0.05773502691896259,0.0,-0.0,-0.0,0.0,0,0.0
275,12,0.05773502691896259,0.0,-0.0,-0.0,0.0,0,0.0
3049,12,0.05773502691896259,0.0,-0.0,-0.0,0.0,0,0.0
5553,12,0.05773502691896259,0.0,-0.0,-0.0,0.0,0,0.0
7616,12,0.05773502691896259,0.0,-0.0,-0.0,0.0,0,0.0
2105,12,0.05773502691896259,0.0,-0.0,-0.0,0.0,0,0.0
6231,12,0.05773502691896259,0.0,-0.0,-0.0,0.0,0,0.0
7369,12,0.05773502691896259,0.0,-0.0,-0.0,0.0,0,0.0
2502,12,0.05773502691896249,-2.220446049250313e-16,-0.0,-0.0,0.0,0,0.0
5127,12,0.05773502691896249,-2.220446049250313e-16,-0.0,-0.0,0.0,0,0.0
5187,12,0.05773502691896249,-2.220446049250313e-16,-0.0,-0.0,0.0,0,0.0
4113,12,0.05773502691896249,-2.220446049250313e-16,-0.0,-0.0,0.0,0,0.0
134,12,0.05773502691896249,-2.220446049250313e-16,-0.0,-0.0,0.0,0,0.0
4076,12,0.05773502691896249,-2.220446049250313e-16,-0.0,-0.0,0.0,0,0.0
5128,12,0.05773502691896249,-2.220446049250313e-16,-0.0,-0.0,0.0,0,0.0
8892,12,0.05773502691896249,-2.220446049250313e-16,-0.0,-0.0,0.0,0,0.0
1976,12,0.05773502691896249,-2.220446049250313e-16,-0.0,-0.0,0.0,0,0.0
1968,12,0.05773502691896249,-2.220446049250313e-16,-0.0,-0.0,0.0,0,0.0
215,12,0.05773502691896249,-2.220446049250313e-16,-0.0,-0.0,0.0,0,0.0
8671,12,0.05773502691896249,-2.220446049250313e-16,-0.0,-0.0,0.0,0,0.0
5016,12,0.05773502691896249,-2.220446049250313e-16,-0.0,-0.0,0.0,0,0.0
2605,12,0.05773502691896249,-2.220446049250313e-16,-0.0,-0.0,0.0,0,0.0
961,12,0.05773502691896249,-2.220446049250313e-16,-0.0,-0.0,0.0,0,0.0
6405,12,0.05773502691896249,-2.220446049250313e-16,-0.0,-0.0,0.0,0,0.0
842,12,0.05773502691896249,-2.220446049250313e-16,-0.0,-0.0,0.0,0,0.0
5371,12,0.05773502691896249,-2.220446049250313e-16,-0.0,-0.0,0.0,0,0.0
2353,12,0.05773502691896249,-2.220446049250313e-16,-0.0,-0.0,0.0,0,0.0
5689,12,0.05773502691896249,-2.220446049250313e-16,-0.0,-0.0,0.0,0,0.0
6878,12,0.05773502691896249,-2.220446049250313e-16,-0.0,-0.0,0.0,0,0.0
4006,12,0.05773502691896249,-2.220446049250313e-16,-0.0,-0.0,0.0,0,0.0
8414,12,0.05773502691896249,-2.220446049250313e-16,-0.0,-0.0,0.0,0,0.0
3620,236,0.054764337095958814,0.005036343838400237,-0.0,0.2624533341140473,7.998563051223755,236,1.0
3480,228,0.0547608078914921,0.0023785843316403987,-0.0,0.26889617951174444,7.9700000286102295,228,1.0
3455,217,0.05472084633316404,0.0039518528295737765,-0.0,0.2617893711439401,7.0,217,1.0
1596,15,0.051795680377738275,0.0001612646554949304,-0.0,-0.0,6.0,0,0.0
8790,15,0.05179504938665253,0.0002215908481438822,-0.0,-0.0,4.0,0,0.0
5529,15,0.05178740791923968,8.115301932520858e-05,-0.0,-0.0,8.0,0,0.0
3423,15,0.05177582349254281,8.627404641858849e-05,-0.0,-0.0,7.0,0,0.0
9284,15,0.05177567916073302,0.0002094100991869574,-0.0,-0.0,3.0,0,0.0
2636,15,0.05177063306011048,0.00013646814718626388,-0.0,-0.0,5.0,0,0.0
4306,15,0.05174059188412189,7.981583260985303e-06,-0.0,-0.0,7.0,0,0.0
3052,15,0.05173717091498387,0.00018556461480612185,-0.0,-0.0,1.0,0,0.0
2618,15,0.051735765538938015,5.898476680299414e-05,-0.0,-0.0,5.0,0,0.0
1928,15,0.05172755528860223,9.87556852594107e-06,-0.0,-0.0,6.0,0,0.0
3432,15,0.05172555187259629,5.423532957182786e-06,-0.0,-0.0,6.0,0,0.0
7838,15,0.05171875877628062,2.1191960897670725e-05,-0.0,-0.0,5.0,0,0.0
4760,15,0.05171160590609721,5.29669382343112e-06,-0.0,-0.0,5.0,0,0.0
5180,15,0.0517105246709846,6.462234419046808e-05,-0.0,-0.0,3.0,0,0.0
8550,15,0.05170960596359094,6.258077220455682e-05,-0.0,-0.0,3.0,0,0.0
1006,15,0.0516969737183089,3.6449184913633914e-06,-0.0,-0.0,4.0,0,0.0
5795,15,0.05169393518492114,2.7756819604984884e-05,-0.0,-0.0,3.0,0,0.0
2053,15,0.05168846275411148,1.5595862250195047e-05,-0.0,-0.0,3.0,0,0.0
6018,15,0.05167954009071953,2.663191891005834e-05,-0.0,-0.0,2.0,0,0.0
5648,18,0.04732070349303323,0.00021537351243716696,-0.0,-0.0,6.0,0,0.0
8690,18,0.04731609097287375,0.00023598766516919056,-0.0,-0.0,5.0,0,0.0
4978,18,0.047155115609677514,1.7214259676601174e-06,-0.0,-0.0,1.0,0,0.0
3492,215,0.04684974834818412,0.0015798245657239196,-0.0,0.21597719596451487,7.369999885559082,215,1.0
3809,84,0.04654650063602521,0.0007415583404023485,-0.0,0.1623261801753929,3.0299999713897705,84,1.0
9239,21,0.04367413795731761,3.704671384496816e-05,-0.0,-0.0,1.0,0,0.0
3445,2833,0.041899999650011115,0.013763286601460756,0.011992675560016638,0.20035220224517616,7.0,2830,0.9989410518884575
3690,206,0.04022528683582004,0.002228851769784823,-0.0,0.16793614020908193,7.0,206,1.0
3520,229,0.03947588070520158,0.0012194346307972115,-0.0,0.1707504577914919,7.069999933242798,229,1.0
3727,203,0.03830725984107377,0.0011348456716450128,-0.0,0.15774739293159576,7.0,203,1.0
3599,219,0.03561075207902644,0.0025126057769663257,-0.0,0.1390299905186909,7.980000019073486,219,1.0
3732,220,0.034900187131342984,0.0004707076184173875,0.04191259510349149,0.09880173310696247,7.0,220,1.0
3665,202,0.03385941010000038,0.001738032206710871,-0.0,0.12605414993434955,7.0,202,1.0
3442,2355,0.03381675992363885,0.008961466511615668,0.014087037681762294,0.15631401667316897,7.390000104904175,2352,0.9987261146496815
3699,202,0.03376802256395233,0.0015349487932707628,-0.0,0.12605414993434955,7.0,202,1.0
3538,193,0.03374232393460932,0.0008830650788947958,-0.0,0.12564549386424567,7.329999923706055,193,1.0
3523,210,0.03302018240652109,0.000940741736687345,-0.0,0.12456839773061468,7.940000057220459,210,1.0
8282,2606,0.03217482747486975,0.000380121686721302,-0.0,0.1865916381987752,7.0,2606,1.0
3777,203,0.03189004913259609,0.0012506450473477315,-0.0,0.114578775260307,7.430000066757202,203,1.0
3661,182,0.03173845598894867,0.0008332165347942899,-0.0,0.10960866661897999,7.0,182,1.0
3806,182,0.031681776938229156,0.000707263088750909,-0.0,0.10960866661897999,7.0,182,1.0
3748,181,0.03164790315958353,0.00036956901338547343,-0.0,0.11010290933627731,7.2200000286102295,181,1.0
3475,184,0.03137602423322073,0.0005095458939304853,-0.0,0.10863447902724185,7.730000019073486,184,1.0
3677,187,0.031116093001427272,0.0006938629937758289,-0.0,0.10720789299642211,7.0,187,1.0
8284,1917,0.030658104209119342,0.00020752171811178055,-0.0,0.1728064091328156,5.460000038146973,1917,1.0
3593,192,0.030601768010406205,0.000740079298875429,-0.0,0.1049183558263293,7.0,192,1.0
3499,215,0.030345327624131016,0.00045490126537617304,-0.0,0.10935675362053367,7.0,215,1.0
3641,198,0.030123658062071183,0.0010248732785830272,-0.0,0.1023068562647973,7.420000076293945,198,1.0
3488,220,0.03011581278493689,0.0009576133436315359,-0.0,0.10733000428540829,7.299999952316284,220,1.0
3559,198,0.029991061380499315,0.0007431769515188202,-0.0,0.1023068562647973,7.0,198,1.0
3670,200,0.029922271484613412,0.0010284698040166074,-0.0,0.10146734817901847,7.0,200,1.0
3634,199,0.029762581023719363,0.0004554456776746374,-0.0,0.10188522764251226,7.0,199,1.0
3543,221,0.02969838996968592,0.0010509221096698385,-0.0,0.10449864612124016,7.0,221,1.0
3791,200,0.029671540718957237,0.0004712903247806599,-0.0,0.10146734817901847,7.0,200,1.0
3608,202,0.02962151119364119,0.0007909848510097017,-0.0,0.10064263262572512,7.0,202,1.0
3753,201,0.029598361102511846,0.0005250034916541857,-0.0,0.1010531666124885,7.0,201,1.0
3572,200,0.029556173901895258,0.00021491962019848376,-0.0,0.10146734817901847,7.0,200,1.0
3616,224,0.029536767388919943,0.0004700717009537003,-0.0,0.10576633870431558,7.0,224,1.0
3581,204,0.02952810401137827,0.0009948417437852797,-0.0,0.09983231071528315,7.400000095367432,204,1.0
3799,205,0.02938820468643527,0.0009055834351794356,-0.0,0.09943242668660496,7.0,205,1.0
3645,208,0.029037659692931365,0.0007442977814299256,-0.0,0.098253323756233,7.0,208,1.0
3704,218,0.02902362555262347,0.0009960477324406636,-0.0,0.09954981747487347,7.0,218,1.0
3761,208,0.028927114217722892,0.0004986411698555404,-0.0,0.098253323756233,7.0,208,1.0
3685,209,0.028832289187767396,0.0004883491977287768,-0.0,0.09786698885300461,7.069999933242798,209,1.0
3721,211,0.028594576185031324,0.00036260056069203905,-0.0,0.09710410596044933,7.0,211,1.0
3586,212,0.028510757533951055,0.00037412872807884856,-0.0,0.09672747326149633,7.0,212,1.0
3740,213,0.02847976608332422,0.0005014910913403448,-0.0,0.09635399115632139,7.0,213,1.0
3769,214,0.028337910832540003,0.0003809493378414963,-0.0,0.09598361911863894,7.0,214,1.0
3652,217,0.0281509910982675,0.0005405976011654268,-0.0,0.09489076859652149,7.0,217,1.0
3531,216,0.02812210698917644,0.00028622538299971634,-0.0,0.09525204663872609,7.0,216,1.0
3513,217,0.028050770790116572,0.00031788580527447596,-0.0,0.09489076859652149,7.0,217,1.0
3713,219,0.027827798844162165,0.00019838460950272196,-0.0,0.09417703986449333,7.0,219,1.0
3627,222,0.027799738379182103,0.0006893333099271537,-0.0,0.09312796708808119,7.0,222,1.0
3551,222,0.02758779514558829,0.00021834834638534417,-0.0,0.09312796708808119,7.0,222,1.0
3467,228,0.027381025004652716,0.000828668683217626,-0.0,0.09110385536221416,7.0,228,1.0
3506,230,0.02720410201203677,0.0007816711081740646,-0.0,0.09045012215480322,7.0,230,1.0
3808,1054,0.006215711435198798,3.0297182655902866e-05,-0.0,-0.0,3.0,1054,1.0
3749,2304,0.005473031639236059,0.002686983889660377,-0.0,-0.0,7.0,2304,1.0
3664,2517,0.0053201489975928315,0.002747684013524987,-0.0,-0.0,7.0,2517,1.0
3444,3567,0.004861989095275238,0.003146777596404582,-0.0,-0.0,7.0,3567,1.0
3446,2695,0.0046155798436976845,0.0014795266196185874,-0.0,-0.0,7.0,2695,1.0
3739,2708,0.00460356266083775,0.0014733960633224186,-0.0,-0.0,7.0,2708,1.0
3443,2004,0.004578031612986119,2.919749928043114e-05,-0.0,-0.0,7.0,2004,1.0
3611,2345,0.00446485491453552,0.0005278925877584273,-0.0,-0.0,7.0,2345,1.0
3517,2130,0.0044617578620107295,6.893719914247143e-05,-0.0,-0.0,7.0,2130,1.0
3805,2289,0.004412173690325721,0.0002992329880727729,-0.0,-0.0,7.0,2289,1.0
3474,2326,0.004369482459964393,0.0002785448280866465,-0.0,-0.0,7.0,2326,1.0
3566,2399,0.004363201208529485,0.00040587844115080873,-0.0,-0.0,7.0,2399,1.0
3667,2247,0.004362341336906923,0.00010207816357954425,-0.0,-0.0,7.0,2247,1.0
3592,2434,0.004344661270313386,0.0004301556981819443,-0.0,-0.0,7.0,2434,1.0
3485,2296,0.004305997047384633,7.745659892000045e-05,-0.0,-0.0,7.0,2296,1.0
3461,2273,0.004303924007150832,2.6040186043463365e-05,-0.0,-0.0,7.0,2273,1.0
3597,2305,0.0042956632234974045,7.261836646232922e-05,-0.0,-0.0,7.0,2305,1.0
3747,2285,0.004285794871724563,1.026382877622467e-05,-0.0,-0.0,7.0,2285,1.0
3660,2290,0.0042843888123577385,1.729509966619247e-05,-0.0,-0.0,7.0,2290,1.0
3574,2401,0.004278837386628828,0.00022218335854529148,-0.0,-0.0,7.0,2401,1.0
3515,2314,0.004271027192144484,3.589160064876307e-05,-0.0,-0.0,7.0,2314,1.0
3470,2321,0.004270263258065387,4.813697911365544e-05,-0.0,-0.0,7.0,2321,1.0
3553,2457,0.0042576311691136445,0.00027901939799868103,-0.0,-0.0,7.0,2457,1.0
3655,2365,0.004256727278030763,0.00010427655565603544,-0.0,-0.0,7.0,2365,1.0
3477,2368,0.004248480033062754,9.174028490355202e-05,-0.0,-0.0,7.0,2368,1.0
3463,2406,0.004247360460490341,0.0001616641974032662,-0.0,-0.0,7.0,2406,1.0
3535,2363,0.004244937371905253,7.421001223650858e-05,-0.0,-0.0,7.0,2363,1.0
3600,2368,0.004239131922414387,7.096670568496055e-05,-0.0,-0.0,7.0,2368,1.0
3621,2532,0.004238717307539142,0.0003707820394024397,-0.0,-0.0,7.0,2532,1.0
3472,2380,0.004233023541033057,8.044668968198998e-05,-0.0,-0.0,7.0,2380,1.0
3726,2472,0.004232721976881404,0.0002509107135856281,-0.0,-0.0,7.0,2472,1.0
3647,2388,0.004232338112196996,9.419632138774059e-05,-0.0,-0.0,7.0,2388,1.0
3539,2534,0.004225079864214425,0.0003439629096603225,-0.0,-0.0,7.0,2534,1.0
3765,2515,0.004218242179187641,0.00029548050123451297,-0.0,-0.0,7.0,2515,1.0
3454,2498,0.004218106782521709,0.0002650746659089709,-0.0,-0.0,7.0,2498,1.0
3676,2363,0.004216581115191589,1.119610842836849e-05,-0.0,-0.0,7.0,2363,1.0
3636,2404,0.004214417986546291,8.46904046312158e-05,-0.0,-0.0,7.0,2404,1.0
3537,2404,0.004181998604811042,1.2647334108439878e-05,-0.0,-0.0,7.0,2404,1.0
3691,2712,0.0041813760239167285,0.0005415043077370285,-0.0,-0.0,7.0,2712,1.0
3722,2450,0.00417687965532337,8.677167753845527e-05,-0.0,-0.0,7.0,2450,1.0
3459,2473,0.004174862053084693,0.00012414062488008692,-0.0,-0.0,7.0,2473,1.0
3533,2456,0.004170270420479691,8.305919311368815e-05,-0.0,-0.0,7.0,2456,1.0
3787,2620,0.004169809573214151,0.00036725338926468787,-0.0,-0.0,7.0,2620,1.0
3483,2456,0.004162015023999624,6.471386760242837e-05,-0.0,-0.0,7.0,2456,1.0
3563,2465,0.00415483345562427,6.514169077387333e-05,-0.0,-0.0,7.0,2465,1.0
3801,2484,0.004149955545142124,8.860345198724584e-05,-0.0,-0.0,7.0,2484,1.0
3558,2517,0.004148951604462462,0.00014502313990194526,-0.0,-0.0,7.0,2517,1.0
3790,2533,0.004143757992210138,0.00016150500473754992,-0.0,-0.0,7.0,2533,1.0
3466,2880,0.004142352148720388,0.0007074443644411454,-0.0,-0.0,7.0,2880,1.0
3629,2490,0.004139891478492141,7.698927997534799e-05,-0.0,-0.0,7.0,2490,1.0
3662,2491,0.004135686381274403,6.943257899527655e-05,-0.0,-0.0,7.0,2491,1.0
3642,2504,0.004129749058000516,7.938444642474618e-05,-0.0,-0.0,7.0,2504,1.0
3776,2561,0.004123829698927285,0.00016562714628631792,-0.0,-0.0,7.0,2561,1.0
3617,2520,0.004122588262423631,9.171261278539955e-05,-0.0,-0.0,7.0,2520,1.0
3588,2518,0.0041209363278655,8.452624285082422e-05,-0.0,-0.0,7.0,2518,1.0
3583,2508,0.0041145537797501915,5.2702751941358095e-05,-0.0,-0.0,7.0,2508,1.0
3556,2516,0.004112731008055114,6.277260375198157e-05,-0.0,-0.0,7.0,2516,1.0
3700,2525,0.00410910278547525,7.051511647349074e-05,-0.0,-0.0,7.0,2525,1.0
3681,2647,0.004106760719842935,0.00027154231429860065,-0.0,-0.0,7.0,2647,1.0
3633,2507,0.004099729659190586,1.7990454091787456e-05,-0.0,-0.0,7.0,2507,1.0
3564,2510,0.004094533124102784,1.1748848003478862e-05,-0.0,-0.0,7.0,2510,1.0
3734,2599,0.00409243501141383,0.000160301279880537,-0.0,-0.0,7.0,2599,1.0
3640,2513,0.004087550338696204,1.5282920844406078e-06,-0.0,-0.0,7.0,2513,1.0
3745,2598,0.004085825846244161,0.00014393658823819155,-0.0,-0.0,7.0,2598,1.0
3698,2529,0.004082218041447729,1.776869054714858e-05,-0.0,-0.0,7.0,2529,1.0
3578,2660,0.004081213087382131,0.00023590487447222586,-0.0,-0.0,7.0,2660,1.0
3624,2555,0.004077614088677628,5.2619833801670346e-05,-0.0,-0.0,7.0,2555,1.0
3689,2532,0.004076897561198329,1.1182603089521237e-05,-0.0,-0.0,7.0,2532,1.0
3501,2565,0.004076317334491314,6.689465305587117e-05,-0.0,-0.0,7.0,2565,1.0
3571,2535,0.004070939399369167,3.1701458936828075e-06,-0.0,-0.0,7.0,2535,1.0
3607,2536,0.004070128332060425,3.1083464233638836e-06,-0.0,-0.0,7.0,2536,1.0
3528,2577,0.004069160784951435,7.144703915451522e-05,-0.0,-0.0,7.0,2577,1.0
3669,2541,0.004068940552981958,9.156281042144165e-06,-0.0,-0.0,7.0,2541,1.0
3451,2727,0.004065058079423465,0.00030652428087052375,-0.0,-0.0,7.0,2727,1.0
3729,2589,0.004061351419250364,7.440633838806665e-05,-0.0,-0.0,7.0,2589,1.0
3752,2553,0.00405788971352379,5.344499251491719e-06,-0.0,-0.0,7.0,2553,1.0
3649,2603,0.004057203351452699,8.870966348883957e-05,-0.0,-0.0,7.0,2603,1.0
3448,2647,0.004056771443307274,0.00016045503310824216,-0.0,-0.0,7.0,2647,1.0
3779,2742,0.0040548842577868725,0.0003072269489013957,-0.0,-0.0,7.0,2742,1.0
3651,2755,0.004054583218154196,0.00032660678861384795,-0.0,-0.0,7.0,2755,1.0
3494,2591,0.004051754682058825,5.6452102866422216e-05,-0.0,-0.0,7.0,2591,1.0
3674,2620,0.004043887166269355,8.74258182762544e-05,-0.0,-0.0,7.0,2620,1.0
3679,2615,0.004042873978645085,7.687716389148669e-05,-0.0,-0.0,7.0,2615,1.0
3673,2605,0.004040382672996447,5.46750694194742e-05,-0.0,-0.0,7.0,2605,1.0
3715,2616,0.004039858537982241,7.18375127358728e-05,-0.0,-0.0,7.0,2616,1.0
3686,2704,0.0040396187223249325,0.00021387256433080815,-0.0,-0.0,7.0,2704,1.0
3708,2616,0.004037080035053556,6.566306178323877e-05,-0.0,-0.0,7.0,2616,1.0
3491,2584,0.004035801859278333,9.182800517648637e-06,-0.0,-0.0,7.0,2584,1.0
3658,2719,0.004031307690715464,0.00021901199725893328,-0.0,-0.0,7.0,2719,1.0
3547,2770,0.004030803009243309,0.00029671952386345346,-0.0,-0.0,7.0,2770,1.0
3773,2778,0.00402778577504688,0.0003021825352078622,-0.0,-0.0,7.0,2778,1.0
3569,2639,0.004027463135930694,8.224170775428252e-05,-0.0,-0.0,7.0,2639,1.0
3580,2593,0.004027375849974001,5.64486573351175e-06,-0.0,-0.0,7.0,2593,1.0
3544,2705,0.0040271672877779715,0.0001877827095269069,-0.0,-0.0,7.0,2705,1.0
3798,2596,0.004026385416653399,8.488521193061871e-06,-0.0,-0.0,7.0,2596,1.0
3479,2649,0.004026224768946765,9.583520851230709e-05,-0.0,-0.0,7.0,2649,1.0
3771,2644,0.0040255733279815735,8.622643963840382e-05,-0.0,-0.0,7.0,2644,1.0
3763,2637,0.004025345812196323,7.425630606117117e-05,-0.0,-0.0,7.0,2637,1.0
3785,2649,0.004024425690009939,9.183725531936027e-05,-0.0,-0.0,7.0,2649,1.0
3710,2664,0.004024405601661776,0.00011613797328646758,-0.0,-0.0,7.0,2664,1.0
3743,2647,0.004015953948526793,6.974948915161594e-05,-0.0,-0.0,7.0,2647,1.0
3768,2718,0.004012309513493609,0.00017522601544106564,-0.0,-0.0,7.0,2718,1.0
3603,2685,0.004010563193409863,0.00011911722012292181,-0.0,-0.0,7.0,2685,1.0
3644,2629,0.004009503441117249,2.589267557551178e-05,-0.0,-0.0,7.0,2629,1.0
3497,2672,0.004008203931843638,9.303454877940265e-05,-0.0,-0.0,7.0,2672,1.0
3755,2656,0.004006195130077002,6.271173182914591e-05,-0.0,-0.0,7.0,2656,1.0
3695,2754,0.004004597957224462,0.00021399125593046797,-0.0,-0.0,7.0,2754,1.0
3590,2672,0.003999302350361564,7.325325659701676e-05,-0.0,-0.0,7.0,2672,1.0
3760,2631,0.003998332591813186,4.3637820922315385e-06,-0.0,-0.0,7.0,2631,1.0
3521,2663,0.003997381476786662,5.4467740603802994e-05,-0.0,-0.0,7.0,2663,1.0
3524,2637,0.003995482352705625,7.89306274850965e-06,-0.0,-0.0,7.0,2637,1.0
3782,2740,0.0039931522782910844,0.00016694768125447013,-0.0,-0.0,7.0,2740,1.0
3489,2671,0.003986314733003315,4.2782519038442324e-05,-0.0,-0.0,7.0,2671,1.0
3613,2690,0.003985379254884695,7.11279916977281e-05,-0.0,-0.0,7.0,2690,1.0
3705,2759,0.003985051420094574,0.00017823202254818593,-0.0,-0.0,7.0,2759,1.0
3503,2686,0.003981737036221171,5.6655890230183914e-05,-0.0,-0.0,7.0,2686,1.0
3684,2655,0.003980668101876746,4.361069756986247e-06,-0.0,-0.0,7.0,2655,1.0
3585,2662,0.003976401130809005,6.2272168348531665e-06,-0.0,-0.0,7.0,2662,1.0
3720,2678,0.003963219845512827,2.707168553439665e-06,-0.0,-0.0,7.0,2678,1.0
3804,2746,0.003962417435286762,0.00010792914932111763,-0.0,-0.0,7.0,2746,1.0
3526,2727,0.003962323976313446,7.822627395936976e-05,-0.0,-0.0,7.0,2727,1.0
3718,2728,0.003947100211106949,4.5955741216241464e-05,-0.0,-0.0,7.0,2728,1.0
3598,2707,0.003944812523902154,7.92949569816681e-06,-0.0,-0.0,7.0,2707,1.0
3619,2709,0.003942957370297648,6.960807512279565e-06,-0.0,-0.0,7.0,2709,1.0
3498,2714,0.00393936306626751,6.8428957946675695e-06,-0.0,-0.0,7.0,2714,1.0
3738,2752,0.003937082865551178,6.08808555863094e-05,-0.0,-0.0,7.0,2752,1.0
3724,2754,0.003933345695680992,5.565289694497988e-05,-0.0,-0.0,7.0,2754,1.0
3757,2827,0.003924885373213873,0.00014691325504589958,-0.0,-0.0,7.0,2827,1.0
3794,2777,0.00392401288143323,7.005798393522333e-05,-0.0,-0.0,7.0,2777,1.0
3796,2774,0.003921654092590621,6.025694351596833e-05,-0.0,-0.0,7.0,2774,1.0
3457,2793,0.003918306727034516,8.156964837624514e-05,-0.0,-0.0,7.0,2793,1.0
3530,2750,0.0039139650293478915,6.427666985109326e-06,-0.0,-0.0,7.0,2750,1.0
3512,2755,0.00391342045073358,1.2911749901367564e-05,-0.0,-0.0,7.0,2755,1.0
3712,2768,0.0038997545343999974,2.4504573983286093e-06,-0.0,-0.0,7.0,2768,1.0
3487,2778,0.0038969508969241423,1.1438361601778801e-05,-0.0,-0.0,7.0,2778,1.0
3702,2814,0.003894768294885672,6.070037161420849e-05,-0.0,-0.0,7.0,2814,1.0
3731,2780,0.003891994816258823,3.458633293762503e-06,-0.0,-0.0,7.0,2780,1.0
3542,2786,0.0038900076434494084,8.124437442469379e-06,-0.0,-0.0,7.0,2786,1.0
3638,2825,0.0038884141492984033,6.290767453731583e-05,-0.0,-0.0,7.0,2825,1.0
3615,2802,0.0038762987826623132,1.735512776823711e-06,-0.0,-0.0,7.0,2802,1.0
3631,2850,0.0038716984356505614,6.251770467013973e-05,-0.0,-0.0,7.0,2850,1.0
3626,2820,0.003866396268091082,6.569244656251527e-06,-0.0,-0.0,7.0,2820,1.0
3511,2881,0.0038658666203782856,9.446950582892022e-05,-0.0,-0.0,7.0,2881,1.0
3550,2824,0.0038648275314512115,9.01258167573804e-06,-0.0,-0.0,7.0,2824,1.0
3519,2829,0.0038638138412481803,1.4154018024958859e-05,-0.0,-0.0,7.0,2829,1.0
3508,2906,0.0038314987765044346,5.379069296418404e-05,-0.0,-0.0,7.0,2906,1.0
3505,2917,0.0038034330420937076,6.982263705102021e-06,-0.0,-0.0,7.0,2917,1.0
